,Unnamed: 0.2,Unnamed: 0.1,Unnamed: 0,id,longitude,latitude,date,UB,B,GR,R,NIR,SWIR_1,SWIR_2,ST_B10,pixel_qa,ALFA,NDVI_model,EVI,SAVI,T_LST,LAI,e_0,e_NB,longitude.1,latitude.1,NDVI_neg,pos_NDVI,int,sd_ndvi,NDWI,LST_neg,LST_NW,T_LST_DEM,LST_neg_1,LST_NW_1,Tao_sw,EA,W_ATM,Rl_up,Rs_down,Tao_sw_1,ES,EA_1,Rl_down,Rn,Ginst,zom,u_fr,Hinst,rah,dT,rah_first,zom_1,u_fr_1,ufric_star,constant,constant_1,ET_inst,ET_24h,LEinst,EF,id.1,longitude.2,latitude.2,Rn24h_G,AirT_G,RH_G,ux_G,SW_Down,cold_pixel_lat,cold_pixel_lon,cold_pixel_ndvi,cold_pixel_sum,cold_pixel_temp,hot_pixel_sum,hot_pixel_lat,hot_pixel_lon,hot_pixel_ndvi,hot_pixel_Rn,hot_pixel_G,hot_pixel_temp,LE_daily_orig,Datetime_Local_sebal,Datetime_GMT,Date_daily,LE_closed,LE_unclosed,H_closed,H_unclosed,G_unclosed,Rn_unclosed,Residual_unclosed,Residual_closed,TIMESTAMP_START,TIMESTAMP_END,CO2,H2O,FC,FC_SSITC_TEST,LE_inst_af,LE_SSITC_TEST,H_inst_af,H_SSITC_TEST,G_inst_af,FETCH_MAX,FETCH_90,WD,WS,USTAR,ZL,TAU,TAU_SSITC_TEST,MO_LENGTH,U_SIGMA,V_SIGMA,W_SIGMA,PA,TA_1_1_1,RH_1_1_1,TA_1_1_2,VPD_PI,T_SONIC,T_SONIC_SIGMA,TS_1_1_1,TS_1_1_2,TS_1_1_3,SWC_1_1_1,SWC_1_1_2,Rn_inst_af,SW_IN_2_1_1,P_1_1_1,P_2_1_1,P_PI_1,State,Veg,MAT,MAP,Lat,Long,Elev_insitu,Name,Datetime,Datetime_Local_flux,Date
0,0,0,0,LC08_028040_20210116,-99.95756287336845,29.35833587371635,2021-01-16 17:09:44.644000000,0.0553374999999999,0.0713424999999999,0.0951024999999999,0.1157,0.179775,0.2498449999999999,0.1915175,293.33956658,21824.0,0.13536769,0.2168542177849225,0.1196405648267008,0.1208240359533611,293.33956658,0.0394867023974989,0.9503948670239748,0.9701303061179116,-99.95771415558715,29.35835258968116,-0.2168542146682739,0.2168542146682739,1,1,-0.3080372165782941,-293.33956658,293.33956658,296.0978608533455,-296.0978608533455,296.0978608533455,0.7453049939328997,0.4106146035491748,7.707833774461887,398.99708682470987,601.3108785246317,0.7453049939328997,1.5712256036986492,0.4106146035491748,293.90085230287315,400.23758854479377,44.00629172272416,0.005916744375415,0.2567300905376721,291.665254827299,16.26734342779759,3.9064558826711817,28.46048963928066,0.005916744375415,0.2567300905376721,0.3527856714476173,0.4416176378726959,-126.85558319091795,0.0949958483385343,0.4818380620538341,64.56604199477061,0.1812475281390564,0,-99.95756287336845,29.35833587371635,75.2865347564016,13.734073580614854,26.1333956487593,1.7717564304444782,185.04428585688635,29.52722295356984,-98.97327184596342,0.6843488812446594,467763,287.25207296,800780,28.59718434544498,-99.70252064443928,0.1727492809295654,340.959977157811,46.48680705994452,296.5730135,13.664927439846736,2021-01-16 17:09:44.644000+00:00,2021-01-16 17:00:00+00:00,,,,,,,,,,,,,,,,,,,,,,,,,,,,,,,,,,,,,,,,,,,,,,,,,,,,,,,,,US-EA5,,,2021-01-16
1,1,0,0,LC08_028040_20210201,-99.95756287336845,29.35833587371635,2021-02-01 17:09:42.710000128,0.0545125,0.0673274999999999,0.0879249999999999,0.1069275,0.169435,0.2488825,0.19622,298.2478433,21824.0,0.1293812975,0.2261793839612827,0.11965047112702,0.1207699367241462,298.2478433,0.0393822586383269,0.9503938225863832,0.9701299614535064,-99.95771415558715,29.35835258968116,-0.2261793911457061,0.2261793911457061,1,1,-0.3167158843643147,-298.2478433,298.2478433,301.0783075102651,-301.0783075102651,301.0783075102651,0.7492930026857547,0.5059547961806953,9.00991106952505,426.3791025699958,647.4621553650255,0.7492930026857547,1.635723603684349,0.5059547961806953,303.5014773489918,425.75948827007903,56.42418870071637,0.0059149457356928,0.0421143279757973,454.4154090546115,13.250442857333004,5.031290639557653,173.49592010676443,0.0059149457356928,0.0421143279757973,0.1053036630834232,0.4417603313922882,-127.97315979003906,-0.1257826233891922,-0.7485135565855621,-85.08010948524884,-0.2303600808924857,0,-99.95756287336845,29.35833587371635,91.57746091507276,14.354213276435026,30.931558060363542,0.2906496339983281,201.2023696975837,29.77865631464778,-99.94089562663127,0.6975670456886292,409654,289.68912122,699729,28.19184809073476,-100.13936172632302,0.2129377722740173,395.012177267598,57.7643870248401,299.90216498,-21.22784446476654,2021-02-01 17:09:42.710000128+00:00,2021-02-01 17:00:00+00:00,,,,,,,,,,,,,,,,,,,,,,,,,,,,,,,,,,,,,,,,,,,,,,,,,,,,,,,,,US-EA5,,,2021-02-01
2,2,0,0,LC08_028040_20210305,-99.95756287336845,29.35833587371635,2021-03-05 17:09:31.779000064,,,,,,,,,,,,,,,,,,-99.95771415558715,29.35835258968116,,,1,1,,,,,,,0.7669013801927933,0.6047231347256566,10.358807138862211,,787.452728473268,0.7669013801927933,2.676509875104752,0.6047231347256566,322.63621360470654,,,,,,,,,,,,0.2321949005126953,-68.42941284179688,,,,,0,-99.95756287336845,29.35833587371635,,22.20108187348436,22.59371954314158,3.405613066040937,247.3439392562275,29.821214301546004,-100.140304117861,0.5548889636993408,217972,294.70677458,373277,28.3194169285882,-99.99690094432972,0.1785721182823181,454.6662617162776,86.62619380014213,307.6473983,,2021-03-05 17:09:31.779000064+00:00,2021-03-05 17:00:00+00:00,,,,,,,,,,,,,,,,,,,,,,,,,,,,,,,,,,,,,,,,,,,,,,,,,,,,,,,,,US-EA5,,,2021-03-05
3,3,1,1,LC08_028040_20210321,-99.95756287336845,29.35833587371635,2021-03-21 17:09:23.796000000,0.0450524999999999,0.0571249999999999,0.0894375,0.0955699999999999,0.209915,0.2482225,0.180105,306.7074428,21824.0,0.1357769175,0.3743064307576477,0.2109845947756196,0.212936926199743,306.7074428,0.2334877193009305,0.9523348771930092,0.970770509473693,-99.95771415558715,29.35835258968116,-0.3743064403533935,0.3743064403533935,1,1,-0.4024603101694491,-306.7074428,306.7074428,309.5011473722229,-309.5011473722229,309.5011473722229,0.7582923573078209,1.0595373097331646,16.570282010105256,477.8262545701595,838.4979015626695,0.7582923573078209,2.097860402806214,1.0595373097331646,323.8330714410469,555.2205149099566,95.1083100552815,0.0099290102881693,0.5738499773250401,235.7902530510564,10.455961978535765,2.1540215926296185,12.732707799168148,0.0099290102881693,0.5738499773250401,0.6703486315140824,0.1455637216567993,-42.89812088012695,0.3343687501744871,2.686161768967392,224.3219518036187,0.4875374950648615,1,-99.95756287336845,29.35833587371635,154.01357202576492,18.25914088988782,50.50561554600435,3.763683839033667,271.7923087092076,29.778634197442265,-99.94399883500536,0.6293106079101562,454431,294.70335656,721105,28.55950527600842,-100.53031661142882,0.190798133611679,447.3221222950784,103.01014378949674,313.9878254,76.17954776791522,2021-03-21 17:09:23.796000+00:00,2021-03-21 17:00:00+00:00,,,,,,,,,,,,,,,,,,,,,,,,,,,,,,,,,,,,,,,,,,,,,,,,,,,,,,,,,US-EA5,,,2021-03-21
4,4,0,0,LC08_028040_20210406,-99.95756287336845,29.35833587371635,2021-04-06 17:09:19.762000128,0.04497,0.060315,0.0892175,0.0954324999999999,0.23329,0.24759,0.1658049999999999,314.86967456,21824.0,0.1419762975,0.4193734837134666,0.254627278083667,0.2495241169390236,314.86967456,0.3211723538819583,0.9532117235388196,0.9710598687678104,-99.95771415558715,29.35835258968116,-0.419373482465744,0.419373482465744,1,1,-0.4467260451307334,-314.86967456,314.86967456,317.63117332377647,-317.63117332377647,317.63117332377647,0.7482669749585492,1.653788411306509,24.68607080356226,531.2461248068865,874.7862991808754,0.7482669749585492,3.237420538723683,1.653788411306509,354.075924510232,556.8505767785603,116.50487942687556,0.0121956681154195,0.6829119092161127,229.2297003282948,9.154773459876042,1.897708172314296,10.699277583584728,0.0121956681154195,0.6829119092161127,0.776914478351189,0.114359550178051,-34.426448822021484,0.3172053210850849,2.744480260653268,211.11599702338995,0.479432405705513,0,-99.95756287336845,29.35833587371635,158.74577047226504,25.36559672633452,51.08352132585459,4.386055865147923,270.07517139593665,29.66243364922229,-99.51016249327807,0.6371272802352905,461561,301.03694762,800955,28.50725918707567,-99.84906820660316,0.206534743309021,417.7416705856415,118.28211140142432,322.25601578,77.83346019212668,2021-04-06 17:09:19.762000128+00:00,2021-04-06 17:00:00+00:00,,,,,,,,,,,,,,,,,,,,,,,,,,,,,,,,,,,,,,,,,,,,,,,,,,,,,,,,,US-EA5,,,2021-04-06
5,5,0,0,LC08_028040_20210508,-99.95756287336845,29.35833587371635,2021-05-08 17:09:05.423000064,0.0448325,0.0569049999999999,0.0965874999999999,0.091115,0.2901875,0.2537225,0.1644574999999999,315.09526388,21824.0,0.158436945,0.522085483310495,0.3529428972618769,0.3388266230947943,315.09526388,0.5701565759239574,0.9557015657592396,0.971881516700549,-99.95771415558715,29.35835258968116,-0.5220854878425598,0.5220854878425598,1,1,-0.5005494150345808,-315.09526388,315.09526388,317.83528630856006,-317.83528630856006,317.83528630856006,0.7500372312420938,1.910176832888948,28.187611268765867,534.1618387661953,926.1808300892706,0.7500372312420938,3.5290904683460944,1.910176832888948,383.1435913838313,611.4486602823129,125.96855194272062,0.0201450963362708,0.8048101501362366,173.6348179593226,8.12366303949988,1.279949756571213,9.078742459451025,0.0201450963362708,0.8048101501362366,0.8868310703804998,0.119120217859745,-36.580657958984375,0.4686470316734937,3.855132330240129,311.8452903802696,0.642344114667896,0,-99.95756287336845,29.35833587371635,166.4001134166629,26.825924019211087,54.126604291449375,4.901651595391834,291.07021327885246,29.260929150413567,-98.80906681816415,0.8126481771469116,317754,307.09026104,498011,28.42079205935211,-100.58558660162558,0.1929196119308471,416.9312598757127,136.29367282772225,325.79024846,109.33155288561004,2021-05-08 17:09:05.423000064+00:00,2021-05-08 17:00:00+00:00,,,,,,,,,,,,,,,,,,,,,,,,,,,,,,,,,,,,,,,,,,,,,,,,,,,,,,,,,US-EA5,,,2021-05-08
6,6,0,0,LC08_028040_20210609,-99.95756287336845,29.35833587371635,2021-06-09 17:09:23.264000000,,,,,,,,,,,,,,,,,,-99.95771415558715,29.35835258968116,,,1,1,,,,,,,0.7331735697949229,2.842178022655492,40.916110705064085,,908.311359060792,0.7331735697949229,4.003455984902461,2.842178022655492,365.8558470365392,,,,,,,,,,,,0.148725152015686,-45.07067108154297,,,,,0,-99.95756287336845,29.35833587371635,,28.9904004714231,70.99311278489648,3.1347243736457955,238.1867117816257,28.70999058878377,-99.10187304519584,0.8379266858100891,88973,303.04674338,147750,28.21893928410401,-99.79235811559433,0.2806221544742584,463.35838349635833,129.34814991157148,321.77407496,,2021-06-09 17:09:23.264000+00:00,2021-06-09 17:00:00+00:00,,,,,,,,,,,,,,,,,,,,,,,,,,,,,,,,,,,,,,,,,,,,,,,,,,,,,,,,,US-EA5,,,2021-06-09
7,7,1,1,LC08_028040_20210625,-99.95756287336845,29.35833587371635,2021-06-25 17:09:27.824999936,,,,,,,,,,,,,,,,,,-99.95771415558715,29.35835258968116,,,1,1,,,,,,,0.7412812410338045,2.380354376896262,34.608906294533234,,912.5280773861756,0.7412812410338045,4.611499092905812,2.380354376896262,384.5943682867921,,,,,,,,,,,,0.1837219446897506,-56.42173004150391,,,,,1,-99.95756287336845,29.35833587371635,,31.4596418675291,51.617799959196034,3.781644585190268,300.83028283922295,28.57647790741737,-98.883633350849,0.8296018242835999,311926,307.10393312,540025,28.469485462133207,-99.41024153031788,0.2284454107284546,438.8471065335912,129.779056163467,321.26478998,,2021-06-25 17:09:27.824999936+00:00,2021-06-25 17:00:00+00:00,,,,,,,,,,,,,,,,,,,,,,,,,,,,,,,,,,,,,,,,,,,,,,,,,,,,,,,,,US-EA5,,,2021-06-25
8,8,0,0,LC08_028040_20210727,-99.95756287336845,29.35833587371635,2021-07-27 17:09:36.292000000,,,,,,,,,,,,,,,,,,-99.95771415558715,29.35835258968116,,,1,1,,,,,,,0.7414256824311465,2.2712603487247542,33.118990518318,,898.3476861579771,0.7414256824311465,4.574043925281621,2.2712603487247542,376.8070750200727,,,,,,,,,,,,0.2027292102575302,-61.942264556884766,,,,,0,-99.95756287336845,29.35833587371635,,31.31597880057994,49.6554118374566,1.4626775083922403,312.7476798132286,28.70730232516379,-99.07115574554072,0.7839369177818298,316034,305.54189798,552239,28.74888138671458,-100.76408365755368,0.240746796131134,427.8794745870405,132.14671571656106,324.20086916,,2021-07-27 17:09:36.292000+00:00,2021-07-27 17:00:00+00:00,,,,,,,,,,,,,,,,,,,,,,,,,,,,,,,,,,,,,,,,,,,,,,,,,,,,,,,,,US-EA5,,,2021-07-27
9,9,0,0,LC08_028040_20210812,-99.95756287336845,29.35833587371635,2021-08-12 17:09:42.923000064,0.0542374999999999,0.0671625,0.1002449999999999,0.107945,0.26948,0.255895,0.1639625,317.44686164,21824.0,0.1587866625,0.4279923163542425,0.2857142857142857,0.2761518078468244,317.44686164,0.3896959515828692,0.9538969595158286,0.9712859966402234,-99.95771415558715,29.35835258968116,-0.4279923141002655,0.4279923141002655,1,1,-0.4577320981810806,-317.44686164,317.44686164,320.4486554376461,-320.4486554376461,320.4486554376461,0.7389220428440813,2.305875790802596,33.59173952316142,549.2482412555672,885.2254906509693,0.7389220428440813,4.497114913073295,2.305875790802596,393.39299405686,570.6716291006767,129.87007440206824,0.0141643527564279,0.4599631374111423,295.60723043749744,11.823507334523942,3.181002158857595,15.885325339251857,0.0141643527564279,0.4599631374111423,0.5710447787655943,0.2724223732948303,-84.11637878417969,0.2187642696157045,2.1157822568734748,145.19432426111103,0.3293870511876609,0,-99.95756287336845,29.35833587371635,177.6341473769715,31.01767496220957,51.27455791933004,2.908597738687892,305.14689655377674,28.844544346702435,-99.1336814026359,0.9249876737594604,365357,308.77192688,738234,29.365872782589715,-99.45953088066828,0.2628653347492218,480.5708113839673,136.47890084066344,323.39763446,60.00358480493174,2021-08-12 17:09:42.923000064+00:00,2021-08-12 17:00:00+00:00,,,,,,,,,,,,,,,,,,,,,,,,,,,,,,,,,,,,,,,,,,,,,,,,,,,,,,,,,US-EA5,,,2021-08-12
10,10,1,1,LC08_028040_20210828,-99.95756287336845,29.35833587371635,2021-08-28 17:09:47.423000064,,,,,,,,,,,,,,,,,,-99.95771415558715,29.35835258968116,,,1,1,,,,,,,0.7314054909727663,2.5471684491285727,36.88711457118515,,860.4554215182155,0.7314054909727663,3.8529464217684826,2.5471684491285727,386.6818936390348,,,,,,,,,,,,0.1558707803487777,-47.886112213134766,,,,,1,-99.95756287336845,29.35833587371635,,28.32900010335628,66.1096254735729,2.354291671922126,218.6816884765552,29.59422967142516,-99.82765920317937,0.8830675482749939,167190,307.21672778,289691,29.363165226864407,-99.45951872445742,0.2639131546020508,359.8698171495848,122.70184400455504,329.17750628,,2021-08-28 17:09:47.423000064+00:00,2021-08-28 17:00:00+00:00,,,,,,,,,,,,,,,,,,,,,,,,,,,,,,,,,,,,,,,,,,,,,,,,,,,,,,,,,US-EA5,,,2021-08-28
11,11,0,0,LC08_028040_20210913,-99.95756287336845,29.35833587371635,2021-09-13 17:09:51.798000128,,,,,,,,,,,,,,,,,,-99.95771415558715,29.35835258968116,,,1,1,,,,,,,0.7292036119246237,2.437770978464446,35.393054629019645,,832.8431734086282,0.7292036119246237,3.915480575735197,2.437770978464446,372.86702672816335,,,,,,,,,,,,0.1364198178052902,-41.52203369140625,,,,,0,-99.95756287336845,29.35833587371635,,28.60648407732542,62.25981539971535,2.206590427766927,193.28544023403964,29.452684524737457,-99.72565938534824,0.7838938236236572,64015,304.36951711999995,111512,28.90356367192465,-99.1448349873239,0.297538161277771,400.916623559252,115.10115647626412,324.31708184,,2021-09-13 17:09:51.798000128+00:00,2021-09-13 17:00:00+00:00,,,,,,,,,,,,,,,,,,,,,,,,,,,,,,,,,,,,,,,,,,,,,,,,,,,,,,,,,US-EA5,,,2021-09-13
12,12,1,1,LC08_028040_20210929,-99.95756287336845,29.35833587371635,2021-09-29 17:09:55.911000064,,,,,,,,,,,,,,,,,,-99.95771415558715,29.35835258968116,,,1,1,,,,,,,0.7228615461879944,2.444351856896474,35.48293080979297,,789.5754653978707,0.7228615461879944,4.432865128373457,2.444351856896474,352.7031543263198,,,,,,,,,,,,0.3146948218345642,-94.40347290039062,,,,,1,-99.95756287336845,29.35833587371635,,30.76511867147205,55.14157968062013,2.021283344864797,208.6380515066399,28.642309483334888,-98.9237721986865,0.7801627516746521,103392,299.98419746,167846,28.471632111033355,-100.13070583831517,0.2673089206218719,427.5232580040373,97.66457694444549,312.80177246,,2021-09-29 17:09:55.911000064+00:00,2021-09-29 17:00:00+00:00,,,,,,,,,,,,,,,,,,,,,,,,,,,,,,,,,,,,,,,,,,,,,,,,,,,,,,,,,US-EA5,,,2021-09-29
13,13,0,0,LC08_028040_20211015,-99.95756287336845,29.35833587371635,2021-10-15 17:10:00.417999872,,,,,,,,,,,,,,,,,,-99.95771415558715,29.35835258968116,,,1,1,,,,,,,0.7083912412858451,2.7689061897391944,39.91542476795144,,727.916613689537,0.7083912412858451,3.653878528824308,2.7689061897391944,359.2068934364342,,,,,,,,,,,,0.2898053824901581,-87.21636962890625,,,,,0,-99.95756287336845,29.35833587371635,,27.41877895596117,75.77991900650659,1.2486967943800245,173.25784147003503,29.55741656380569,-99.86885434702634,0.843769907951355,81060,300.9480791,145574,28.30395394259694,-100.8747650955406,0.2019217759370803,331.9683626848061,84.44396062713552,311.79687458,,2021-10-15 17:10:00.417999872+00:00,2021-10-15 17:00:00+00:00,,,,,,,,,,,,,,,,,,,,,,,,,,,,,,,,,,,,,,,,,,,,,,,,,,,,,,,,,US-EA5,,,2021-10-15
14,14,0,0,LC08_028040_20211116,-99.95756287336845,29.35833587371635,2021-11-16 17:09:55.263000064,0.0358125,0.0507449999999999,0.0826724999999999,0.08677,0.26343,0.234005,0.1479025,301.01985752,21824.0,0.1434403425,0.5044545973729296,0.314685999804056,0.3116796047988707,301.01985752,0.488330872465267,0.9548833087246528,0.9716114918791352,-99.95771415558715,29.35835258968116,-0.5044546127319336,0.5044546127319336,1,1,-0.522265802760743,-301.01985752,301.01985752,303.24241965905094,-303.24241965905094,303.24241965905094,0.7086188027849184,1.7517623019342372,26.02411696200048,444.5431722250456,623.7565676567208,0.7086188027849184,2.642718066318967,1.7517623019342372,340.63503285256985,415.00824696816346,56.85985940508586,0.0172946059476453,0.5030777817682215,129.48428036656867,12.053422637341022,1.334317924082768,14.523925219192718,0.0172946059476453,0.5030777817682215,0.5855323685634019,0.213292047381401,-63.34487915039063,0.3387683602864352,1.4786174639932923,228.6641071965089,0.6384619200784096,0,-99.95756287336845,29.35833587371635,65.13354977326883,21.99247064587048,66.28638613631082,3.114760806352696,160.31312128555544,29.77865631464778,-99.94089562663127,0.7396467328071594,406674,296.98659392,702397,28.59713635662437,-99.7117247314636,0.2044585943222046,325.19233047475683,64.38325487587193,309.03853244,41.93359127884977,2021-11-16 17:09:55.263000064+00:00,2021-11-16 17:00:00+00:00,,,,,,,,,,,,,,,,,,,,,,,,,,,,,,,,,,,,,,,,,,,,,,,,,,,,,,,,,US-EA5,,,2021-11-16
15,15,0,0,LC08_028040_20211202,-99.95756287336845,29.35833587371635,2021-12-02 17:09:56.787000064,,,,,,,,,,,,,,,,,,-99.95771415558715,29.35835258968116,,,1,1,,,,,,,0.6980223071125817,1.776175565110345,26.35753306703048,,572.3683109687418,0.6980223071125817,2.584191639126308,1.776175565110345,312.72728351544805,,,,,,,,,,,,0.2983240783214569,-86.64149475097656,,,,,0,-99.95756287336845,29.35833587371635,,21.62558564326298,68.73234702171138,1.5878792447048895,143.15929235400134,29.553468595703368,-98.7218114420531,0.7717047929763794,90970,290.42741354,158173,28.70626926901509,-99.25451964718988,0.2276773154735565,296.71449449679346,48.86475373153938,302.49302414,,2021-12-02 17:09:56.787000064+00:00,2021-12-02 17:00:00+00:00,,,,,,,,,,,,,,,,,,,,,,,,,,,,,,,,,,,,,,,,,,,,,,,,,,,,,,,,,US-EA5,,,2021-12-02
16,16,1,1,LC08_028040_20211218,-99.95756287336845,29.35833587371635,2021-12-18 17:09:54.887000064,,,,,,,,,,,,,,,,,,-99.95771415558715,29.35835258968116,,,1,1,,,,,,,0.6930748465981084,1.7204661377583983,25.596699902403977,,543.8370132345905,0.6930748465981084,2.520264088211347,1.7204661377583983,343.67462504871344,,,,,,,,,,,,0.2300592362880706,-68.38034057617188,,,,,1,-99.95756287336845,29.35833587371635,,21.21645273962973,68.26531179037781,4.0109685494491005,122.94594233475596,29.304234710409528,-100.60368605727056,0.7160257697105408,131126,297.22927334,235208,28.3534253946592,-100.21117631801498,0.1718716472387313,256.61373354090125,52.87946949616421,307.60638206,,2021-12-18 17:09:54.887000064+00:00,2021-12-18 17:00:00+00:00,,,,,,,,,,,,,,,,,,,,,,,,,,,,,,,,,,,,,,,,,,,,,,,,,,,,,,,,,US-EA5,,,2021-12-18
17,17,0,0,LC08_028040_20220103,-99.95756287336845,29.35833587371635,2022-01-03 17:09:49.803000064,0.0398,0.0520375,0.0716724999999999,0.0844599999999999,0.164925,0.2182474999999999,0.1625599999999999,290.02408718000004,21824.0,0.113352455,0.3226537281713015,0.1569860397240136,0.1610620708981364,290.02408718000004,0.1200565365025058,0.9512005653650252,0.9703961865704582,-99.95771415558715,29.35835258968116,-0.3226537406444549,0.3226537406444549,1,1,-0.3941398366423991,-290.02408718000004,290.02408718000004,292.6920992717309,-292.6920992717309,292.6920992717309,0.749179996894894,0.2854536487655738,5.998489237242284,381.5851217321558,586.131984653979,0.749179996894894,1.1833278605141306,0.2854536487655738,275.4782148085843,400.1423971789456,35.888458626817005,0.007418108588166,0.3151770098223376,251.8424617024945,15.216128027174657,3.123949969100522,23.18273177969961,0.007418108588166,0.3151770098223376,0.4119556468509551,0.3143394887447357,-88.88072967529297,0.1648489668364622,0.7700887027873472,112.41147684963406,0.3086074437422913,0,-99.95756287336845,29.35833587371635,70.90021258243297,9.448694694664056,24.12295512433471,2.127945355648212,174.87115615716658,29.77865631464778,-99.94089562663127,0.7387765645980835,420265,282.75395864,873181,28.59713635662437,-99.7117247314636,0.2066837549209594,328.5909590189731,39.6054893633364,294.34104644,21.839715611049165,2022-01-03 17:09:49.803000064+00:00,2022-01-03 17:00:00+00:00,,,,,,,,,,,,,,,,,,,,,,,,,,,,,,,,,,,,,,,,,,,,,,,,,,,,,,,,,US-EA5,,,2022-01-03
18,18,1,1,LC08_028040_20220119,-99.95756287336845,29.35833587371635,2022-01-19 17:09:46.904000000,0.053825,0.066035,0.090565,0.1092925,0.18797,0.2570775,0.185935,302.22641858,21824.0,0.13560793,0.2646734788276355,0.1458651983277251,0.1480268418494536,302.22641858,0.0933033630702607,0.9509330336307026,0.9703079010981318,-99.95771415558715,29.35835258968116,-0.2646734714508056,0.2646734714508056,1,1,-0.3497047049742403,-302.22641858,302.22641858,304.99339274848546,-304.99339274848546,304.99339274848546,0.7065910480874307,1.4107818798283245,21.367289097165884,449.8447870222278,575.6568467199646,0.7065910480874307,2.226088099084061,1.4107818798283245,328.53744708968026,360.16553754599124,54.82587116719981,0.0068941010811301,0.1601115890386197,158.52863063656918,21.567577785397955,2.9249337459215354,45.6348233485872,0.0068941010811301,0.1601115890386197,0.2359347941797654,0.2724828124046325,-80.18052673339844,0.2178728095846543,1.1239566525679612,146.81103574222226,0.480812196735994,1,-99.95756287336845,29.35833587371635,65.63243442614676,19.20812985000327,63.37493473006752,1.0887698316941226,162.5548572621958,29.558578858562537,-99.47991038763732,0.6603067517280579,294434,294.25901396,480351,28.56221227308797,-100.53035577372938,0.1702634245157241,306.5113523674996,56.727863165309344,304.0926575,31.875410666827374,2022-01-19 17:09:46.904000+00:00,2022-01-19 17:00:00+00:00,,,,,,,,,,,,,,,,,,,,,,,,,,,,,,,,,,,,,,,,,,,,,,,,,,,,,,,,,US-EA5,,,2022-01-19
19,19,0,0,LC08_028040_20220204,-99.95756287336845,29.35833587371635,2022-02-04 17:09:42.956999936,0.0512675,0.0664199999999999,0.0900975,0.113005,0.18489,0.236095,0.1744399999999999,281.3970047,21824.0,0.1323067475,0.2413098575001258,0.1316796969452727,0.1351399620250784,281.3970047,0.0674798228417467,0.9506747982284174,0.9702226834153778,-99.95771415558715,29.35835258968116,-0.2413098514080047,0.2413098514080047,1,1,-0.3447156688940406,-281.3970047,281.3970047,284.2209600964685,-284.2209600964685,284.2209600964685,0.7660137919082575,0.2649184864250737,5.718037017711511,337.9814940156045,671.2574169252488,0.7660137919082575,0.6232213260010742,0.2649184864250737,234.26807998408967,467.1767970112464,24.63567042266074,0.0064124529007849,0.5800775801600494,426.61533669353145,9.86955948890328,3.3239422074169767,12.596011864176887,0.0064124529007849,0.5800775801600494,0.6945963469175135,0.2723872363567352,-74.09422302246094,0.023166082010821,0.0982323384953939,15.925789895054264,0.0359871409417274,0,-99.95756287336845,29.35833587371635,78.18875336234537,0.2769503538599338,42.50793022840446,3.9723700325866247,175.2030627198588,29.66966812804091,-99.84315671959985,0.7378855347633362,124203,272.01795782,204150,29.04793714522985,-100.45490169897931,0.2658470571041107,439.0115194928567,24.68359833424093,281.57474174000004,2.785869119729371,2022-02-04 17:09:42.956999936+00:00,2022-02-04 17:00:00+00:00,,,,,,,,,,,,,,,,,,,,,,,,,,,,,,,,,,,,,,,,,,,,,,,,,,,,,,,,,US-EA5,,,2022-02-04
20,20,1,1,LC08_028040_20220220,-99.95756287336845,29.35833587371635,2022-02-20 17:09:36.724000000,,,,,,,,,,,,,,,,,,-99.95771415558715,29.35835258968116,,,1,1,,,,,,,0.7387939730038282,1.0782475422785944,16.825810851723112,,706.4813854592915,0.7387939730038282,1.85288650379884,1.0782475422785944,297.05735235761426,,,,,,,,,,,,0.139953464269638,-40.28276824951172,,,,,1,-99.95756287336845,29.35833587371635,,16.295459835445442,58.19285423407968,3.1544240444321234,194.86826331846413,29.739646366956027,-99.7779733771808,0.5664463043212891,172982,287.82971834,301718,28.268215461461807,-100.57475891819227,0.1758168935775756,351.046498190108,67.9710787734894,304.690811,,2022-02-20 17:09:36.724000+00:00,2022-02-20 17:00:00+00:00,,,,,,,,,,,,,,,,,,,,,,,,,,,,,,,,,,,,,,,,,,,,,,,,,,,,,,,,,US-EA5,,,2022-02-20
21,21,0,0,LC08_028040_20220324,-99.95756287336845,29.35833587371635,2022-03-24 17:09:23.931000064,0.053935,0.0708475,0.1004375,0.127525,0.2048275,0.2805075,0.2127474999999999,309.7323905,21824.0,0.1492628075,0.2325919016706659,0.1343343496420618,0.1393084660645579,309.7323905,0.0757667187122628,0.9507576671871226,0.9702500301717504,-99.95771415558715,29.35835258968116,-0.2325918972492218,0.2325918972492218,1,1,-0.3419651777963408,-309.7323905,309.7323905,312.5769253556904,-312.5769253556904,312.5769253556904,0.7949676734566358,0.2925155373517013,6.094934655847641,496.1344600345374,888.6044744095019,0.7949676734566358,2.533803526585897,0.2925155373517013,331.51693656958656,575.0266850134617,110.87463286910732,0.0065644508640672,0.4553655765552469,303.9020117309723,12.007927224767236,3.2144596143733963,16.045710211809403,0.0065644508640672,0.4553655765552469,0.5589221243141481,0.2158856838941574,-64.26642608642578,0.2395851255771503,2.000960638129459,160.25004041338207,0.3452533273806215,0,-99.95756287336845,29.35833587371635,161.52052849179498,21.3038552172751,11.544523254565172,3.111282719817459,293.1198367654638,29.704012715551887,-99.80591932763568,0.5918704867362976,453521,297.68728802,710674,27.94005862443512,-99.62595306960606,0.1308176219463348,457.4955351134355,107.4743157680415,312.66505166,56.74724369735146,2022-03-24 17:09:23.931000064+00:00,2022-03-24 17:00:00+00:00,,,,,,,,,,,,,,,,,,,,,,,,,,,,,,,,,,,,,,,,,,,,,,,,,,,,,,,,,US-EA5,,,2022-03-24
22,22,0,0,LC08_028040_20220409,-99.95756287336845,29.35833587371635,2022-04-09 17:09:23.535000064,0.0562174999999999,0.0749725,0.113665,0.138305,0.2270475,0.2920575,0.215855,316.10357978,21824.0,0.161487575,0.2428955597676216,0.1484401593420241,0.1538260419886693,316.10357978,0.1051251428075193,0.9510512514280752,0.9703469129712649,-99.95771415558715,29.35835258968116,-0.242895558476448,0.242895558476448,1,1,-0.3327805701287742,-316.10357978,316.10357978,318.9001890997679,-318.9001890997679,318.9001890997679,0.7752041173443543,0.819014973764077,13.285427386082151,538.3994861924336,912.9627113984724,0.7752041173443543,3.2588443572434667,0.819014973764077,359.9142470748422,569.4279859641965,129.68325599340602,0.0071224917918116,0.5399703704601003,289.1809660680312,10.754845790418765,2.81656905256174,13.531601883290572,0.0071224917918116,0.5399703704601003,0.6419100980606769,0.1788971424102783,-54.2337646484375,0.2265078222632041,2.1503481424845075,150.56376390275932,0.3423890126273038,0,-99.95756287336845,29.35833587371635,173.94621184451483,25.476684092837807,25.13206781243308,3.660189386774042,311.35367412197263,29.74205249154113,-99.82762949471896,0.5811129212379456,473659,303.15612002,799460,28.54138217994852,-100.52882814380364,0.1402653008699417,428.0786447142303,121.9323960503904,317.68270502,60.98387332086063,2022-04-09 17:09:23.535000064+00:00,2022-04-09 17:00:00+00:00,,,,,,,,,,,,,,,,,,,,,,,,,,,,,,,,,,,,,,,,,,,,,,,,,,,,,,,,,US-EA5,,,2022-04-09
23,23,0,0,LC08_028040_20220511,-99.95756287336845,29.35833587371635,2022-05-11 17:09:29.259000064,0.0512124999999999,0.0664474999999999,0.1023075,0.1113549999999999,0.23791,0.27597,0.192975,315.99420314,21824.0,0.15373538,0.3623466422344066,0.2247575138947225,0.2235256368742383,315.99420314,0.2581532680314724,0.9525815326803146,0.970851905784504,-99.95771415558715,29.35835258968116,-0.3623466491699219,0.3623466491699219,1,1,-0.3985759109981115,-315.99420314,315.99420314,318.7338348336719,-318.7338348336719,318.7338348336719,0.7479822223915155,2.019139618093164,29.67573463736023,538.5198041651087,925.6459133579144,0.7479822223915155,4.094513205651295,2.019139618093164,380.4242089765842,607.2066590128906,134.35922032446223,0.0105378059595675,0.6472603529109893,253.97584681715205,9.482222862441176,2.1852169092956544,11.288601331717608,0.0105378059595675,0.6472603529109893,0.7452620250579518,0.1783064603805542,-54.64708709716797,0.3292159461840908,2.914788882121334,218.87159187127628,0.4628799353939116,0,-99.95756287336845,29.35833587371635,174.4359683975092,29.38011144402968,49.31330091465631,4.2196669741632,293.7459801572618,29.25050400336752,-98.97982795412932,0.6239607930183411,147228,306.47843546,270753,28.32922408879136,-99.8259205613076,0.1741542369127273,464.7871027066402,134.865059947183,321.5074694,82.66341269696103,2022-05-11 17:09:29.259000064+00:00,2022-05-11 17:00:00+00:00,2022-05-11,63.71176635054117,61.28528214634146,93.3427467102658,89.78775658139534,10.745497227272727,164.930499625,3.111963669990488,-2.869510663079666,202205111200.0,202205111230.0,405.3575,20.589,-7.811421,0.0,170.1374,0.0,336.9386,0.0,217.5336,35.88594,99.65887,115.0463,3.68468,0.6875797,-0.04875784,-0.5298448,0.0,-81.0468,1.646833,1.73167,0.8414186,98.64378,30.69597,44.66849,31.14751,25.24037,33.16626,0.8754193,33.57182,36.2582,35.5501,19.79239,18.58478,629.6768,774.0,-9999.0,0.0,0.0,TX,CSH,20.9,632.0,29.3584,-99.9576,322.0,US-EA5,2022-05-11 12:00:00,2022-05-11 12:00:00-05:00,2022-05-11
24,24,1,1,LC08_028040_20220527,-99.95756287336845,29.35833587371635,2022-05-27 17:09:30.102999808,0.0395524999999999,0.0563,0.0942224999999999,0.0968625,0.2704975,0.26046,0.1786475,314.47318424,21824.0,0.154168065,0.4726562499999999,0.3036803324419477,0.3002818898727172,314.47318424,0.4557130260037559,0.9545571302600376,0.9715038529858124,-99.95771415558715,29.35835258968116,-0.47265625,0.47265625,1,1,-0.4833159684141259,-314.47318424,314.47318424,317.24159218531526,-317.24159218531526,317.24159218531526,0.7405441188771307,2.435098906267782,35.35656168263456,529.3214063754807,920.0935223627324,0.7405441188771307,4.4156036340256,2.435098906267782,381.7377665213255,613.3135849480278,127.07513496205203,0.0162215320737282,0.363307230496853,329.3084586569237,13.341296455848369,3.9331053954285977,20.111529494875533,0.0162215320737282,0.363307230496853,0.4791173442447408,0.366470456123352,-112.3265609741211,0.235699456593515,2.158712297464389,156.9299913290521,0.3227428668662018,1,-99.95756287336845,29.35833587371635,185.55567484381947,30.69672427352584,55.14758814635182,2.2647847885697305,305.3318497883388,29.52993207282525,-98.98255915657546,0.6799080967903137,366173,306.50919764,664634,28.615816336758552,-99.37490430374044,0.2202372997999191,534.1118524726663,137.47077971678326,319.70617286000004,61.22108075609008,2022-05-27 17:09:30.102999808+00:00,2022-05-27 17:00:00+00:00,,,,,,,,,,,,,,,,,,,,,,,,,,,,,,,,,,,,,,,,,,,,,,,,,,,,,,,,,US-EA5,,,2022-05-27
25,25,0,0,LC08_028040_20220612,-99.95756287336845,29.35833587371635,2022-06-12 17:09:43.834000128,0.0519275,0.0641375,0.102555,0.1081099999999999,0.265905,0.2678025,0.182085,323.148119,21824.0,0.1595410975,0.4218948437896876,0.2751853592564529,0.2708105696126497,323.148119,0.3756039758037791,0.9537560397580378,0.9712394931201525,-99.95771415558715,29.35835258968116,-0.4218948483467102,0.4218948483467102,1,1,-0.4433317049340498,-323.148119,323.148119,326.01809833959715,-326.01809833959715,326.01809833959715,0.7485137244991358,2.051423277978859,30.11663809453247,589.6942448408901,926.7874997470929,0.7485137244991358,5.507485463043245,2.051423277978859,417.7703011309814,587.6835079824782,149.94126866082732,0.0137454887614821,0.5290113670993979,202.8924180596161,11.181562191643726,2.1239249539355924,13.811922647148196,0.0137454887614821,0.5290113670993979,0.6249215568220848,0.1732020825147628,-54.34309005737305,0.3558063441243168,3.8843462955600097,234.8498212620348,0.5365025354326574,0,-99.95756287336845,29.35833587371635,199.11843359435105,34.62598530703539,37.24791089771327,3.355736254895688,339.7618491456513,29.5191609200372,-99.4478393142731,0.6962073445320129,449811,313.75540004,843751,29.002526603601662,-100.5217084849332,0.1680939793586731,448.290185386052,151.46043627781995,330.4114115,110.16006094208188,2022-06-12 17:09:43.834000128+00:00,2022-06-12 17:00:00+00:00,2022-06-12,58.03515165457107,56.87158230714286,119.81020792697976,117.40808642857142,17.99142395652174,167.79906,-24.472032692236027,-28.03772353807257,202206121200.0,202206121230.0,408.2685,21.9894,-5.611993,0.0,94.19467,0.0,321.6697,0.0,232.6465,35.25363,97.90636,145.5274,3.534258,0.6137058,-0.06499595,-0.4122821,0.0,-60.79866,1.450111,1.712151,0.8009622,98.00208,35.82727,35.76148,36.20799,38.90219,38.40066,0.944792,38.38618,43.86366,42.55715,11.01661,11.78917,623.4576,766.0,-9999.0,0.0,0.0,TX,CSH,20.9,632.0,29.3584,-99.9576,322.0,US-EA5,2022-06-12 12:00:00,2022-06-12 12:00:00-05:00,2022-06-12
26,26,1,1,LC08_028040_20220628,-99.95756287336845,29.35833587371635,2022-06-28 17:09:49.457999872,,,,,,,,,,,,,,,,,,-99.95771415558715,29.35835258968116,,,1,1,,,,,,,0.7460302867773707,2.1436332219125047,31.37596504847606,,917.5741125101088,0.7460302867773707,4.563748369506739,2.1436332219125047,385.2519414796343,,,,,,,,,,,,0.0974361822009086,-29.95034408569336,,,,,1,-99.95756287336845,29.35833587371635,,31.276310082754755,46.97088989908954,1.7406944628738283,279.97729568665227,28.70999058878377,-99.10187304519584,0.6648909449577332,238382,307.38421076,441359,29.002561432506152,-100.51862941358672,0.2032395005226135,324.82637470230594,129.48397331011614,342.11129396,,2022-06-28 17:09:49.457999872+00:00,2022-06-28 17:00:00+00:00,,,,,,,,,,,,,,,,,,,,,,,,,,,,,,,,,,,,,,,,,,,,,,,,,,,,,,,,,US-EA5,,,2022-06-28
27,27,0,0,LC08_028040_20220714,-99.95756287336845,29.35833587371635,2022-07-14 17:09:48.007000064,0.05784,0.0776399999999999,0.11801,0.1374524999999999,0.2655475,0.2923875,0.1971275,323.03190632,21824.0,0.1725407325,0.3178535980148884,0.212364365824747,0.2127823920265781,323.03190632,0.2331318119092448,0.9523313181190924,0.9707693349793004,-99.95771415558715,29.35835258968116,-0.3178535997867584,0.3178535997867584,1,1,-0.3846554949388292,-323.03190632,323.03190632,326.0641528993752,-326.0641528993752,326.0641528993752,0.7456528087637961,2.1195447363381668,31.046984486626087,587.9668039086009,910.185757871871,0.7456528087637961,5.340656616975816,2.1195447363381668,402.4368829103016,548.4280837506963,145.85305993281168,0.0099203908643774,0.2335404587763018,196.5859321633682,18.05508052805645,3.3066898185668805,31.28650221946226,0.0099203908643774,0.2335404587763018,0.3236208650355805,0.2158409655094146,-67.0713119506836,0.3120955309670689,3.369328697546045,205.9890916545164,0.5116787666084843,0,-99.95756287336845,29.35833587371635,181.0887273924689,34.07211781454434,39.68696900678804,1.531845448967137,310.5258430732412,29.12632973037417,-99.69221068017389,0.8384010791778564,426952,310.74412442,839257,28.89740284825525,-99.60637803714062,0.2132829278707504,439.7909863031531,144.61670357152315,331.70000504,95.55416186240583,2022-07-14 17:09:48.007000064+00:00,2022-07-14 17:00:00+00:00,,,,,,,,,,,,,,,,,,,,,,,,,,,,,,,,,,,,,,,,,,,,,,,,,,,,,,,,,US-EA5,,,2022-07-14
28,28,1,1,LC08_028040_20220730,-99.95756287336845,29.35833587371635,2022-07-30 17:09:59.617000192,0.0581149999999999,0.0779699999999999,0.12747,0.1515875,0.27707,0.302975,0.208815,324.23504936,21824.0,0.18138366,0.2927337093133795,0.1958436341161928,0.2026837127789308,324.23504936,0.2101199606730186,0.95210119960673,0.970693395870221,-99.95771415558715,29.35835258968116,-0.2927336990833282,0.2927336990833282,1,1,-0.3698027389133335,-324.23504936,324.23504936,327.3004972471811,-327.3004972471811,327.3004972471811,0.7509145390984848,1.827419556333268,27.057381007737533,596.6312680380391,908.732917443991,0.7509145390984848,5.180516176946189,1.827419556333268,413.67291969293535,541.130829961945,149.59611754742087,0.0093730424507447,0.5117664738515463,303.6491556724952,11.0503792035456,3.1449318698865625,14.27734026195418,0.0093730424507447,0.5117664738515463,0.6190968034112707,0.2208681553602218,-69.14532470703125,0.1333198129689189,1.48706182928016,87.88555674202894,0.2244642785311538,1,-99.95756287336845,29.35833587371635,181.9673037537568,33.526151124038385,35.27485474257306,3.3760152025029813,322.018717781585,29.66514106266541,-99.5101761544295,0.5882323980331421,476919,313.06154198,829082,29.365796483614226,-99.48116736619085,0.2024517953395843,474.5977268671909,150.59239750855625,329.31080906,42.17307347838534,2022-07-30 17:09:59.617000192+00:00,2022-07-30 17:00:00+00:00,,,,,,,,,,,,,,,,,,,,,,,,,,,,,,,,,,,,,,,,,,,,,,,,,,,,,,,,,US-EA5,,,2022-07-30
29,29,0,0,LC08_028040_20220916,-99.95756287336845,29.35833587371635,2022-09-16 17:10:13.256000000,,,,,,,,,,,,,,,,,,-99.95771415558715,29.35835258968116,,,1,1,,,,,,,0.7259663157678746,2.5599375267834,37.06150404570098,,824.1257486677466,0.7259663157678746,3.907454425029671,2.5599375267834,378.9696137388248,,,,,,,,,,,,0.2629509270191192,-80.33443450927734,,,,,0,-99.95756287336845,29.35833587371635,,28.571086161022777,65.51420050827491,2.907271139969466,213.84046432137487,29.55547029817792,-99.74342429581964,0.7932655811309814,188417,305.51113580000003,309345,28.359578753999763,-99.77533884236844,0.2830857336521148,408.5860380047634,108.97514885004342,317.40926342,,2022-09-16 17:10:13.256000+00:00,2022-09-16 17:00:00+00:00,,,,,,,,,,,,,,,,,,,,,,,,,,,,,,,,,,,,,,,,,,,,,,,,,,,,,,,,,US-EA5,,,2022-09-16
30,30,0,0,LC08_028040_20221002,-99.95756287336845,29.35833587371635,2022-10-02 17:10:12.545000192,,,,,,,,,,,,,,,,,,-99.95771415558715,29.35835258968116,,,1,1,,,,,,,0.7537866462127758,1.146003540390867,17.751166090801632,,815.9830254819076,0.7537866462127758,3.5259977090123304,1.146003540390867,334.5655625619575,,,,,,,,,,,,0.2266807705163955,-67.31805419921875,,,,,0,-99.95756287336845,29.35833587371635,,26.81100015987134,32.5015395631631,2.1321720158290924,227.62389748762865,29.73177987244339,-99.90788706077548,0.6932597160339355,141460,296.97292184,239089,29.37454482901736,-99.25431003217174,0.2526557147502899,463.9571531320975,106.62505662941628,318.38339912000004,,2022-10-02 17:10:12.545000192+00:00,2022-10-02 17:00:00+00:00,,,,,,,,,,,,,,,,,,,,,,,,,,,,,,,,,,,,,,,,,,,,,,,,,,,,,,,,,US-EA5,,,2022-10-02
31,31,0,0,LC08_028040_20230106,-99.95756287336845,29.35833587371635,2023-01-06 17:09:59.336000000,,,,,,,,,,,,,,,,,,-99.95771415558715,29.35835258968116,,,1,1,,,,,,,0.695962120356802,1.6118267312571188,24.11299297198934,,546.8241583580026,0.695962120356802,2.2108285856097805,1.6118267312571188,334.1299661443761,,,,,,,,,,,,0.3769200444221496,-111.27413940429688,,,,,0,-99.95756287336845,29.35833587371635,,19.097743244606008,72.90600192834725,4.173621960810922,148.34981955488485,28.9203073469922,-99.18179088301284,0.6839653849601746,75388,295.21947758,132684,28.264517393839217,-100.90740381269002,0.2036842107772827,308.17284638087926,54.22684262279655,301.9222148,,2023-01-06 17:09:59.336000+00:00,2023-01-06 17:00:00+00:00,,,,,,,,,,,,,,,,,,,,,,,,,,,,,,,,,,,,,,,,,,,,,,,,,,,,,,,,,US-EA5,,,2023-01-06
32,32,1,1,LC08_028040_20230122,-99.95756287336845,29.35833587371635,2023-01-22 17:09:55.536999936,0.0619649999999999,0.0762924999999999,0.104095,0.1315124999999999,0.2125274999999999,0.267225,0.19677,294.70677458,21824.0,0.15223179,0.235481339379142,0.1416932000731071,0.1439771811762475,294.70677458,0.0851228234183034,0.950851228234183,0.9702809053172804,-99.95771415558715,29.35835258968116,-0.2354813367128372,0.2354813367128372,1,1,-0.3424661860733207,-294.70677458,294.70677458,297.5237805991384,-297.5237805991384,297.5237805991384,0.7532153512594819,0.3295140096328548,6.600229111203992,406.6830837271667,620.3452286766332,0.7532153512594819,1.6511683578893248,0.3295140096328548,292.9768014251486,397.80323184928807,47.62339706817754,0.0067389696154578,0.3216690334397454,205.8900924571885,15.557138768355022,2.664252985409746,22.714850738679125,0.0067389696154578,0.3216690334397454,0.4120376687305074,0.2596369981765747,-74.58393096923828,0.2125856176573941,1.144450059158514,144.289742323922,0.4120446924481367,1,-99.95756287336845,29.35833587371635,78.54939754148766,14.499524044681433,19.956414986904782,2.192216408977484,190.8794594131166,29.56880459145711,-99.17674631921226,0.6547890901565552,488047,287.26232702,782369,27.94003076403515,-99.63205169399626,0.2189102917909622,335.022354150824,54.57512099947167,302.2811069,32.45660367773546,2023-01-22 17:09:55.536999936+00:00,2023-01-22 17:00:00+00:00,,,,,,,,,,,,,,,,,,,,,,,,,,,,,,,,,,,,,,,,,,,,,,,,,,,,,,,,,US-EA5,,,2023-01-22
33,33,0,0,LC08_028040_20230223,-99.95756287336845,29.35833587371635,2023-02-23 17:09:40.086999808,,,,,,,,,,,,,,,,,,-99.95771415558715,29.35835258968116,,,1,1,,,,,,,0.73062125036543,1.4044341990968434,21.28059773721956,,709.3502882385055,0.73062125036543,3.485571636069516,1.4044341990968434,315.7324399095004,,,,,,,,,,,,0.1545197367668151,-45.121829986572266,,,,,0,-99.95756287336845,29.35833587371635,,26.614871343777523,40.29279400151836,2.96915632309853,221.61077913921,29.70403154981324,-99.80281830157676,0.5763144493103027,225366,292.01337482,373045,28.59624307591184,-100.76030095110342,0.2004401236772537,413.24272717395854,83.3453925425125,308.98726214,,2023-02-23 17:09:40.086999808+00:00,2023-02-23 17:00:00+00:00,,,,,,,,,,,,,,,,,,,,,,,,,,,,,,,,,,,,,,,,,,,,,,,,,,,,,,,,,US-EA5,,,2023-02-23
34,34,0,0,LC08_028040_20230311,-99.95756287336845,29.35833587371635,2023-03-11 17:09:33.793999872,0.0431274999999999,0.0594624999999999,0.0919125,0.10063,0.21932,0.2518525,0.167455,309.29488394,21824.0,0.13956375,0.370964213158306,0.2154660276571314,0.2171290932373925,309.29488394,0.2431869341213434,0.9524318693412134,0.9708025168826004,-99.95771415558715,29.35835258968116,-0.3709641993045807,0.3709641993045807,1,1,-0.4093643819331207,-309.29488394,309.29488394,312.12907105256136,-312.12907105256136,312.12907105256136,0.7278926336933844,1.9373001888550951,28.55803957391867,494.205897116971,767.9336484966885,0.7278926336933844,3.561382944778439,1.9373001888550951,353.22287652416463,502.9727762263285,92.9900439747229,0.0101657149895269,0.3943012687929149,126.6483932542713,14.483810407832944,1.6233548018572748,18.53066337880953,0.0101657149895269,0.3943012687929149,0.4746801259597697,0.1365480720996856,-40.99726867675781,0.4234189074229643,3.1854738270461973,283.33433899733427,0.6910884696076726,0,-99.95756287336845,29.35833587371635,128.51627157655,26.981072000878,54.39741299641728,2.579938095098148,236.7857809290041,29.778454638874223,-99.96882437637038,0.6001724004745483,467586,300.24054896,699831,27.94003076403515,-99.63205169399626,0.2185542583465576,402.4570150481711,100.63896842085622,319.45323938,90.34003773503017,2023-03-11 17:09:33.793999872+00:00,2023-03-11 17:00:00+00:00,,,,,,,,,,,,,,,,,,,,,,,,,,,,,,,,,,,,,,,,,,,,,,,,,,,,,,,,,US-EA5,,,2023-03-11
35,35,1,1,LC08_028040_20230327,-99.95756287336845,29.35833587371635,2023-03-27 17:09:24.280000000,,,,,,,,,,,,,,,,,,-99.95771415558715,29.35835258968116,,,1,1,,,,,,,0.7344335412604739,2.045523327276828,30.03606146007152,,829.4307275385587,0.7344335412604739,2.7222815904209767,2.045523327276828,324.8864681198384,,,,,,,,,,,,0.1672694832086563,-49.21369171142578,,,,,1,-99.95756287336845,29.35833587371635,,22.480012284618944,75.1400345384735,3.394213083700248,190.1096938181068,29.359408154580294,-98.7597393046566,0.673407793045044,111242,294.21799772,190341,28.867721610234096,-100.65783191096278,0.2674222886562347,422.1296127385987,101.77030768509178,315.19780448,,2023-03-27 17:09:24.280000+00:00,2023-03-27 17:00:00+00:00,,,,,,,,,,,,,,,,,,,,,,,,,,,,,,,,,,,,,,,,,,,,,,,,,,,,,,,,,US-EA5,,,2023-03-27
36,36,0,0,LC08_028040_20230412,-99.95756287336845,29.35833587371635,2023-04-12 17:09:08.655000064,0.0402674999999999,0.0546225,0.0845425,0.08622,0.2441249999999999,0.2408525,0.1632199999999999,309.8007509,21824.0,0.140591975,0.4780002724424464,0.2920324277039191,0.2852519133613136,309.8007509,0.4141293094727284,0.9541412930947272,0.97136662672126,-99.95771415558715,29.35835258968116,-0.478000283241272,0.478000283241272,1,1,-0.4855439007507586,-309.8007509,309.8007509,312.5742783125661,-312.5742783125661,312.5742783125661,0.7585911246272125,1.3441831725096258,20.45773917612277,498.3398472434372,899.5343551257915,0.7585911246272125,2.6722683242485537,1.3441831725096258,354.4137702379578,612.8880093402906,110.97290042259996,0.0149075982416073,0.3776751052067774,239.2121981015493,13.70872680055305,2.8923548476396235,19.346427606973453,0.0149075982416073,0.3776751052067774,0.4815363180958951,0.2596969604492187,-78.28224182128906,0.3927583815718937,3.2550950909500926,262.7029108161413,0.5234010814749593,0,-99.95756287336845,29.35833587371635,173.32341839242997,22.175023648266343,50.30120517136364,2.375463150658909,298.40216382081013,29.51652463983748,-99.42615883653684,0.712234616279602,395158,301.43685596,734446,28.21466259934431,-100.31292846442784,0.2321315556764602,520.1506414492712,126.3296876208985,318.10995752,92.31449677934462,2023-04-12 17:09:08.655000064+00:00,2023-04-12 17:00:00+00:00,,,,,,,,,,,,,,,,,,,,,,,,,,,,,,,,,,,,,,,,,,,,,,,,,,,,,,,,,US-EA5,,,2023-04-12
37,37,1,1,LC08_028040_20230428,-99.95756287336845,29.35833587371635,2023-04-28 17:09:04.808000000,0.0477749999999999,0.0606725,0.0903725,0.0891075,0.253035,0.2378275,0.1611575,314.11771016,21824.0,0.145707525,0.47912054187948,0.3075248403305853,0.2919829482540069,314.11771016,0.4325578999452641,0.9543255789994526,0.9714274410698194,-99.95771415558715,29.35835258968116,-0.4791205525398254,0.4791205525398254,1,1,-0.4736719495060532,-314.11771016,314.11771016,316.86358858044235,-316.86358858044235,316.86358858044235,0.7427702551024988,2.1616498380532327,31.622021052383843,526.8043045357377,907.1985258125454,0.7427702551024988,3.6374029088565134,2.1616498380532327,357.5437441102386,589.4217100126486,119.2003581669275,0.0154823311540331,0.6180923947432316,242.99316554973976,9.808411613111309,2.1461727718615364,11.821313680577386,0.0154823311540331,0.6180923947432316,0.719052732023673,0.1406158357858657,-42.40986633300781,0.3411561121695722,2.942603041096796,227.22818629598137,0.4832366403696074,1,-99.95756287336845,29.35833587371635,168.99335457825384,27.341524897457475,59.428385917599314,3.8721423993556576,289.162934238056,29.324557319678053,-98.8077125236517,0.8503879904747009,461972,301.60092092,769552,28.79148560036814,-99.9045364477627,0.2401815354824066,492.8664174918169,132.85146733988265,324.26581154,83.45222224550513,2023-04-28 17:09:04.808000+00:00,2023-04-28 17:00:00+00:00,,,,,,,,,,,,,,,,,,,,,,,,,,,,,,,,,,,,,,,,,,,,,,,,,,,,,,,,,US-EA5,,,2023-04-28
38,38,0,0,LC08_028040_20230514,-99.95756287336845,29.35833587371635,2023-05-14 17:08:51.784000000,,,,,,,,,,,,,,,,,,-99.95771415558715,29.35835258968116,,,1,1,,,,,,,0.7489259789772327,1.9846843387352424,29.20517300213887,,927.1111101367457,0.7489259789772327,3.1976094889352,1.9846843387352424,321.4216851232866,,,,,,,,,,,,0.2629605233669281,-77.27424621582031,,,,,0,-99.95756287336845,29.35833587371635,,25.15745429729445,62.06775235071436,0.5353950327003123,224.05982759116685,29.432658239477146,-99.13877489237046,0.7366994619369507,85131,293.86252364,158730,28.14296593563914,-100.67952620029406,0.216402068734169,502.794021485318,116.80718599848385,311.81054666,,2023-05-14 17:08:51.784000+00:00,2023-05-14 17:00:00+00:00,,,,,,,,,,,,,,,,,,,,,,,,,,,,,,,,,,,,,,,,,,,,,,,,,,,,,,,,,US-EA5,,,2023-05-14
39,39,1,1,LC08_028040_20230530,-99.95756287336845,29.35833587371635,2023-05-30 17:08:53.599000064,0.037105,0.04915,0.0841025,0.0771175,0.2745125,0.2080449999999999,0.1287074999999999,312.35401184,21824.0,0.141396295,0.5613713278161704,0.3605803042176542,0.3476773951129011,312.35401184,0.5982076431991432,0.9559820764319914,0.9719740852225572,-99.95771415558715,29.35835258968116,-0.5613713264465332,0.5613713264465332,1,1,-0.5309593854133261,-312.35401184,312.35401184,315.1362536553388,-315.1362536553388,315.1362536553388,0.7448119264051929,2.220368335518534,32.423949601503594,515.9660923485874,924.2932844837449,0.7448119264051929,3.5640467468981383,2.220368335518534,370.52811529839823,631.8537832551699,116.05612540149936,0.0211724803032964,0.2983971894136463,424.2543897390712,13.912273233952606,5.211060901317808,24.48637031802033,0.0211724803032964,0.2983971894136463,0.4241190366970959,0.4838427305221557,-147.26531982421875,0.1372079682774264,1.2006007238754028,91.5432681145994,0.1774790302374149,1,-99.95756287336845,29.35833587371635,188.05608533737887,26.993815359389792,62.299080040152816,1.80754893615494,314.29286520005235,29.223406909895782,-99.07613969904592,0.816195011138916,412803,304.3660991,719466,28.35518023445345,-99.63051442425872,0.2841913104057312,560.8552344792821,129.79235587940963,316.75642159999995,34.049036529106424,2023-05-30 17:08:53.599000064+00:00,2023-05-30 17:00:00+00:00,,,,,,,,,,,,,,,,,,,,,,,,,,,,,,,,,,,,,,,,,,,,,,,,,,,,,,,,,US-EA5,,,2023-05-30
40,40,0,0,LC08_028040_20230615,-99.95756287336845,29.35833587371635,2023-06-15 17:09:02.668999936,0.0333924999999999,0.0469499999999999,0.0856425,0.076375,0.31425,0.2198425,0.1296425,311.71826012,21824.0,0.1532268775,0.6089599999999998,0.4186834462729911,0.4006315789473683,311.71826012,0.7828811509241916,0.9578288115092418,0.9725835077980498,-99.95771415558715,29.35835258968116,-0.608959972858429,0.608959972858429,1,1,-0.5716723869539938,-311.71826012,311.71826012,314.5717915624716,-314.5717915624716,314.5717915624716,0.7301956553959517,3.0085083784330364,43.18771278347353,512.7668368749015,902.3671134724284,0.7301956553959517,5.1204158476681485,3.0085083784330364,388.4347458659744,623.3873724231593,110.2322866988118,0.0285114212515619,0.4407310749724764,150.1453040468226,12.9716557648937,1.7401490620536464,16.578508974651495,0.0285114212515619,0.4407310749724764,0.5350601329242136,0.2470390647649765,-75.97137451171875,0.5437889068900765,5.029156387613287,363.00978167752487,0.7074075494450494,0,-99.95756287336845,29.35833587371635,197.74348897979368,33.31746594860602,58.75515715785309,2.5829392779863265,326.2905306363769,29.05310564232661,-99.04149969599344,0.7655278444290161,398441,307.5277676,685193,28.70626926901509,-99.25451964718988,0.2859109044075012,492.186403449636,138.26334849428477,324.81269474,142.6268751527128,2023-06-15 17:09:02.668999936+00:00,2023-06-15 17:00:00+00:00,,,,,,,,,,,,,,,,,,,,,,,,,,,,,,,,,,,,,,,,,,,,,,,,,,,,,,,,,US-EA5,,,2023-06-15
41,41,0,0,LC08_028040_20230701,-99.95756287336845,29.35833587371635,2023-07-01 17:09:11.894000128,,,,,,,,,,,,,,,,,,-99.95771415558715,29.35835258968116,,,1,1,,,,,,,0.7408276783136332,2.38804980410159,34.71400405827067,,909.2093640233757,0.7408276783136332,4.670770932294412,2.38804980410159,364.37503324722815,,,,,,,,,,,,0.10446447879076,-31.64976501464844,,,,,0,-99.95756287336845,29.35833587371635,,31.68492673825831,51.127529881421815,3.8213443655484194,259.398473642876,28.642312798096444,-98.92991134652662,0.8631676435470581,86708,302.97154694,139932,28.71728409166157,-99.82127180218008,0.2834502160549164,337.3476546489323,113.01699150755329,323.43181466,,2023-07-01 17:09:11.894000128+00:00,2023-07-01 17:00:00+00:00,,,,,,,,,,,,,,,,,,,,,,,,,,,,,,,,,,,,,,,,,,,,,,,,,,,,,,,,,US-EA5,,,2023-07-01
42,42,1,1,LC08_028040_20230717,-99.95756287336845,29.35833587371635,2023-07-17 17:09:17.234999808,0.039965,0.060315,0.1004924999999999,0.1094025,0.2901875,0.254795,0.1598649999999999,318.62607854,21824.0,0.16196943,0.4524262368928151,0.3024698174322732,0.3014456585777965,318.62607854,0.4589994526516774,0.9545899945265168,0.9715146981937504,-99.95771415558715,29.35835258968116,-0.4524262249469757,0.4524262249469757,1,1,-0.4855508344425105,-318.62607854,318.62607854,321.6759695922721,-321.6759695922721,321.6759695922721,0.7527239908679312,1.792883428314953,26.58571520855208,557.8599854084243,916.7888511482012,0.7527239908679312,5.34797201358997,1.792883428314953,404.17561117831394,596.2590925514064,138.6905443028686,0.016327974768064,0.3323823731278188,162.4536374032015,15.535772574311627,2.3173877856808645,21.98270628216858,0.016327974768064,0.3323823731278188,0.4249119540434427,0.2235162407159805,-69.5824203491211,0.4451895074778118,4.674333009385842,295.11491084533634,0.6449632781251359,1,-99.95756287336845,29.35833587371635,200.1795240387505,34.096717281178,33.52454769319991,2.0705667473918306,339.6891623600519,29.139807111416115,-99.52699050219452,0.753644585609436,451267,311.30809772,794190,29.502109867024057,-98.7659029912644,0.171709194779396,424.8213124784033,144.85431851612972,329.4201857,132.5640841461825,2023-07-17 17:09:17.234999808+00:00,2023-07-17 17:00:00+00:00,,,,,,,,,,,,,,,,,,,,,,,,,,,,,,,,,,,,,,,,,,,,,,,,,,,,,,,,,US-EA5,,,2023-07-17
43,43,0,0,LC08_028040_20230802,-99.95756287336845,29.35833587371635,2023-08-02 17:09:26.006000128,0.0515975,0.0732674999999999,0.1152325,0.1365175,0.28389,0.2767125,0.171085,320.15051546,21824.0,0.173028445,0.3505467909111993,0.2371637708995317,0.2401748681969671,320.15051546,0.2980918963204932,0.9529809189632048,0.9709837032578577,-99.95771415558715,29.35835258968116,-0.3505467772483825,0.3505467772483825,1,1,-0.4225707646148738,-320.15051546,320.15051546,323.20573354543086,-323.20573354543086,323.20573354543086,0.7474295615913795,1.962895813058584,28.907603385449224,567.6545007212875,902.2366393303126,0.7474295615913795,5.38451871576478,1.962895813058584,411.6199138249874,570.7354596241669,142.9923058771486,0.0115714173776038,0.3621268152396367,140.30445848096733,15.1012052216733,1.96113230538991,20.177086518720888,0.0115714173776038,0.3621268152396367,0.4472113149599338,0.1842019855976104,-57.574005126953125,0.4342669576788634,4.372963830534861,287.4386952660509,0.6719890026248131,0,-99.95756287336845,29.35833587371635,179.46961224154862,34.2191773135751,36.45443384404297,2.3383799790784874,312.0461900874873,29.55853353098781,-99.49229746038466,0.6676087379455566,455293,312.55909304,793747,28.708965454002456,-99.26066917916404,0.2341834753751754,418.6868032841372,144.1691950263905,333.57308,124.01725423396866,2023-08-02 17:09:26.006000128+00:00,2023-08-02 17:00:00+00:00,,,,,,,,,,,,,,,,,,,,,,,,,,,,,,,,,,,,,,,,,,,,,,,,,,,,,,,,,US-EA5,,,2023-08-02
44,44,1,1,LC08_028040_20230818,-99.95756287336845,29.35833587371635,2023-08-18 17:09:32.421999872,0.05168,0.0748625,0.1193299999999999,0.15189,0.2844675,0.28499,0.1762274999999999,323.48650297999995,21824.0,0.17784782,0.3038277100771728,0.2027999091375639,0.2123828238680204,323.48650297999995,0.2322121011457401,0.9523221210114574,0.9707662999337808,-99.95771415558715,29.35835258968116,-0.303827702999115,0.303827702999115,1,1,-0.4089611748463029,-323.48650297999995,323.48650297999995,326.4797004881976,-326.4797004881976,326.4797004881976,0.7521817201137245,1.6750523914466078,24.976476612265675,591.2778247787035,896.1457507092182,0.7521817201137245,6.0264909383384415,1.6750523914466078,420.8512805530997,546.2763418913328,147.80065069718248,0.0098981388955574,0.3386594985309623,188.1694084929204,15.171276505671612,2.671654597176385,21.575252173743426,0.0098981388955574,0.3386594985309623,0.4309303587334661,0.2221376150846481,-69.85176849365234,0.31876816090529,3.3724908706173724,210.3062827012299,0.5277769443626157,1,-99.95756287336845,29.35833587371635,175.65739455946056,36.26065695241051,27.79482137425125,2.221848621871496,317.43674926408005,29.567064200726893,-99.36597737737416,0.6514038443565369,483998,314.45267612,794759,27.94278050498728,-99.62291928882853,0.1379963904619217,396.150398613024,138.62923557427365,330.49344398,95.64384109070868,2023-08-18 17:09:32.421999872+00:00,2023-08-18 17:00:00+00:00,,,,,,,,,,,,,,,,,,,,,,,,,,,,,,,,,,,,,,,,,,,,,,,,,,,,,,,,,US-EA5,,,2023-08-18
45,45,0,0,LC08_028040_20230903,-99.95756287336845,29.35833587371635,2023-09-03 17:09:33.836999936,0.0382875,0.0550899999999999,0.0910599999999999,0.1050575,0.2355725,0.2566925,0.1721849999999999,320.61194816,21824.0,0.1443950875,0.3831576784193993,0.2246010562780395,0.2328878341244067,320.61194816,0.2804326775474719,0.9528043267754748,0.9709254278359066,-99.95771415558715,29.35835258968116,-0.3831576704978943,0.3831576704978943,1,1,-0.44243147880263,-320.61194816,320.61194816,323.4255269762557,-323.4255269762557,323.4255269762557,0.7455308095397195,1.8159845657627136,26.901211388396355,570.8284258414435,869.3105840803727,0.7455308095397195,5.210385244355775,1.8159845657627136,402.0145717328468,555.9992037598136,133.2160731366975,0.0111071040350504,0.1595912162877558,229.43531718898825,19.41787562084109,4.090302145281058,45.78362300757518,0.0111071040350504,0.1595912162877558,0.2477698667867137,0.320384532213211,-99.53023529052734,0.2921765856769913,2.648011384426664,193.34781343412783,0.4573214951816158,0,-99.95756287336845,29.35833587371635,159.65438338706556,33.62908439681811,34.85317266568542,1.034861753667859,278.3265139202932,29.778634197442265,-99.94399883500536,0.6754580736160278,477843,310.65867392,833214,29.380688104706604,-98.87778354556464,0.23222316801548,493.3350220872452,139.42269377049564,327.84106046,75.0976028623402,2023-09-03 17:09:33.836999936+00:00,2023-09-03 17:00:00+00:00,,,,,,,,,,,,,,,,,,,,,,,,,,,,,,,,,,,,,,,,,,,,,,,,,,,,,,,,,US-EA5,,,2023-09-03
46,46,1,1,LC08_028040_20230919,-99.95756287336845,29.35833587371635,2023-09-19 17:09:39.298000128,0.0491774999999999,0.0629,0.0971925,0.1128675,0.2260575,0.270415,0.1780425,319.57970612,21824.0,0.148046015,0.3339676919672494,0.1976755354913073,0.2023840033376047,319.57970612,0.2094443218614952,0.9520944432186148,0.9706911662621428,-99.95771415558715,29.35835258968116,-0.3339676856994629,0.3339676856994629,1,1,-0.3986542923433874,-319.57970612,319.57970612,322.1687883213285,-322.1687883213285,322.1687883213285,0.7411644932877608,1.795493987044739,26.621368055013384,563.0926538410943,834.9859091726587,0.7411644932877608,4.599568382619029,1.795493987044739,394.65778540928017,524.0284033585406,124.21984134688512,0.009357268095418,0.5160595657398409,279.1732548701596,11.093151994721037,2.843180742286549,14.158567279658724,0.009357268095418,0.5160595657398409,0.6199546622792816,0.2173854112625122,-67.19161224365234,0.1820706743161351,1.6348866671824875,120.63530714149584,0.3017326755948238,1,-99.95756287336845,29.35833587371635,149.58515649517307,31.41399081116945,39.03614073506547,3.404911064186278,269.6229672409888,28.81788157592945,-100.54606810479048,0.8172522187232971,454892,309.08980274,800235,29.36314378763545,-99.46570042243503,0.2309911400079727,450.1592794069412,126.97317424872996,325.76632232,46.36538588129535,2023-09-19 17:09:39.298000128+00:00,2023-09-19 17:00:00+00:00,,,,,,,,,,,,,,,,,,,,,,,,,,,,,,,,,,,,,,,,,,,,,,,,,,,,,,,,,US-EA5,,,2023-09-19
47,47,0,0,LC08_028040_20231021,-99.95756287336845,29.35833587371635,2023-10-21 17:09:44.512999936,,,,,,,,,,,,,,,,,,-99.95771415558715,29.35835258968116,,,1,1,,,,,,,0.742250703930299,1.1866368814836965,18.306102570361865,,744.1422604619689,0.742250703930299,4.0970887017601845,1.1866368814836965,352.09117853567835,,,,,,,,,,,,0.5121631026268005,-153.868408203125,,,,,0,-99.95756287336845,29.35833587371635,,29.3910241139934,28.96292874923346,2.1330162790818226,159.05807179350498,28.768505176981147,-98.9378176765936,0.6721956729888916,71026,300.42854006,120635,29.3718712926376,-99.23575619525944,0.2552220821380615,468.09608085508296,89.81702874491542,310.46384678,,2023-10-21 17:09:44.512999936+00:00,2023-10-21 17:00:00+00:00,,,,,,,,,,,,,,,,,,,,,,,,,,,,,,,,,,,,,,,,,,,,,,,,,,,,,,,,,US-EA5,,,2023-10-21
48,48,0,0,LC08_028040_20231122,-99.95756287336845,29.35833587371635,2023-11-22 17:09:49.950000128,0.0403225,0.05234,0.0723599999999999,0.0794825,0.1808475,0.2105475,0.1542825,295.82788514000003,21824.0,0.1159524975,0.3893711827296123,0.2002956071902101,0.1999756684597477,295.82788514000003,0.2040302096959613,0.9520403020969596,0.9706732996919968,-99.95771415558715,29.35835258968116,-0.3893711864948272,0.3893711864948272,1,1,-0.4284529486685822,-295.82788514000003,295.82788514000003,298.07057410264593,-298.07057410264593,298.07057410264593,0.7489608543324081,0.4997037014154453,8.924538800616615,413.4231840902779,641.9374425042786,0.7489608543324081,1.7186229079029016,0.4997037014154453,302.39895529830704,441.9760014728722,50.14943152892843,0.0092314721843531,0.1329962190111292,237.2453584398592,19.84993301649813,3.906681845230224,54.93888575304217,0.0092314721843531,0.1329962190111292,0.2158216576768538,0.4513840973377228,-130.63763427734375,0.2278686843410193,1.0695674353286333,154.5812115040846,0.3945143677372353,0,-99.95756287336845,29.35833587371635,76.63129547626014,15.120515665940866,29.07581989729172,0.8786874406480691,179.3709549578126,29.665308569888044,-99.70920044130074,0.7148764133453369,434383,289.41567962,819495,28.99978487657383,-100.52474781479698,0.2826895713806152,378.4899651004817,55.56837128212722,299.26299524,30.33293246592004,2023-11-22 17:09:49.950000128+00:00,2023-11-22 17:00:00+00:00,,,,,,,,,,,,,,,,,,,,,,,,,,,,,,,,,,,,,,,,,,,,,,,,,,,,,,,,,US-EA5,,,2023-11-22
49,49,0,0,LC08_028040_20231224,-99.95756287336845,29.35833587371635,2023-12-24 17:09:47.628999936,0.045135,0.0541274999999999,0.08237,0.0914725,0.1777949999999999,0.2176975,0.1533749999999999,295.72192652,21824.0,0.1202496475,0.3205826919327433,0.1634061780965964,0.1683208376800007,295.72192652,0.1352415050015666,0.9513524150500156,0.9704462969665052,-99.95771415558715,29.35835258968116,-0.3205826878547668,0.3205826878547668,1,1,-0.3667864624372993,-295.72192652,295.72192652,298.2712246737688,-298.2712246737688,298.2712246737688,0.696594874793408,1.5496735161041064,23.264155896751905,412.5329012556312,543.0367092731334,0.696594874793408,2.1945491038372853,1.5496735161041064,314.09669272199505,364.0204823281406,42.44304041868224,0.0077269822108615,0.5987073282134494,413.7959190611456,9.65946526007166,3.32577562025368,12.204066557264609,0.0077269822108615,0.5987073282134494,0.7139071845849653,0.4397118985652923,-127.82762908935548,-0.1359659426309906,-0.5734970730925788,-92.21847715168724,-0.2867691110549097,0,-99.95756287336845,29.35833587371635,56.51651868935178,18.97924089762935,70.61466582791063,4.0260620598803225,140.4302106745097,29.12101836282518,-99.12509468682764,0.8296120762825012,241536,290.70769118,429677,28.38472254752626,-100.63648209571583,0.2728404998779297,328.52815029024384,44.21165482261405,297.000266,-16.264376992905536,2023-12-24 17:09:47.628999936+00:00,2023-12-24 17:00:00+00:00,,,,,,,,,,,,,,,,,,,,,,,,,,,,,,,,,,,,,,,,,,,,,,,,,,,,,,,,,US-EA5,,,2023-12-24
