,Unnamed: 0.2,Unnamed: 0.1,Unnamed: 0,id,longitude,latitude,date,UB,B,GR,R,NIR,SWIR_1,SWIR_2,ST_B10,pixel_qa,ALFA,NDVI_model,EVI,SAVI,T_LST,LAI,e_0,e_NB,longitude.1,latitude.1,NDVI_neg,pos_NDVI,int,sd_ndvi,NDWI,LST_neg,LST_NW,T_LST_DEM,LST_neg_1,LST_NW_1,Tao_sw,EA,W_ATM,Rl_up,Rs_down,Tao_sw_1,ES,EA_1,Rl_down,Rn,Ginst,zom,u_fr,Hinst,rah,dT,rah_first,zom_1,u_fr_1,ufric_star,constant,constant_1,ET_inst,ET_24h,LEinst,EF,id.1,longitude.2,latitude.2,Rn24h_G,AirT_G,RH_G,ux_G,SW_Down,cold_pixel_lat,cold_pixel_lon,cold_pixel_ndvi,cold_pixel_sum,cold_pixel_temp,hot_pixel_sum,hot_pixel_lat,hot_pixel_lon,hot_pixel_ndvi,hot_pixel_Rn,hot_pixel_G,hot_pixel_temp,LE_daily_orig,Datetime_Local_sebal,Datetime_GMT,Date_daily,LE_closed,LE_unclosed,H_closed,H_unclosed,G_unclosed,Rn_unclosed,Residual_unclosed,Residual_closed,TIMESTAMP_START,TIMESTAMP_END,TAU,H_inst_af,LE_inst_af,FC,FH2O,SH,SLE,SC,WS,WS_MAX,WD,WD_SIGMA,USTAR,MO_LENGTH,ZL,T_SONIC,TA,PA,RH,CO2_MIXING_RATIO,CO2,H2O_MIXING_RATIO,H2O,U_SIGMA,V_SIGMA,W_SIGMA,T_SONIC_SIGMA,FETCH_MAX,FETCH_70,FETCH_80,FETCH_90,TAU_SSITC_TEST,H_SSITC_TEST,LE_SSITC_TEST,FC_SSITC_TEST,TA_1_1_1,RH_1_1_1,Rn_inst_af,SW_IN_1_1_1,SW_OUT_1_1_1,LW_IN_1_1_1,LW_OUT_1_1_1,PPFD_IN_1_1_1,SWC_1_1_1,TS_1_1_1,G_inst_af,G_2_1_1,T_CANOPY_1_1_1,P_RAIN_1_1_1,State,Veg,MAT,MAP,Lat,Long,Elev_insitu,Name,Datetime,Datetime_Local_flux,Date
0,0,0,0,LC08_016032_20150128,-77.84876608978924,40.860903760753175,2015-01-28 15:52:11.279000064,,,,,,,,,,,,,,,,,,-77.84884417532983,40.86078425103194,,,1,1,,,,,,,0.7357785882788992,0.1502698068016805,4.145275263661812,,480.85416053220086,0.7357785882788992,0.2720427256809685,0.1502698068016805,208.4164997505097,,,,,,,,,,,,0.3288325071334839,-86.59687042236328,,,,,0,-77.84876608978924,40.860903760753175,,-10.616335514731688,55.23757579826111,2.3169899130407607,143.58931111899443,39.98936814987976,-77.92295145454025,0.9941464066505432,6187,263.34644108,9854,39.603308547434246,-78.82117574439134,0.206342414021492,321.80801992867225,3.4289555652617345,273.18350264000003,,2015-01-28 15:52:11.279000064+00:00,2015-01-28 16:00:00+00:00,,,,,,,,,,,,,,,,,,,,,,,,,,,,,,,,,,,,,,,,,,,,,,,,,,,,,,,,,,,,,,,,,,,,US-HWB,,,2015-01-28
1,1,0,0,LC08_016032_20150213,-77.84876608978924,40.860903760753175,2015-02-13 15:52:02.348000000,,,,,,,,,,,,,,,,,,-77.84884417532983,40.86078425103194,,,1,1,,,,,,,0.7574911488998259,0.1208554380737198,3.74492550587632,,563.6065451765927,0.7574911488998259,0.1984675014238368,0.1208554380737198,207.0936255331225,,,,,,,,,,,,0.3467337787151336,-91.370361328125,,,,,0,-77.84876608978924,40.860903760753175,,-14.502409974061678,60.89432134061449,2.504618174164289,170.1592724998916,39.89758660717911,-77.46538224389323,0.717426061630249,118501,263.51734208,187878,39.73465435657741,-77.19457691397292,0.1412090808153152,363.4545010262604,2.9610602112404245,273.76114802,,2015-02-13 15:52:02.348000+00:00,2015-02-13 16:00:00+00:00,,,,,,,,,,,,,,,,,,,,,,,,,,,,,,,,,,,,,,,,,,,,,,,,,,,,,,,,,,,,,,,,,,,,US-HWB,,,2015-02-13
2,2,0,0,LC08_016032_20150402,-77.84876608978924,40.860903760753175,2015-04-02 15:51:36.801000192,,,,,,,,,,,,,,,,,,-77.84884417532983,40.86078425103194,,,1,1,,,,,,,0.7658248857323241,0.724165117031021,11.956384540541949,,801.2777874315993,0.7658248857323241,1.3174538772234945,0.724165117031021,276.23097536015604,,,,,,,,,,,,0.3496569693088531,-99.11070251464844,,,,,0,-77.84876608978924,40.860903760753175,,11.054232488075378,54.96701854619636,2.171121078485548,221.4015084364396,39.39106656694331,-77.21233179692271,0.551009476184845,212027,283.45123472,312256,39.57452549818196,-77.76959300393175,0.2500077188014984,496.1616073888634,62.04087071572148,296.0944907,,2015-04-02 15:51:36.801000192+00:00,2015-04-02 16:00:00+00:00,,,,,,,,,,,,,,,,,,,,,,,,,,,,,,,,,,,,,,,,,,,,,,,,,,,,,,,,,,,,,,,,,,,,US-HWB,,,2015-04-02
3,3,1,1,LC08_016032_20150418,-77.84876608978924,40.860903760753175,2015-04-18 15:51:36.734999808,,,,,,,,,,,,,,,,,,-77.84884417532983,40.86078425103194,,,1,1,,,,,,,0.7638624370088607,0.9981460525323052,15.685453220554598,,854.6263160523807,0.7638624370088607,2.25674929955646,0.9981460525323052,320.60180103412245,,,,,,,,,,,,0.5633905529975891,-165.71726989746094,,,,,1,-77.84876608978924,40.860903760753175,,19.42794475584162,44.22937243088899,1.8491508069133948,293.39694583191323,39.78738104773397,-77.84081766461418,0.7040359973907471,487557,294.14280128,681804,39.52169059220837,-77.33268208767309,0.23077093064785,521.6216121762345,89.3153009194226,304.5370001,,2015-04-18 15:51:36.734999808+00:00,2015-04-18 16:00:00+00:00,,,,,,,,,,,,,,,,,,,,,,,,,,,,,,,,,,,,,,,,,,,,,,,,,,,,,,,,,,,,,,,,,,,,US-HWB,,,2015-04-18
4,4,0,0,LC08_016032_20150504,-77.84876608978924,40.860903760753175,2015-05-04 15:51:23.900999936,0.036665,0.0375725,0.0671074999999999,0.0381499999999999,0.51643,0.2085125,0.0907025,299.13311048,21824.0,0.196996345,0.8624184067222042,0.8169937710801491,0.6802897836105368,299.13311048,4.513125241348593,0.98,0.98,-77.84884417532983,40.86078425103194,-0.8624184131622314,0.8624184131622314,1,1,-0.7699976436818542,-299.13311048,299.13311048,301.4274248335562,-301.4274248335562,301.4274248335562,0.7623699819041174,1.2188975552712913,18.69003276702389,444.9047907824625,890.8941535338619,0.7623699819041174,2.704702759808056,1.2188975552712913,323.9385094734599,587.9462100073505,40.02466815275032,0.1372746773641021,0.3943845875951134,197.34523895017497,13.079489548052775,2.183756905552258,18.52674853851093,0.1372746773641021,0.3943845875951134,0.5209589048426858,0.3323700726032257,-98.00169372558594,0.5184682882038747,3.6485081882152968,350.5763029044252,0.6398293845461843,0,-77.84876608978924,40.860903760753175,160.65722480359014,22.37337575382446,45.065859856548265,1.901119706352132,278.36267312846456,39.758126540734615,-78.84583383010501,0.8706281185150146,558323,294.85716746,767690,39.96862313837944,-77.62704181453572,0.2185288220643997,494.7102528691092,104.3913723620544,309.88961942000003,103.47169221778582,2015-05-04 15:51:23.900999936+00:00,2015-05-04 16:00:00+00:00,,,,,,,,,,,,,,,,,,,,,,,,,,,,,,,,,,,,,,,,,,,,,,,,,,,,,,,,,,,,,,,,,,,,US-HWB,,,2015-05-04
5,5,0,0,LC08_016032_20150621,-77.84876608978924,40.860903760753175,2015-06-21 15:51:32.903000064,0.0356199999999999,0.03023,0.05113,0.0135375,0.3885,0.1180375,0.04277,299.55010892,21824.0,0.14156828,0.9326555358641916,0.7541482300884956,0.6235259066280503,299.55010892,2.399242020324736,0.9739924202032472,0.9779174986670716,-77.84884417532983,40.86078425103194,-0.9326555132865906,0.9326555132865906,1,1,-0.7673953096922411,-299.55010892,299.55010892,301.94309151358857,-301.94309151358857,301.94309151358857,0.7411515442711083,2.294630778121745,33.331500656171585,444.6482254086742,894.6220804528188,0.7411515442711083,2.905345099176486,2.294630778121745,345.46893807859243,659.8078729686314,23.80639084099902,0.0997803104957761,0.5948144199488784,118.15563680825976,10.421519269278283,1.048534762129492,12.28393905189282,0.0997803104957761,0.5948144199488784,0.6871305563074063,0.3529673814773559,-105.52752685546876,0.7662269187608088,4.446669452908316,517.8458453193725,0.814221129779461,0,-77.84876608978924,40.860903760753175,153.7886652404879,23.556171491591776,78.97962891816718,2.992861301499129,244.297189229934,40.766526737565,-77.3426233235705,0.9279600381851196,134421,298.97246354000004,189693,39.591820816777,-77.74687859852149,0.6104167103767395,572.7642743488482,94.3786598483697,310.1083727,126.10754568447985,2015-06-21 15:51:32.903000064+00:00,2015-06-21 16:00:00+00:00,,,,,,,,,,,,,,,,,,,,,,,,,,,,,,,,,,,,,,,,,,,,,,,,,,,,,,,,,,,,,,,,,,,,US-HWB,,,2015-06-21
6,6,0,0,LC08_016032_20150707,-77.84876608978924,40.860903760753175,2015-07-07 15:51:42.494999808,0.0189824999999999,0.027755,0.067905,0.0364174999999999,0.48464,0.1905,0.0745325,299.4270602,21824.0,0.18181332,0.8602169626192888,0.7495447271121903,0.6584680588507504,299.4270602,3.2188148352589354,0.98,0.98,-77.84884417532983,40.86078425103194,-0.8602169752120972,0.8602169752120972,1,1,-0.7542100643386511,-299.4270602,299.4270602,301.89534019767734,-301.89534019767734,301.89534019767734,0.7449932246819174,2.064397798447016,30.19787169749903,446.6561520411401,890.7768044790934,0.7449932246819174,3.178135944452183,2.064397798447016,332.2971051316264,607.8167272656124,41.65894351511602,0.1214309477232739,0.4372910774207733,197.61497727929503,12.296962998765268,2.060670770851061,16.708925608395923,0.1214309477232739,0.4372910774207733,0.5610621111668872,0.3616284728050232,-107.11328125,0.545286472742479,3.890958486129061,368.54280647120135,0.6509542340472648,0,-77.84876608978924,40.860903760753175,168.328678539428,25.05481745924485,64.95624587899299,2.143439574020705,283.6578839806172,40.93773225806655,-77.3215832083241,0.8993402123451233,368155,296.1970313,510312,40.21248953408072,-76.93637271626197,0.2624535858631134,480.67385345593607,104.32509581996877,310.46042876,110.34758266662016,2015-07-07 15:51:42.494999808+00:00,2015-07-07 16:00:00+00:00,,,,,,,,,,,,,,,,,,,,,,,,,,,,,,,,,,,,,,,,,,,,,,,,,,,,,,,,,,,,,,,,,,,,US-HWB,,,2015-07-07
7,7,1,1,LC08_016032_20150723,-77.84876608978924,40.860903760753175,2015-07-23 15:51:49.585999872,,,,,,,,,,,,,,,,,,-77.84884417532983,40.86078425103194,,,1,1,,,,,,,0.7676087242023004,1.1225444156982078,17.37860036992855,,902.4891939955498,0.7676087242023004,2.687446635745838,1.1225444156982078,325.32734184696875,,,,,,,,,,,,0.4475168883800506,-132.17076110839844,,,,,1,-77.84876608978924,40.860903760753175,,22.268106512378207,41.76992394071006,2.034104456126469,296.843810993671,39.85042214533457,-79.19906729264092,0.9974727630615234,426078,295.34252630000003,627881,39.85044695317136,-77.83675603664557,0.5297025442123413,552.3364247584499,95.55955190003164,308.07123278,,2015-07-23 15:51:49.585999872+00:00,2015-07-23 16:00:00+00:00,2015-07-23,185.35442390819736,96.58336570833336,40.5038516354607,21.1055028125,8.978064395833334,243.5410645833333,116.87413166666664,8.704724643841935,201507231200.0,201507231230.0,-0.0695,43.1876,240.776,-5.42583,5.46256,-0.115592,1.29999,-0.0339,1.59695,7.56738,10.4827,37.5426,0.245861,-29.6295,-0.0864,23.8723,22.8283,98.1035,46.2124,375.458,370.557,13.2275,13.0548,0.932118,1.17368,0.391635,0.44085,26.1554,47.8205,57.2289,71.6438,1.0,0.0,0.0,0.0,22.8283,-9999.0,489.576,603.459,109.666,450.549,454.766,1028.8,27.1722,30.6376,75.2839,93.311,-9999.0,0.0,PA,CVM,10.1,1006.35,40.8608,-77.8488,378.0,US-HWB,2015-07-23 12:00:00,2015-07-23 12:00:00-04:00,2015-07-23
8,8,0,0,LC08_016032_20150808,-77.84876608978924,40.860903760753175,2015-08-08 15:51:52.568000000,0.0406525,0.039525,0.06785,0.0315775,0.6075925,0.2169825,0.0832224999999999,299.57061704,21824.0,0.2228796475,0.9011921710968912,0.9596283536138396,0.7584666906607441,299.57061704,7.011123666922817,0.98,0.98,-77.84884417532983,40.86078425103194,-0.9011921882629396,0.9011921882629396,1,1,-0.7990946675697784,-299.57061704,299.57061704,302.1073207407716,-302.1073207407716,302.1073207407716,0.7550233031347215,1.4346583678167848,21.626685592759312,447.5133447508719,865.3946910112892,0.7550233031347215,2.8899602454415154,1.4346583678167848,335.8244759951814,554.1104690547274,30.91852366388803,0.2130097800739612,0.1307454702179078,79.12164827258869,25.246065101029743,1.6976921297737988,55.88464418431706,0.2130097800739612,0.1307454702179078,0.2254453753433546,0.3524725437164306,-104.7868423461914,0.6571701858646437,2.7850479148001868,444.0702971182508,0.8487712798913933,0,-77.84876608978924,40.860903760753175,92.38567293860328,23.46804358104854,49.64284093802834,0.5922397607306151,180.9312769631753,40.998051044724775,-77.10756131026157,0.909027636051178,256273,297.2907977,376301,40.017209005341336,-77.53259974820867,0.4410692453384399,509.37130794933984,106.86967264360742,313.53322874,78.98395886373329,2015-08-08 15:51:52.568000+00:00,2015-08-08 16:00:00+00:00,2015-08-08,181.04959607832768,93.00400814583332,10.634170958295096,5.4627049375,3.6573059166666666,188.44791633333327,86.32389733333332,-6.893156619956125,201508081200.0,201508081230.0,-0.0434,13.3754,164.96,-23.1222,3.74947,0.869089,-1.72072,-0.0317,0.971252,2.76579,48.7608,34.7563,0.195247,-47.9664,-0.0534,25.7414,24.7466,98.0952,61.5454,369.615,362.83,19.9024,19.514,0.432366,0.646918,0.168045,0.272859,-9999.0,-9999.0,-9999.0,-9999.0,1.0,1.0,1.0,1.0,24.7466,61.5454,441.399,566.747,122.951,470.285,472.683,1020.46,22.3334,23.8915,22.6711,43.2672,-9999.0,0.0,PA,CVM,10.1,1006.35,40.8608,-77.8488,378.0,US-HWB,2015-08-08 12:00:00,2015-08-08 12:00:00-04:00,2015-08-08
9,9,1,1,LC08_016032_20150824,-77.84876608978924,40.860903760753175,2015-08-24 15:52:00.654000128,,,,,,,,,,,,,,,,,,-77.84884417532983,40.86078425103194,,,1,1,,,,,,,0.7371629286114343,1.9502876916817653,28.644754782876333,,814.0669753144042,0.7371629286114343,3.107175866172317,1.9502876916817653,335.7912375392352,,,,,,,,,,,,0.3299151659011841,-97.89805603027344,,,,,1,-77.84876608978924,40.860903760753175,,24.676116527039632,62.767212918794186,1.458449550071761,223.2625830278101,40.768661092031714,-76.96807072800527,0.9187390208244324,162875,296.73707846,293910,39.88320691527265,-77.80092394679984,0.4049383699893951,460.6281854830721,96.72775328976272,312.65137958,,2015-08-24 15:52:00.654000128+00:00,2015-08-24 16:00:00+00:00,2015-08-24,171.7329597774117,86.30213235416666,31.63061169553331,15.8955464375,1.8467837916666667,190.49879479166668,86.45433220833335,-14.711560472945004,201508241200.0,201508241230.0,-0.140523,55.955,281.529,-13.2401,6.40533,0.017,-1.52947,0.0897,1.99033,6.12049,254.315,27.882,0.352618,-67.4047,-0.038,27.389,25.7601,97.7647,63.8982,382.506,374.713,22.0681,21.5916,0.885621,0.991747,0.423939,0.390925,32.7579,59.8919,71.6753,89.729,0.0,0.0,0.0,0.0,25.7601,63.8982,512.593,643.032,128.352,466.508,468.596,1097.19,27.3115,22.6011,25.7115,34.5096,-9999.0,0.0,PA,CVM,10.1,1006.35,40.8608,-77.8488,378.0,US-HWB,2015-08-24 12:00:00,2015-08-24 12:00:00-04:00,2015-08-24
10,10,0,0,LC08_016032_20150909,-77.84876608978924,40.860903760753175,2015-09-09 15:52:06.823000064,0.0409275,0.0410099999999999,0.0677674999999999,0.0350975,0.49476,0.23032,0.091005,301.1531603,21824.0,0.1937693575,0.8675209844156211,0.82213543716062,0.6695040333249987,301.1531603,3.692191667773253,0.98,0.98,-77.84884417532983,40.86078425103194,-0.8675209879875183,0.8675209879875183,1,1,-0.7590606681451129,-301.1531603,301.1531603,303.5422518418781,-303.5422518418781,303.5422518418781,0.7360987960517513,1.7001595113075691,25.24033848027706,457.0448657724372,771.0180283682644,0.7360987960517513,4.036747897813782,1.7001595113075691,336.5846449714382,494.4264466900011,34.99316898874883,0.1292008210582894,0.3791013841014427,146.4841346203568,13.93830812977764,1.744788778080007,19.27364126922795,0.1292008210582894,0.3791013841014427,0.492505104349156,0.2619167268276214,-77.75800323486328,0.463772665293719,2.443388563607451,312.9491430808955,0.6811634208273253,0,-77.84876608978924,40.860903760753175,100.85526994899638,29.13377066513716,42.11705943361834,1.8426549060425623,194.92476387756304,41.243713115002926,-78.4034424701812,0.8997981548309326,139331,296.8806353,240161,39.78110588082806,-77.22477622039627,0.4783707559108734,439.8106912638292,87.82211356888625,316.141178,69.29449966390732,2015-09-09 15:52:06.823000064+00:00,2015-09-09 16:00:00+00:00,2015-09-09,141.3809746374456,66.72763447916667,-3.289588744666541,-1.5525885,6.36237375,130.39409047916666,58.85667074999999,-14.0596691636124,201509091200.0,201509091230.0,-0.0995,13.7893,271.977,-20.8065,6.20971,1.37233,0.0969,-0.0831,1.27756,5.13242,210.796,46.3383,0.29853,-166.134,-0.0154,31.2201,29.3567,97.827,57.6892,384.057,375.318,24.6304,24.0383,0.831073,1.16904,0.289913,0.389223,38.8589,71.0465,85.0245,106.441,1.0,1.0,1.0,1.0,29.3567,57.6892,550.161,663.078,110.04,490.533,493.41,1321.15,15.783,29.1497,36.0438,45.2385,-9999.0,0.0,PA,CVM,10.1,1006.35,40.8608,-77.8488,378.0,US-HWB,2015-09-09 12:00:00,2015-09-09 12:00:00-04:00,2015-09-09
11,11,0,0,LC08_016032_20151011,-77.84876608978924,40.860903760753175,2015-10-11 15:52:14.671000064,0.0171125,0.021595,0.04893,0.03001,0.3731275,0.17642,0.0801974999999999,292.29365246,21824.0,0.1443773225,0.8511177947970604,0.6165744218224946,0.5698758494692114,292.29365246,1.7490074078881497,0.9674900740788814,0.9757717244460308,-77.84884417532983,40.86078425103194,-0.8511177897453308,0.8511177897453308,1,1,-0.7681358582657577,-292.29365246,292.29365246,294.45722665731995,-294.45722665731995,294.45722665731995,0.7352179776725531,0.9826764103580344,15.47490076726974,400.4120270080308,652.1508367903814,0.7352179776725531,1.7475916894177657,0.9826764103580344,303.41912913543945,451.1380138246169,22.731266998171435,0.0738072933791446,0.2818265839131588,202.36402774360832,15.943635510925787,2.652553048137122,25.92609959069885,0.0738072933791446,0.2818265839131588,0.3985279889102031,0.5098912119865417,-147.4886016845703,0.332050394274543,1.626133578641685,226.04271908283712,0.5276357591408585,0,-77.84876608978924,40.860903760753175,87.41727766116513,15.380664253651808,56.23032063544698,1.4742698441254298,191.7942330039984,39.62682419957589,-78.66173837707787,0.866166353225708,546001,289.25503268,727118,40.016900954583896,-77.54664756040452,0.2617307305335998,407.0326404135615,55.19617099035119,298.87675898,46.11714829027819,2015-10-11 15:52:14.671000064+00:00,2015-10-11 16:00:00+00:00,2015-10-11,117.93719212018284,45.09617695833333,34.06107172785058,13.024085875,-5.273662708333334,152.28571020833334,99.43911008333336,5.561109068633279,201510111200.0,201510111230.0,-0.149867,85.1701,167.918,-12.9181,3.79316,1.51833,-0.141447,-0.120997,2.22102,7.46604,217.973,28.9082,0.358673,-46.5524,-0.055,18.7665,18.3546,97.8855,51.4683,392.671,388.88,11.1838,11.0601,1.17548,1.07635,0.471529,0.470896,30.4977,55.7596,66.73,83.538,0.0,0.0,0.0,0.0,18.3546,51.4683,566.382,704.472,133.311,413.856,418.635,1137.2,29.7834,16.9645,26.0459,38.8637,19.18,0.0,PA,CVM,10.1,1006.35,40.8608,-77.8488,378.0,US-HWB,2015-10-11 12:00:00,2015-10-11 12:00:00-04:00,2015-10-11
12,12,0,0,LC08_016032_20151214,-77.84876608978924,40.860903760753175,2015-12-14 15:52:21.645999872,0.02495,0.0321275,0.06235,0.0599299999999999,0.2693975,0.185825,0.0997775,288.00745538,21824.0,0.126602065,0.636046185028581,0.3772771850575054,0.3788626929650832,288.00745538,0.7031738686085154,0.9570317386860852,0.972320473766408,-77.84884417532983,40.86078425103194,-0.6360461711883545,0.6360461711883545,1,1,-0.6241117114673056,-288.00745538,288.00745538,290.49534112654305,-290.49534112654305,290.49534112654305,0.6585519879259135,1.388573533443397,20.999439349618555,373.3570187270263,380.0998299345708,0.6585519879259135,1.486175697935598,1.388573533443397,288.9654952042091,235.1705381272488,16.223062021330225,0.0252282301975816,0.3486657237963635,139.9054575918959,15.315098059593288,1.7413903409147196,20.956072200852248,0.0252282301975816,0.3486657237963635,0.4403513220656931,0.259554922580719,-73.6581039428711,0.1156690061254392,0.0775618154332335,79.04201851402269,0.361009041619576,0,-77.84876608978924,40.860903760753175,6.117298365736215,12.881246864403256,93.4326631347978,2.0716120529529287,43.496842199611926,40.84877263470575,-78.58842909549381,0.7635637521743774,183345,283.78620068,260278,39.81768304423135,-78.0418164030466,0.3047425150871277,202.8687923092185,22.418902348919666,292.77559328,2.199653085686502,2015-12-14 15:52:21.645999872+00:00,2015-12-14 16:00:00+00:00,2015-12-14,140.97055145124867,27.40993895833333,-43.2314018275278,-8.40579875,8.211322083333334,50.296134125,23.080671833333334,-55.65433758205421,201512141100.0,201512141130.0,-0.0775,49.8225,54.138,-7.62519,1.22101,1.36311,-0.0614,-0.364622,1.63331,5.03194,206.119,24.7811,0.258226,-29.5795,-0.0865,17.7421,16.7141,97.2681,74.7946,397.106,392.104,14.7996,14.5838,0.724299,0.714972,0.315928,0.414939,32.3031,59.0604,70.6802,88.4832,0.0,0.0,0.0,0.0,16.7141,74.7946,312.636,400.154,84.0464,395.284,398.755,731.569,32.8544,12.1182,23.3532,37.8742,16.72,0.0,PA,CVM,10.1,1006.35,40.8608,-77.8488,378.0,US-HWB,2015-12-14 11:00:00,2015-12-14 11:00:00-05:00,2015-12-14
13,13,0,0,LC08_016032_20160303,-77.84876608978924,40.860903760753175,2016-03-03 15:52:07.332000000,,,,,,,,,,,,,,,,,,-77.84884417532983,40.86078425103194,,,1,1,,,,,,,0.7716477112961386,0.1986236059828991,4.803403675977781,,669.5341162330946,0.7716477112961386,0.5209306504991725,0.1986236059828991,221.47769069346344,,,,,,,,,,,,0.3530433475971222,-94.75502014160156,,,,,0,-77.84876608978924,40.860903760753175,,-2.166882369110212,38.12860805801533,0.2978587574077339,181.7553841440061,40.53742082488802,-77.2028565494968,0.5987235903739929,92145,268.39485662,138269,40.24037475531464,-76.90084316731227,0.2496008574962616,464.8110779597563,18.70527510875669,281.4311849,,2016-03-03 15:52:07.332000+00:00,2016-03-03 16:00:00+00:00,2016-03-03,40.41772879095568,15.219121708333333,52.58758288206028,19.801627854166664,-7.904003958333334,95.450295625,68.33355002083334,10.34898791031739,201603031100.0,201603031130.0,0.0539,112.208,41.6815,-1.98453,0.922073,1.26229,0.0151,0.13395,1.01731,3.9794,211.747,46.8428,0.205619,-6.6884,-0.382752,-4.06908,-3.5518,98.7728,51.3765,388.94,388.386,2.44487,2.4389,0.745078,0.643801,0.264982,0.618247,30.988,56.656,67.8027,84.8809,0.0,0.0,0.0,0.0,-3.5518,51.3765,493.383,601.137,104.183,310.833,314.403,967.737,17.3958,0.0214,-10.1731,-13.975,6.488,0.0,PA,CVM,10.1,1006.35,40.8608,-77.8488,378.0,US-HWB,2016-03-03 11:00:00,2016-03-03 11:00:00-05:00,2016-03-03
14,14,0,0,LC08_016032_20160420,-77.84876608978924,40.860903760753175,2016-04-20 15:51:46.583000064,0.028085,0.0324299999999999,0.064715,0.05102,0.4331875,0.20975,0.1119049999999999,296.7951848,21824.0,0.1748970425,0.7892639002906812,0.6386136793926805,0.5824495850722535,296.7951848,1.870508596917468,0.9687050859691746,0.9761726783698276,-77.84884417532983,40.86078425103194,-0.789263904094696,0.789263904094696,1,1,-0.7400495076847374,-296.7951848,296.7951848,299.12087444517994,-299.12087444517994,299.12087444517994,0.7825877523361355,0.5682586168603837,9.834390009305718,426.1888088299143,883.8190500148268,0.7825877523361355,1.5637637891276843,0.5682586168603837,324.0715328104833,616.9826452835011,50.585632871635575,0.0792115361829036,0.130976561911881,102.55176214036791,24.361445855737447,2.095487110401791,55.78604274828049,0.0792115361829036,0.130976561911881,0.2185899939855358,0.5886869430541992,-173.99307250976562,0.68445083296709,5.206538223997495,463.84525027149766,0.8189401428802107,0,-77.84876608978924,40.860903760753175,179.52152009082266,13.66089434924185,36.33915945690082,0.6790296194469851,319.01042973446965,39.756238591876425,-78.82122390467286,0.8822046518325806,498426,295.56127958,817522,40.825205898481975,-77.68760499113478,0.2284090518951416,541.6021182525775,100.08172132141692,304.76258942,147.65742403256897,2016-04-20 15:51:46.583000064+00:00,2016-04-20 16:00:00+00:00,2016-04-20,160.86258247361252,72.39055914583334,69.28455990540371,31.179084375,2.752670625,247.8512600625,141.52894591666666,14.95144705848378,201604201200.0,201604201230.0,-0.111777,104.057,264.303,-17.5874,5.96148,1.77753,-0.370257,-0.0217,0.996981,5.06936,352.157,69.0658,0.306856,-24.0218,-0.10657,16.311,16.7953,98.9686,23.9281,400.067,398.436,4.63047,4.60913,1.07673,1.31101,0.304029,0.769416,38.2412,69.917,83.6728,104.748,1.0,0.0,0.0,0.0,16.7953,23.9281,761.008,952.216,184.307,418.904,425.805,1626.78,21.2276,22.5736,36.6964,37.5522,21.59,0.0,PA,CVM,10.1,1006.35,40.8608,-77.8488,378.0,US-HWB,2016-04-20 12:00:00,2016-04-20 12:00:00-04:00,2016-04-20
15,15,0,0,LC08_016032_20160607,-77.84876608978924,40.860903760753175,2016-06-07 15:51:55.005000192,,,,,,,,,,,,,,,,,,-77.84884417532983,40.86078425103194,,,1,1,,,,,,,0.7558168689080031,1.6431879665848634,24.464916633174177,,914.4574719153212,0.7558168689080031,2.370279287630735,1.6431879665848634,321.13344151438974,,,,,,,,,,,,0.3273203372955322,-96.23528289794922,,,,,0,-77.84876608978924,40.860903760753175,,20.219751494153883,69.32465617700893,2.1476455358502635,274.6877247625195,41.19620212806419,-78.2621922349513,0.9130359888076782,270970,294.0094985,315913,39.636488748345954,-77.28165568630102,0.3635974526405334,581.5037525116702,108.49387516123888,311.5610312,,2016-06-07 15:51:55.005000192+00:00,2016-06-07 16:00:00+00:00,2016-06-07,199.70941074855537,96.93388270833331,55.435139214720856,26.9068105625,1.6698508125,241.2199851875,115.70944110416669,-15.594415588276227,201606071200.0,201606071230.0,-0.0927,104.436,254.119,1.05545,5.76236,3.04376,0.805435,-0.10735,2.75159,8.06892,256.621,23.0338,0.285756,-19.058,-0.134327,23.1185,22.3033,96.7835,53.3105,376.051,371.211,15.0085,14.7866,1.19331,1.12057,0.52967,0.586012,23.169,42.3604,50.6945,63.4635,1.0,0.0,0.0,0.0,22.3033,53.3105,824.242,970.04,141.077,441.891,446.613,1535.77,40.2763,23.9434,24.7703,25.4346,27.6,0.0,PA,CVM,10.1,1006.35,40.8608,-77.8488,378.0,US-HWB,2016-06-07 12:00:00,2016-06-07 12:00:00-04:00,2016-06-07
16,16,0,0,LC08_016032_20160709,-77.84876608978924,40.860903760753175,2016-07-09 15:52:08.901999872,0.0465099999999999,0.0531375,0.090455,0.095735,0.3160925,0.28532,0.173395,308.03363456,21824.0,0.16924362,0.5350723300410973,0.3692388509497083,0.3624986633985047,308.03363456,0.6468465940734583,0.9564684659407344,0.9721345937604424,-77.84884417532983,40.86078425103194,-0.5350723266601562,0.5350723266601562,1,1,-0.5550089472939816,-308.03363456,308.03363456,310.52889169399486,-310.52889169399486,310.52889169399486,0.7493721785594082,1.859961286761025,27.41535038307095,488.2545240103446,894.3838602459164,0.7493721785594082,3.3141431651061466,1.859961286761025,347.74964134957605,587.3721400510484,102.0163778749234,0.0230115845975845,0.4536555148504929,319.0976170901181,11.730649779992088,3.2692828788583057,16.1061947725842,0.0230115845975845,0.4536555148504929,0.5733670543230922,0.3023949861526489,-90.63309478759766,0.248069509942634,1.94771466997682,166.25814508600683,0.3425490290680332,0,-77.84876608978924,40.860903760753175,158.78186359386854,25.760505799002324,56.12193541739932,2.723023351212754,257.7039087088364,41.03427808879182,-77.71358135990343,0.937842845916748,205373,299.7175919,403057,40.11343733798425,-77.5562306394886,0.5074456334114075,532.2239722155582,112.04524677027364,316.2095384,55.23718804054261,2016-07-09 15:52:08.901999872+00:00,2016-07-09 16:00:00+00:00,2016-07-09,242.31791364407965,115.90340833333332,21.717853527189444,10.387895833333332,6.287072583333334,223.391244375,90.81286762500002,-46.93159537960241,201607091200.0,201607091230.0,-0.148386,52.3313,302.48,-2.10638,6.89387,-0.339199,0.153682,0.0297,2.50615,7.18224,267.49,24.5792,0.36364,-78.8864,-0.0325,28.9311,27.5288,97.5488,50.4721,375.373,369.038,19.3342,18.9675,1.12558,1.04507,0.459027,0.472653,31.5052,57.6015,68.9343,86.2976,0.0,0.0,0.0,0.0,27.5288,50.4721,568.518,673.518,101.465,474.851,478.386,1031.2,30.2392,29.3471,39.1279,56.127,31.26,0.0,PA,CVM,10.1,1006.35,40.8608,-77.8488,378.0,US-HWB,2016-07-09 12:00:00,2016-07-09 12:00:00-04:00,2016-07-09
17,17,1,1,LC08_016032_20160725,-77.84876608978924,40.860903760753175,2016-07-25 15:52:13.932000000,,,,,,,,,,,,,,,,,,-77.84884417532983,40.86078425103194,,,1,1,,,,,,,0.7324890251037889,2.5592424193362184,36.93304680687086,,858.5449999225332,0.7324890251037889,4.167699699572887,2.5592424193362184,352.6673350344526,,,,,,,,,,,,0.3301480412483215,-99.12947082519533,,,,,1,-77.84876608978924,40.860903760753175,,29.68791105371476,61.40659365641182,2.178167861980538,206.37700817010463,40.254772093990766,-78.27433477152499,0.932624876499176,160750,300.25763906,254885,39.46369725591982,-77.35375694711752,0.526913046836853,500.9690493423504,106.6998092190542,317.02302716,,2016-07-25 15:52:13.932000+00:00,2016-07-25 16:00:00+00:00,2016-07-25,174.4758636187913,87.7400571875,2.0163579669928766,1.0139818749999998,8.933133937500001,173.00991104166667,75.32273804166667,-12.415444481617476,201607251200.0,201607251230.0,-0.0364,-5.17266,138.453,-5.06754,3.16603,0.22031,-2.84576,-0.0451,1.3842,5.93235,244.574,32.6107,0.181155,99.1392,0.0258,33.4013,30.9463,97.9147,66.2158,375.999,365.559,31.136,30.1958,0.877358,0.657762,0.347814,0.256182,-9999.0,-9999.0,-9999.0,-9999.0,1.0,0.0,0.0,0.0,30.9463,66.2158,353.531,425.574,70.1356,493.367,495.274,748.284,23.0675,30.4436,44.5864,63.1623,31.5,0.0,PA,CVM,10.1,1006.35,40.8608,-77.8488,378.0,US-HWB,2016-07-25 12:00:00,2016-07-25 12:00:00-04:00,2016-07-25
18,18,0,0,LC08_016032_20160810,-77.84876608978924,40.860903760753175,2016-08-10 15:52:15.772999936,,,,,,,,,,,,,,,,,,-77.84884417532983,40.86078425103194,,,1,1,,,,,,,0.7315352805691064,2.4203580811147787,35.04273558920066,,834.3928478720851,0.7315352805691064,3.345844620377585,2.4203580811147787,342.7561591867659,,,,,,,,,,,,0.2581334114074707,-76.94891357421875,,,,,0,-77.84876608978924,40.860903760753175,,25.921357531097804,72.3392253894216,2.0731029649869264,164.31386278937674,39.97920122407148,-77.51573850901971,0.9106641411781312,198594,298.09745042,325291,40.23088888689951,-78.90420930987833,0.4393454492092132,493.7096983164105,113.2596778110381,315.81304808,,2016-08-10 15:52:15.772999936+00:00,2016-08-10 16:00:00+00:00,2016-08-10,110.70577275560991,58.698699833333336,16.74035177853694,8.876112416666667,4.0452225,109.94251385416668,38.32247910416668,-21.548833179980186,201608101200.0,201608101230.0,-0.0428,45.0974,140.08,-10.4492,3.1977,0.308324,-0.0924,0.0378,1.27349,5.24566,176.062,40.9034,0.194937,-14.2382,-0.179798,31.379,29.1773,98.6811,64.8712,383.742,374.501,27.2435,26.521,0.715961,0.908877,0.346566,0.434689,-9999.0,-9999.0,-9999.0,-9999.0,0.0,0.0,0.0,0.0,29.1773,64.8712,424.016,506.059,79.8256,488.971,491.188,928.581,19.5504,28.3049,29.5921,36.9886,33.54,0.0,PA,CVM,10.1,1006.35,40.8608,-77.8488,378.0,US-HWB,2016-08-10 12:00:00,2016-08-10 12:00:00-04:00,2016-08-10
19,19,1,1,LC08_016032_20160826,-77.84876608978924,40.860903760753175,2016-08-26 15:52:23.078000128,,,,,,,,,,,,,,,,,,-77.84884417532983,40.86078425103194,,,1,1,,,,,,,0.7372453746126479,1.9036085247344747,28.00941926526544,,808.280175851644,0.7372453746126479,3.595288869165492,1.9036085247344747,347.5822438493081,,,,,,,,,,,,0.3511373698711395,-105.0992202758789,,,,,1,-77.84876608978924,40.860903760753175,,27.14265855915149,52.947303930443965,1.956090591606778,253.1341543519702,40.59869920743249,-78.12978390371278,0.9178829789161682,160872,299.31084752000004,311078,40.11656316037762,-77.03010079044608,0.6087953448295593,492.6563241928152,87.05847730826041,313.1845907,,2016-08-26 15:52:23.078000128+00:00,2016-08-26 16:00:00+00:00,2016-08-26,151.72918420346213,73.05517604166667,42.50729241228104,20.466581604166667,10.891885416666668,201.62193270833333,97.20828964583332,-3.5064293240765,201608261200.0,201608261230.0,-0.178414,98.41,311.7,-2.26033,7.11344,0.98061,-1.67049,-0.0364,2.03728,6.79354,297.29,39.1788,0.397755,-55.3184,-0.0463,30.4718,28.8949,98.5466,51.6773,388.829,381.347,21.2557,20.8133,1.08987,1.42579,0.391916,0.596223,38.4109,70.2274,84.0442,105.213,0.0,0.0,0.0,0.0,28.8949,51.6773,684.718,834.27,145.588,488.674,492.637,1491.47,25.5278,27.6647,54.5329,41.8191,33.3,0.0,PA,CVM,10.1,1006.35,40.8608,-77.8488,378.0,US-HWB,2016-08-26 12:00:00,2016-08-26 12:00:00-04:00,2016-08-26
20,20,0,0,LC08_016032_20160911,-77.84876608978924,40.860903760753175,2016-09-11 15:52:27.427000064,0.0351249999999999,0.033475,0.0649899999999999,0.027535,0.5494025,0.22174,0.0895199999999999,296.47389092000003,21824.0,0.2047556074999999,0.9045477196403424,0.8914411875234873,0.7268771400383031,296.47389092000003,7.011123666922817,0.98,0.98,-77.84884417532983,40.86078425103194,-0.9045476913452148,0.9045476913452148,1,1,-0.7884414279145661,-296.47389092000003,296.47389092000003,298.8172035633457,-298.8172035633457,298.8172035633457,0.7432271327375246,1.3824950113385597,20.916706489536733,429.2941268124628,770.4037284024844,0.7432271327375246,2.4243800471523937,1.3824950113385597,316.54818632025774,493.5823407545585,23.15920543134182,0.1783601473678927,0.5371908382328681,152.9240492191593,10.883950416474804,1.3981825655307176,13.601617082441049,0.1783601473678927,0.5371908382328681,0.6515421297559855,0.2238276898860931,-65.48538208007812,0.4683645448758708,2.6974648649026483,317.49908610405737,0.6749223459979519,0,-77.84876608978924,40.860903760753175,112.88837340616328,20.585465311346777,57.02468195786373,2.4964351321893385,229.60096360976604,41.22855241622348,-78.65959935873957,0.9173078536987304,166737,292.57051208,308584,39.52187658906772,-77.33687602695173,0.341836929321289,455.0128879293952,84.33846412053819,310.7577965,76.5001035686391,2016-09-11 15:52:27.427000064+00:00,2016-09-11 16:00:00+00:00,2016-09-11,228.7401880438776,106.2883346875,-25.91708228706929,-12.042848875,-6.851790770833333,184.63036354166664,97.23666849999996,-11.340951444308327,201609111200.0,201609111230.0,-0.159916,46.6143,384.384,-24.8354,8.71741,2.56092,-0.0632,-0.126656,2.38081,7.70139,303.08,33.8468,0.372036,-95.4633,-0.0268,23.2982,22.4464,98.5722,52.8842,253.169,249.347,14.7422,14.528,1.18197,1.48784,0.411332,0.526164,35.0291,64.0444,76.6448,95.9503,0.0,0.0,0.0,0.0,22.4464,52.8842,671.476,867.584,191.796,440.011,444.324,1250.31,27.6228,22.6321,5.99962,6.43035,23.21,0.0,PA,CVM,10.1,1006.35,40.8608,-77.8488,378.0,US-HWB,2016-09-11 12:00:00,2016-09-11 12:00:00-04:00,2016-09-11
21,21,1,1,LC08_016032_20160927,-77.84876608978924,40.860903760753175,2016-09-27 15:52:27.760000000,0.0211274999999999,0.0235749999999999,0.0506349999999999,0.0253075,0.4757849999999999,0.1866225,0.0767324999999999,292.41328316,21824.0,0.1743274349999999,0.8989907053089001,0.7762477017267849,0.6749788356220829,292.41328316,4.033694913996059,0.98,0.98,-77.84884417532983,40.86078425103194,-0.8989906907081604,0.8989906907081604,1,1,-0.8076250902321341,-292.41328316,292.41328316,294.62790792536146,-294.62790792536146,294.62790792536146,0.7417553663179464,1.1038175436802222,17.12371478166999,406.2538806713398,712.5811538000993,0.7417553663179464,2.0615719952058624,1.1038175436802222,304.02694289024726,480.05123238989006,18.88786366711705,0.1332379110600376,0.3609104142845326,153.59997725422193,14.278810511624869,1.810091282410156,20.24509072791292,0.1332379110600376,0.3609104142845326,0.4768181455980153,0.3592941462993622,-104.04798889160156,0.4518762723289456,2.496107330091005,307.56339146855106,0.6669293624087517,1,-77.84876608978924,40.860903760753175,106.1420031256196,17.98136451121976,53.54251737252564,1.7468872970473672,222.2370782326052,40.96196320680339,-77.90879902071714,0.9049394726753236,482252,289.58999864,729510,41.13442050860228,-77.45323894614492,0.1428842842578888,467.30820070778776,68.93207559321593,304.68397496,70.7896038813809,2016-09-27 15:52:27.760000+00:00,2016-09-27 16:00:00+00:00,2016-09-27,146.56807073474235,66.01013410416667,20.583493889899675,9.270226354166669,-5.654811666666667,171.82280604166667,102.19725725,10.326053083691304,201609271200.0,201609271230.0,-0.271363,30.0313,242.588,-16.7207,5.49044,0.44958,-1.21387,-0.0327,3.22694,10.4641,271.095,26.6616,0.484215,-324.742,-0.00788,20.6942,20.3424,97.865,40.3299,389.239,386.0,9.90703,9.80984,1.48033,1.42859,0.541596,0.334192,34.7061,63.4538,75.9379,95.0653,0.0,0.0,0.0,0.0,20.3424,40.3299,605.589,781.567,171.302,424.913,429.589,1113.93,24.496,17.6738,14.9338,17.4112,19.86,0.0,PA,CVM,10.1,1006.35,40.8608,-77.8488,378.0,US-HWB,2016-09-27 12:00:00,2016-09-27 12:00:00-04:00,2016-09-27
22,22,0,0,LC08_016032_20161029,-77.84876608978924,40.860903760753175,2016-10-29 15:52:35.024000000,,,,,,,,,,,,,,,,,,-77.84884417532983,40.86078425103194,,,1,1,,,,,,,0.7123521164559893,1.1007593572331371,17.082090764011248,,552.857720218154,0.7123521164559893,1.7533616150783808,1.1007593572331371,280.6737663409015,,,,,,,,,,,,0.3508825600147247,-99.3177719116211,,,,,0,-77.84876608978924,40.860903760753175,,15.432027977789517,62.77993927589944,1.997688103845845,116.54745230296432,41.098170986680806,-77.66191857691163,0.7508577704429626,87848,283.05132638,129487,39.58924819992398,-77.15120550729446,0.311024397611618,324.2643142353998,36.325384195529466,293.069543,,2016-10-29 15:52:35.024000+00:00,2016-10-29 16:00:00+00:00,2016-10-29,72.55237948960914,25.36658570833333,-41.62663084757602,-14.55397475,7.585875416666667,84.6590203125,66.2605339375,46.14739625380022,201610291200.0,201610291230.0,-0.126909,7.55798,69.3416,-1.96319,1.57224,2.06255,2.65449,-0.144094,2.8019,9.03911,240.615,22.9989,0.33219,-417.512,-0.00613,23.2625,22.215,98.0407,53.1981,387.464,382.843,14.7011,14.4881,1.24001,1.16699,0.583959,0.206982,24.1723,44.1947,52.8897,66.2117,1.0,1.0,0.0,0.0,22.215,53.1981,239.767,296.921,54.936,431.995,434.213,408.828,37.5684,12.6102,41.3357,51.5356,20.13,0.0,PA,CVM,10.1,1006.35,40.8608,-77.8488,378.0,US-HWB,2016-10-29 12:00:00,2016-10-29 12:00:00-04:00,2016-10-29
23,23,0,0,LC08_016032_20161114,-77.84876608978924,40.860903760753175,2016-11-14 15:52:34.026000128,0.03584,0.04519,0.0790699999999999,0.1024725,0.2453624999999999,0.2493225,0.1687475,284.86287698,21824.0,0.1425691975,0.4107982232955279,0.234819862976554,0.252802726945691,284.86287698,0.329382437266548,0.9532938243726654,0.9710869620429796,-77.84884417532983,40.86078425103194,-0.4107982218265533,0.4107982218265533,1,1,-0.512564246800182,-284.86287698,284.86287698,287.07708338175524,-287.07708338175524,287.07708338175524,0.7191496263004903,0.5089922218337538,9.027733673649738,355.9207132508512,493.26586651076246,0.7191496263004903,1.0920445256365243,0.5089922218337538,277.84027177397,331.8840497614783,21.81443183630453,0.0124224659614349,0.1557252279285001,150.61237561591844,21.88333445452301,2.6359776616568524,46.92023366434752,0.0124224659614349,0.1557252279285001,0.2349516087506223,0.5777629613876343,-163.2265167236328,0.2325845182436894,0.6316655694996878,159.45724230925532,0.5142627109881358,0,-77.84876608978924,40.860903760753175,35.08765746574106,8.261757644741401,46.60910886733996,0.9982587312942002,131.4635888606084,40.61742734004385,-77.95229885178613,0.7599924802780151,529582,282.51469724000003,758468,39.884077755714586,-77.55259828209904,0.3873573839664459,303.69565226468785,25.80477057632809,289.1730002,17.914035551011146,2016-11-14 15:52:34.026000128+00:00,2016-11-14 16:00:00+00:00,2016-11-14,61.35475319223407,15.324266375,30.130980106742708,7.525662499999999,-9.804567916666668,96.78586797916668,83.74050702083333,15.104702596856558,201611141100.0,201611141130.0,-0.135432,42.6197,59.8177,-0.293319,1.34375,2.10772,-0.603826,-0.14271,1.85528,6.62284,265.719,32.1648,0.336506,-76.9189,-0.0333,12.1334,12.5712,98.2326,26.2009,402.096,401.124,3.88641,3.87137,0.948035,1.03486,0.377374,0.440459,34.6332,63.3205,75.7785,94.8656,0.0,0.0,0.0,0.0,12.5712,26.2009,420.341,543.366,117.499,378.101,383.629,764.616,32.5469,5.75144,16.6815,17.5614,13.43,0.0,PA,CVM,10.1,1006.35,40.8608,-77.8488,378.0,US-HWB,2016-11-14 11:00:00,2016-11-14 11:00:00-05:00,2016-11-14
24,24,0,0,LC08_016032_20170101,-77.84876608978924,40.860903760753175,2017-01-01 15:52:26.540000000,,,,,,,,,,,,,,,,,,-77.84884417532983,40.86078425103194,,,1,1,,,,,,,0.6969678180977408,0.3921703694484462,7.437708038931552,,397.708608203947,0.6969678180977408,0.6317104463123216,0.3921703694484462,245.4936280333751,,,,,,,,,,,,0.3703396618366241,-101.2314453125,,,,,0,-77.84876608978924,40.860903760753175,,0.4634330262560728,62.08071621069168,1.1782309013936612,104.9031643436186,41.08544599363682,-78.7076980722327,0.7916349768638611,171035,273.3475676,259068,39.81571465700597,-78.10585674220316,0.3249349296092987,234.81502393393367,11.9764474489457,281.94046988,,2017-01-01 15:52:26.540000+00:00,2017-01-01 16:00:00+00:00,2017-01-01,45.09842682036256,12.76786975,-21.247641582314408,-6.015445312500002,-2.130545625,78.55131625,73.9294374375,56.83107663695185,201701011100.0,201701011130.0,-0.106882,27.1801,41.6259,0.221472,0.926656,0.33928,-0.717736,-0.0223,2.49169,6.49942,264.753,22.5951,0.293243,-80.0826,-0.025,3.01565,3.08721,98.708,53.5384,392.852,391.894,4.1408,4.12372,0.97028,1.01134,0.401375,0.227051,19.7111,36.0381,43.1284,53.9916,0.0,0.0,0.0,0.0,3.08721,53.5384,352.333,452.994,96.2849,330.359,334.735,619.785,36.7476,1.73604,2.59369,-3.41722,4.209,0.0,PA,CVM,10.1,1006.35,40.8608,-77.8488,378.0,US-HWB,2017-01-01 11:00:00,2017-01-01 11:00:00-05:00,2017-01-01
25,25,0,0,LC08_016032_20170218,-77.84876608978924,40.860903760753175,2017-02-18 15:52:09.304000000,0.0393324999999999,0.0509375,0.0810775,0.1052225,0.1701774999999999,0.1944325,0.1381125,280.90822784,21824.0,0.1161244825,0.2358569353667392,0.1143991863224681,0.1256545009027598,280.90822784,0.0488526218733167,0.9504885262187333,0.970161213652182,-77.84884417532983,40.86078425103194,-0.2358569353818893,0.2358569353818893,1,1,-0.3546198085610235,-280.90822784,280.90822784,283.4751365856982,-283.4751365856982,283.4751365856982,0.7249256208472685,0.7613063687449588,12.46190248196186,335.57359249192325,565.2630487529336,0.7249256208472685,1.27889409991397,0.7613063687449588,264.7901387992736,415.72856603277904,19.939270311523583,0.0060795675940885,0.3100764097551728,138.48565085985467,16.851876917643256,1.8472729188284087,23.564075988909085,0.0060795675940885,0.3100764097551728,0.3888179410035627,0.4415476322174072,-123.32050323486328,0.3740146819550787,1.576430602424275,257.3036448614008,0.6501025865101044,0,-77.84876608978924,40.860903760753175,69.50867483613432,10.607954466012538,59.52849174893927,2.134341597327193,165.15867125862562,41.04127657673523,-77.03292012210792,0.6167992949485779,184717,279.29150438,279142,40.1199737599138,-76.97352479216211,0.2394353151321411,345.9884390151213,26.49516363694624,288.9337388,44.70757188475243,2017-02-18 15:52:09.304000+00:00,2017-02-18 16:00:00+00:00,2017-02-18,150.66069509875848,39.749167729166665,-38.08103089319372,-10.0470085,8.3546653125,132.10698870833332,94.05016416666666,11.172659190268554,201702181100.0,201702181130.0,-0.143144,32.0958,83.7773,0.0238,1.89119,0.708069,-1.59258,-0.0765,2.82416,8.60122,240.292,18.8774,0.35101,-115.173,-0.0174,17.0513,17.6503,97.2487,35.6332,402.052,399.931,7.42829,7.37351,1.08461,1.06454,0.534557,0.403327,18.0979,33.0887,39.5988,49.5729,0.0,0.0,0.0,0.0,17.6503,35.6332,515.46,616.16,96.2201,400.558,405.038,874.325,29.4679,3.28145,16.6781,19.3292,16.41,0.0,PA,CVM,10.1,1006.35,40.8608,-77.8488,378.0,US-HWB,2017-02-18 11:00:00,2017-02-18 11:00:00-05:00,2017-02-18
26,26,0,0,LC08_016032_20170306,-77.84876608978924,40.860903760753175,2017-03-06 15:52:02.536000000,0.0531375,0.0605074999999999,0.090235,0.1220525,0.19446,0.257985,0.192315,280.44679514,21824.0,0.1393221625,0.2287666363887682,0.1228938156359393,0.1330184779779856,280.44679514,0.0632862325609322,0.9506328623256092,0.970208844567451,-77.84884417532983,40.86078425103194,-0.2287666350603103,0.2287666350603103,1,1,-0.3660935386993098,-280.44679514,280.44679514,282.93781236635,-282.93781236635,282.93781236635,0.764396875915657,0.3373562667204459,6.691650458932434,333.42472968307726,677.4688445017566,0.764396875915657,0.8357805361562879,0.3373562667204459,257.76354257225404,494.6961846549692,23.32880771466758,0.0063364528545777,0.2147165241453955,153.69461746607234,19.843589166969124,2.4044880306013,34.02935154115705,0.0063364528545777,0.2147165241453955,0.2933267143431097,0.5475402474403381,-152.51535034179688,0.4615303682220397,1.4424090743201188,317.67275947422934,0.6739387896045729,0,-77.84876608978924,40.860903760753175,61.38135110303155,4.388692845336479,40.36421669639857,1.472072465285498,137.16869277695275,41.15692984358508,-77.73722752480616,0.7131238579750061,232266,278.54637602,347608,41.000047477727456,-78.34699785257753,0.1182971894741058,452.9228737390798,40.33302018416235,287.32043336000004,40.906721347718566,2017-03-06 15:52:02.536000+00:00,2017-03-06 16:00:00+00:00,2017-03-06,52.69668524989706,19.154571666666666,28.203063721304005,10.25145325,1.5774300625000002,95.37044310416668,64.386988125,12.893264070465603,201703061100.0,201703061130.0,-0.0747,66.2287,60.1891,-1.64335,1.34362,2.87224,0.797625,0.0139,1.8983,5.14174,217.71,27.1983,0.245588,-19.3866,-0.103164,5.28146,5.99813,99.3086,31.3909,401.41,400.8,2.95504,2.94634,0.843317,0.852661,0.349945,0.610719,19.0868,34.8968,41.7625,52.2817,0.0,0.0,0.0,0.0,5.99813,31.3909,573.174,690.962,112.907,349.464,354.345,957.236,28.9536,2.71413,3.41971,-3.47112,14.63,0.0,PA,CVM,10.1,1006.35,40.8608,-77.8488,378.0,US-HWB,2017-03-06 11:00:00,2017-03-06 11:00:00-05:00,2017-03-06
27,27,1,1,LC08_016032_20170322,-77.84876608978924,40.860903760753175,2017-03-22 15:51:52.252000000,0.0471149999999999,0.0558049999999999,0.0910599999999999,0.125435,0.1892625,0.235765,0.1800225,279.96485432,21824.0,0.1343487325,0.2028217574019494,0.1047496118713217,0.1175175448556058,279.96485432,0.0331213714032555,0.9503312137140324,0.9701093005256308,-77.84884417532983,40.86078425103194,-0.2028217613697052,0.2028217613697052,1,1,-0.350319721035593,-279.96485432,279.96485432,282.3542414170775,-282.3542414170775,282.3542414170775,0.7873872153206317,0.2103829528553646,4.96345646227579,331.0336277648501,778.0092987930864,0.7873872153206317,0.5067863998172312,0.2103829528553646,240.70712632912668,571.2026033761473,25.163540604570244,0.0058078118444554,0.5269063914763209,293.9425335927018,10.97180251204602,2.5360323738241,13.867100874154726,0.0058078118444554,0.5269063914763209,0.6269902428113706,0.3245587646961212,-89.1045150756836,0.3660545037163726,2.218395280774168,252.09652917887524,0.4616822245267351,1,-77.84876608978924,40.860903760753175,137.88138875413006,-2.537662073477206,41.51314102573346,3.642788058438039,260.48392290174263,40.72333295852334,-78.83416413978425,0.7802795767784119,423583,274.54045658,585369,39.77142956101629,-78.3192292941939,0.2634274661540985,510.6824525517717,42.645420219068,286.62315728,62.9136901627554,2017-03-22 15:51:52.252000+00:00,2017-03-22 16:00:00+00:00,2017-03-22,178.51978752364752,62.98914375,147.9464087905446,52.20159479166667,-7.27216925,219.43197585416667,111.51340656249997,-99.76205121002548,201703221200.0,201703221230.0,-0.37514,217.136,179.138,-1.45795,3.97821,0.912834,-0.753515,-0.00705,4.99415,14.6062,318.247,30.1243,0.54547,-64.6813,-0.0309,0.098,0.527828,99.1127,28.1446,395.387,395.192,1.80079,1.79755,2.07052,2.76085,0.716802,0.721307,20.3641,37.232,44.5572,55.7803,1.0,0.0,0.0,0.0,0.527828,28.1446,730.25,887.97,151.72,317.802,323.802,1227.01,36.0672,5.45858,15.1935,16.2361,8.89,0.0,PA,CVM,10.1,1006.35,40.8608,-77.8488,378.0,US-HWB,2017-03-22 12:00:00,2017-03-22 12:00:00-04:00,2017-03-22
28,28,0,0,LC08_016032_20170423,-77.84876608978924,40.860903760753175,2017-04-23 15:51:35.799000064,0.041945,0.0520375,0.0850374999999999,0.1145175,0.261065,0.3185675,0.2263049999999999,300.47981036,21824.0,0.16148004,0.3901872424833425,0.2351700338037617,0.2510571533807494,300.47981036,0.3250036508059438,0.9532500365080594,0.9710725120476597,-77.84884417532983,40.86078425103194,-0.3901872336864471,0.3901872336864471,1,1,-0.5085993311230055,-300.47981036,300.47981036,302.7611374388258,-302.7611374388258,302.7611374388258,0.775321784703606,0.7556413552196082,12.384797757610944,440.6066782502583,883.1927738210547,0.775321784703606,1.5302115681644348,0.7556413552196082,267.715960087266,555.168339853438,80.24763259459631,0.0123011958469523,0.1243327937294993,522.4403287293529,15.404986657461023,6.724750375926149,58.76699029007191,0.0123011958469523,0.1243327937294993,0.2260632670873527,0.3168976306915283,-89.21953582763672,-0.0703679298897875,-0.6345081847198406,-47.5196214705112,-0.1000580112515751,0,-77.84876608978924,40.860903760753175,178.43182512298824,13.328007205822072,49.38149540498101,0.7978283162391951,311.4792759702739,39.47057450992254,-77.29366026890071,0.8595578074455261,261704,281.54056154,359626,40.825205898481975,-77.68760499113478,0.2359276413917541,514.4437032848551,80.6244715909617,299.35869979999995,-17.994652118654678,2017-04-23 15:51:35.799000064+00:00,2017-04-23 16:00:00+00:00,2017-04-23,98.00414837703198,49.74699329166666,93.66128606235472,47.5425525,0.7574508125000001,242.513870625,144.46687402083333,50.09098537311327,201704231200.0,201704231230.0,-0.0588,187.437,169.759,-5.18435,3.83054,0.903568,-1.80064,-0.102424,0.733037,4.13875,33.0222,69.212,0.223401,-5.12894,-0.389944,15.619,17.2115,98.4367,39.2008,402.548,400.353,7.85597,7.79473,0.860018,0.767544,0.31278,0.918009,19.3573,35.3912,42.3543,53.0225,0.0,0.0,0.0,0.0,17.2115,39.2008,709.075,879.838,165.17,416.167,421.759,1222.66,31.0109,13.3718,26.6273,28.3251,20.57,0.0,PA,CVM,10.1,1006.35,40.8608,-77.8488,378.0,US-HWB,2017-04-23 12:00:00,2017-04-23 12:00:00-04:00,2017-04-23
29,29,0,0,LC08_016032_20170509,-77.84876608978924,40.860903760753175,2017-05-09 15:51:35.642999808,0.0473349999999999,0.060535,0.1026099999999999,0.1413575,0.27751,0.3437575,0.2533925,299.1707087,21824.0,0.17898126,0.3250490907029071,0.203620839982233,0.2222613706546373,299.1707087,0.2551789904366454,0.9525517899043664,0.9708420906684408,-77.84884417532983,40.86078425103194,-0.3250491023063659,0.3250491023063659,1,1,-0.4601178575186783,-299.1707087,299.1707087,301.43316179689333,-301.43316179689333,301.43316179689333,0.7882509203018975,0.5714510539197935,9.87784126999061,432.66118682525655,931.4794005551266,0.7882509203018975,1.3187112901580398,0.5714510539197935,293.6397680421781,611.8079435901485,87.70288440348787,0.0104631983559007,0.2220363259134704,564.5266328616515,14.422895039486631,6.767432961704202,32.907516604677,0.0104631983559007,0.2220363259134704,0.3401959513757686,0.5256093144416809,-151.66864013671875,-0.0597799125348229,-0.486026237927339,-40.421573674990896,-0.0771249446393813,0,-77.84876608978924,40.860903760753175,177.5462688844918,11.06859113440778,43.33405334319299,1.4485594658250998,306.74618835177034,40.387042916933794,-76.82190618437296,0.8898585438728333,582560,288.5577566,713465,40.017209005341336,-77.53259974820867,0.3940529823303222,593.1513884182808,88.78489158313589,300.33625352,-13.783704107619334,2017-05-09 15:51:35.642999808+00:00,2017-05-09 16:00:00+00:00,2017-05-09,100.45561887820188,53.46987058333334,111.74665889724548,59.47979272916667,3.092997604166666,264.0275795833333,147.98491866666663,48.732304203719295,201705091200.0,201705091230.0,-0.163573,195.722,139.741,-1.65808,3.14735,1.39126,0.539751,0.0428,2.5992,8.24906,281.306,30.3664,0.372093,-22.6086,-0.0885,14.31,15.2862,97.9841,26.0574,400.363,399.26,4.62529,4.604,1.42991,1.16872,0.403278,0.958425,23.7578,43.4368,51.9827,65.0762,1.0,0.0,0.0,1.0,15.2862,26.0574,799.79,980.651,175.207,399.942,405.595,1378.79,37.6166,12.3454,34.2508,29.1381,18.59,0.0,PA,CVM,10.1,1006.35,40.8608,-77.8488,378.0,US-HWB,2017-05-09 12:00:00,2017-05-09 12:00:00-04:00,2017-05-09
30,30,0,0,LC08_016032_20170610,-77.84876608978924,40.860903760753175,2017-06-10 15:51:54.528000000,,,,,,,,,,,,,,,,,,-77.84884417532983,40.86078425103194,,,1,1,,,,,,,0.7539535674206939,1.7212398659848482,25.527256583709228,,912.4278627722628,0.7539535674206939,2.658246509958343,1.7212398659848482,321.43208696967235,,,,,,,,,,,,0.2132216244935989,-62.691368103027344,,,,,0,-77.84876608978924,40.860903760753175,,22.088621914315013,64.75094990388313,2.532093874053959,283.06290417751194,40.50826535455033,-78.55603361173782,0.8852155208587646,250656,294.01975256000003,364344,39.52180639491031,-77.34036342922626,0.3928088843822479,483.725201404204,115.50382521000404,317.93222048,,2017-06-10 15:51:54.528000+00:00,2017-06-10 16:00:00+00:00,2017-06-10,102.43559266067663,48.781752875,111.04509835734056,52.88176116666667,13.718181916666666,232.2962765625,116.91458060416667,5.097403627816135,201706101200.0,201706101230.0,-0.181219,171.942,173.353,-2.71491,3.95023,1.21823,0.176791,-0.184148,2.28485,7.67404,249.394,30.6599,0.400195,-32.1406,-0.0622,27.9838,27.3515,98.2042,44.0476,382.333,377.063,16.5422,16.273,1.19232,1.23603,0.566014,0.847981,19.201,35.1055,42.0123,52.5944,0.0,0.0,0.0,0.0,27.3515,44.0476,783.537,960.952,173.109,474.604,478.91,1917.68,32.0897,24.0444,44.3611,58.294,29.36,0.0,PA,CVM,10.1,1006.35,40.8608,-77.8488,378.0,US-HWB,2017-06-10 12:00:00,2017-06-10 12:00:00-04:00,2017-06-10
31,31,1,1,LC08_016032_20170626,-77.84876608978924,40.860903760753175,2017-06-26 15:51:59.676000000,,,,,,,,,,,,,,,,,,-77.84884417532983,40.86078425103194,,,1,1,,,,,,,0.7692649175333488,1.1589582274210797,17.874217353523385,,926.7632915585714,0.7692649175333488,2.1614861131756027,1.1589582274210797,299.852800436332,,,,,,,,,,,,0.2442251592874527,-70.6875991821289,,,,,1,-77.84876608978924,40.860903760753175,,18.73618073649667,53.61858308302367,2.198832095270624,262.526355690176,40.64970555676936,-78.81397818149624,0.9479973912239076,219555,289.43618774000004,288890,39.52187658906772,-77.33687602695173,0.3494891226291656,523.0872144129639,103.00649860270204,309.28121186,,2017-06-26 15:51:59.676000+00:00,2017-06-26 16:00:00+00:00,2017-06-26,132.96976603643773,67.32829445833333,82.56548996492913,41.806448083333336,1.4097829166666669,230.71155708333333,120.167031625,13.7665181652998,201706261200.0,201706261230.0,-0.182762,102.324,173.441,-11.5378,3.93347,1.43121,-0.0871,-0.0874,2.41967,8.41451,247.489,31.5024,0.398015,-53.1074,-0.0377,22.6767,22.4479,98.2893,39.1727,382.631,379.358,10.911,10.7932,1.15742,1.45464,0.539029,0.646169,19.8791,36.3453,43.4961,54.4519,0.0,0.0,0.0,0.0,22.4479,39.1727,654.57,808.561,149.357,439.272,443.906,1352.78,36.0077,21.8036,33.5593,30.753,28.26,0.0,PA,CVM,10.1,1006.35,40.8608,-77.8488,378.0,US-HWB,2017-06-26 12:00:00,2017-06-26 12:00:00-04:00,2017-06-26
32,32,0,0,LC08_016032_20170813,-77.84876608978924,40.860903760753175,2017-08-13 15:52:16.341000192,0.0121624999999999,0.01593,0.0320449999999999,0.0196425,0.26486,0.08897,0.0360874999999999,298.38456410000003,21824.0,0.0970812549999999,0.8619168548606778,0.4852947579240682,0.4688656186564096,298.38456410000003,1.078408747030308,0.9607840874703032,0.9735587488652,-77.84884417532983,40.86078425103194,-0.8619168400764465,0.8619168400764465,1,1,-0.7841397079874034,-298.38456410000003,298.38456410000003,300.9428240895237,-300.9428240895237,300.9428240895237,0.7512722102376928,1.5195265756385845,22.78180018180193,431.8314526023454,851.5915136462191,0.7512722102376928,2.6175538758512764,1.5195265756385845,321.07728795007824,645.5724372623049,37.22240239931049,0.0418369556681168,0.2431349104730901,268.68873851262646,16.328091470783665,3.683138451551656,30.05189204471604,0.0418369556681168,0.2431349104730901,0.3593359209212741,0.5196934342384338,-152.71487426757812,0.502090061227192,3.317251740776189,339.661296350368,0.5583320077015572,0,-77.84876608978924,40.860903760753175,167.47080255034916,21.8356024180515,58.05139636884862,1.3632093794729103,248.07693669596648,41.17360972671328,-78.67119554135375,0.9485668540000916,208513,293.8556876,380259,41.1341917299163,-77.46395220123459,0.6826074123382568,547.9318573506283,74.30648620216554,304.71473714,94.07725936841273,2017-08-13 15:52:16.341000192+00:00,2017-08-13 16:00:00+00:00,,,,,,,,,,,,,,,,,,,,,,,,,,,,,,,,,,,,,,,,,,,,,,,,,,,,,,,,,,,,,,,,,,,,US-HWB,,,2017-08-13
33,33,0,0,LC08_016032_20171016,-77.84876608978924,40.860903760753175,2017-10-16 15:52:31.657000192,,,,,,,,,,,,,,,,,,-77.84884417532983,40.86078425103194,,,1,1,,,,,,,0.7447881754416676,0.6273788497469565,10.63905697786324,,636.5414578351551,0.7447881754416676,1.30058402670261,0.6273788497469565,278.6569657160815,,,,,,,,,,,,0.4802529513835907,-136.12173461914062,,,,,0,-77.84876608978924,40.860903760753175,,10.86041841268589,48.23824042630751,2.9282573363318867,131.75373109130786,40.29017572778984,-77.48171546227505,0.8690478801727295,217637,283.43756264,343709,40.32640512796912,-78.90795072424906,0.2510012686252594,437.8532085303938,38.56191395819594,291.25457438,,2017-10-16 15:52:31.657000192+00:00,2017-10-16 16:00:00+00:00,2017-10-16,160.29149799478145,57.28148208333334,39.07520332825424,13.963844541666669,-18.675631541666668,121.93342354166668,69.36372845833333,-58.757646239702346,201710161200.0,201710161230.0,-0.208323,124.862,164.555,-1.42345,3.70003,1.48284,-0.83662,-0.0356,3.75932,10.8921,313.277,35.8239,0.417626,-50.3207,-0.0527,13.2853,13.5447,98.5355,41.4659,385.66,384.123,6.55202,6.50937,1.68964,2.45653,0.747839,0.42773,17.4674,31.936,38.2192,47.8459,1.0,1.0,1.0,1.0,13.5447,41.4659,570.9,705.032,128.937,383.864,389.06,1192.57,36.5194,17.7147,5.76392,10.7425,17.22,0.0,PA,CVM,10.1,1006.35,40.8608,-77.8488,378.0,US-HWB,2017-10-16 12:00:00,2017-10-16 12:00:00-04:00,2017-10-16
34,34,0,0,LC08_016032_20171117,-77.84876608978924,40.860903760753175,2017-11-17 15:52:28.000999936,,,,,,,,,,,,,,,,,,-77.84884417532983,40.86078425103194,,,1,1,,,,,,,0.7209426408946715,0.4210943267719591,7.831382960727813,,484.1158982377745,0.7209426408946715,0.7539723060606771,0.4210943267719591,255.516101251166,,,,,,,,,,,,0.2627266943454742,-72.69844055175781,,,,,0,-77.84876608978924,40.860903760753175,,2.9292960077740435,55.8501052872983,2.099744868768458,116.94080738297318,41.08242514342129,-77.24703315515065,0.7675086855888367,387212,276.70748126,552342,39.58924819992398,-77.15120550729446,0.2613804936408996,262.45262983916257,22.61883739574404,287.32385138,,2017-11-17 15:52:28.000999936+00:00,2017-11-17 16:00:00+00:00,2017-11-17,86.84128837763694,22.811560083333333,32.24299234349641,8.4696228125,-11.525832916666667,94.408716875,74.65336689583333,-13.149730929466685,201711171100.0,201711171130.0,-0.403849,75.9818,44.7707,-5.77439,0.997891,2.10622,0.967502,0.216906,3.35012,8.63374,263.405,27.8385,0.571238,-211.878,-0.0125,4.16349,4.38073,98.7677,56.0411,390.07,389.07,4.74795,4.72551,1.25319,1.73642,0.679099,0.361128,24.2411,44.3204,53.0402,66.4001,0.0,0.0,1.0,0.0,4.38073,56.0411,400.369,519.747,114.686,336.304,340.996,838.968,33.8617,7.1272,1.48708,9.62449,7.474,0.0,PA,CVM,10.1,1006.35,40.8608,-77.8488,378.0,US-HWB,2017-11-17 11:00:00,2017-11-17 11:00:00-05:00,2017-11-17
35,35,0,0,LC08_016032_20171203,-77.84876608978924,40.860903760753175,2017-12-03 15:52:22.780000000,0.0316599999999999,0.0407075,0.0727725,0.076815,0.25771,0.1986675,0.1247475,280.04346878,21824.0,0.132142325,0.5407518122711306,0.3199883251447195,0.3251460411611395,280.04346878,0.5281597540153748,0.9552815975401536,0.9717429271882508,-77.84884417532983,40.86078425103194,-0.5407518148422241,0.5407518148422241,1,1,-0.5595984658794337,-280.04346878,280.04346878,282.45334086848555,-282.45334086848555,282.45334086848555,0.6919861695351698,0.6638215120860687,11.13506663815737,333.1319325654086,418.10678342481526,0.6919861695351698,0.9127622674658264,0.6638215120860687,257.3021083700175,275.5212175335402,11.22068707957037,0.0186542878334978,0.1453916637390148,101.2815113088484,24.41470498714641,1.949301789043389,50.25504140976628,0.0186542878334978,0.1453916637390148,0.2191260108127724,0.3249489963054657,-89.83362579345703,0.236732645315043,0.4332318413490091,163.01901914512143,0.616794142883919,0,-77.84876608978924,40.860903760753175,20.153431825613595,5.651123130721912,72.72666013343087,0.892897532055734,105.12870532258628,41.03053308874466,-78.79273370376758,0.7786831855773926,510094,276.45454778,808592,39.63642004597812,-77.28514897340416,0.2951845228672027,224.1308841874988,16.935811747894846,286.48301846,12.2864550206579,2017-12-03 15:52:22.780000+00:00,2017-12-03 16:00:00+00:00,2017-12-03,44.90391593255306,9.350331068181818,22.81415469151637,4.750585666666667,-9.09256875,76.24161916666667,71.23327118181818,17.616117292597227,201712031100.0,201712031130.0,-0.0763,33.4738,42.6478,-3.54558,0.95386,5.76141,0.548004,-0.705458,1.46632,4.42901,257.711,29.1068,0.25019,-40.4041,-0.0656,7.17029,8.00035,98.6989,65.2802,413.774,412.007,7.12333,7.07295,0.72612,0.753725,0.309274,0.456508,23.4956,42.9574,51.409,64.358,0.0,0.0,0.0,0.0,8.00035,65.2802,331.643,437.123,100.777,352.745,357.449,698.045,31.1611,5.64897,7.6021,11.0685,9.19,0.0,PA,CVM,10.1,1006.35,40.8608,-77.8488,378.0,US-HWB,2017-12-03 11:00:00,2017-12-03 11:00:00-05:00,2017-12-03
36,36,1,1,LC08_016032_20171219,-77.84876608978924,40.860903760753175,2017-12-19 15:52:25.644000000,,,,,,,,,,,,,,,,,,-77.84884417532983,40.86078425103194,,,1,1,,,,,,,0.6771353334198937,0.7853227164041734,12.788781466079543,,385.54868782463984,0.6771353334198937,0.8702712282506234,0.7853227164041734,267.6360587744616,,,,,,,,,,,,0.1232627779245376,-34.36936950683594,,,,,1,-77.84876608978924,40.860903760753175,,4.966467440886644,90.23884634021402,2.8178509524767783,41.43003353035819,40.4379808292527,-79.05690942186436,0.716037392616272,297549,278.83007168,472505,39.51968453844904,-77.2977183378758,0.3446502983570099,172.43750909225358,19.62718163956025,294.71361062,,2017-12-19 15:52:25.644000+00:00,2017-12-19 16:00:00+00:00,,,,,,,,,,,,,,,,,,,,,,,,,,,,,,,,,,,,,,,,,,,,,,,,,,,,,,,,,,,,,,,,,,,,US-HWB,,,2017-12-19
37,37,0,0,LC08_016032_20180205,-77.84876608978924,40.860903760753175,2018-02-05 15:52:05.430000128,,,,,,,,,,,,,,,,,,-77.84884417532983,40.86078425103194,,,1,1,,,,,,,0.7425729895955459,0.1832325795997346,4.593921237596815,,518.113400599159,0.7425729895955459,0.3173821418834988,0.1832325795997346,211.6930738345413,,,,,,,,,,,,0.3553172647953033,-94.00146484375,,,,,0,-77.84876608978924,40.860903760753175,,-8.666915349782148,57.73247937402656,2.6916729313918166,153.66051298835254,40.40038312042856,-76.98027850711964,0.9663529396057128,5322,264.55642016,7765,39.36613673444948,-77.2014466989686,0.2878373265266418,361.5991668764256,3.0011008567166537,273.62442722000003,,2018-02-05 15:52:05.430000128+00:00,2018-02-05 16:00:00+00:00,,,,,,,,,,,,,,,,,,,,,,,,,,,,,,,,,,,,,,,,,,,,,,,,,,,,,,,,,,,,,,,,,,,,US-HWB,,,2018-02-05
38,38,1,1,LC08_016032_20180221,-77.84876608978924,40.860903760753175,2018-02-21 15:51:59.816000000,,,,,,,,,,,,,,,,,,-77.84884417532983,40.86078425103194,,,1,1,,,,,,,0.7014053622421145,1.5582305714755529,23.30858814390196,,559.4143431780237,0.7014053622421145,1.813462071447376,1.5582305714755529,306.3757969340047,,,,,,,,,,,,0.3620183169841766,-104.63395690917967,,,,,1,-77.84876608978924,40.860903760753175,,15.958410320672405,85.92573266403554,1.954743440171399,92.42316510357352,40.96528584725503,-77.33538247162076,0.6553294062614441,240090,289.02944336,376042,39.731313670857695,-77.76781141007726,0.1963428109884262,319.3697336354465,44.29342264885882,298.12479458,,2018-02-21 15:51:59.816000+00:00,2018-02-21 16:00:00+00:00,2018-02-21,83.02273619233738,20.3323368125,-24.72574925483739,-6.055356458333333,18.93923014583333,77.23621708333333,44.02000658333333,7.105427357601002e-15,201802211100.0,201802211130.0,-0.0564,-33.8687,37.6634,1.43937,0.852331,-0.984031,0.212226,0.0137,3.75209,7.70582,231.511,11.4217,0.219795,27.1455,0.1643,21.3371,20.225,98.8546,59.7873,399.121,394.67,14.5002,14.293,0.925789,0.652895,0.519214,0.1762,32.187,58.8481,70.4261,88.1651,1.0,1.0,1.0,1.0,20.225,59.7873,92.7919,109.761,16.656,418.252,418.566,183.127,35.4395,11.7646,51.3269,66.9315,16.67,0.0,PA,CVM,10.1,1006.35,40.8608,-77.8488,378.0,US-HWB,2018-02-21 11:00:00,2018-02-21 11:00:00-05:00,2018-02-21
39,39,0,0,LC08_016032_20180325,-77.84876608978924,40.860903760753175,2018-03-25 15:51:43.860000000,0.0479674999999999,0.05696,0.0908674999999999,0.1175425,0.2752275,0.27718,0.2073025,281.48929124,21824.0,0.16291895,0.4014690531354228,0.2537931767080361,0.264936657817803,281.48929124,0.3603124600572207,0.9536031246005722,0.9711890311181888,-77.84884417532983,40.86078425103194,-0.4014690518379211,0.4014690518379211,1,1,-0.5035851350059412,-281.48929124,281.48929124,283.8874249206029,-283.8874249206029,283.8874249206029,0.7844182478099861,0.2782430963288335,5.887079615781271,339.46752534598795,787.5250148633539,0.7844182478099861,0.6553916852051892,0.2782430963288335,239.41864985113244,548.0651135827841,28.70706268911261,0.0132991389950541,0.392715396338566,424.4601465081736,12.382062416206464,4.131859034295459,18.60549433498608,0.0132991389950541,0.392715396338566,0.5153141193725734,0.4211103916168213,-115.41608428955078,0.1379971329135917,0.7410485967314777,94.89790438549784,0.1827215429166926,0,-77.84876608978924,40.860903760753175,116.20699004453846,0.9721763658936252,42.45447456992402,2.499734345512352,229.3223608841461,39.96117164445733,-78.01094711090737,0.7895854115486145,202899,274.07560586,309752,40.83098149006258,-76.86033423184371,0.235814169049263,500.8903280967976,34.78274501314092,285.32089166000003,21.016138203304703,2018-03-25 15:51:43.860000+00:00,2018-03-25 16:00:00+00:00,2018-03-25,86.65458785744806,31.84349895833333,115.3249595280623,42.37917829166667,-1.922661479166667,191.53984166666663,119.23982589583332,-8.517044239677034,201803251200.0,201803251230.0,0.118243,217.295,117.625,-6.68948,2.61853,3.41019,1.07579,0.0347,3.90255,8.64456,81.1514,23.2884,0.307366,-11.5886,-0.38486,2.01762,3.09209,99.3674,43.5553,380.414,379.94,3.34483,3.33368,1.36301,1.43795,0.520191,0.760466,42.0279,76.8404,91.9583,115.121,0.0,0.0,0.0,0.0,3.09209,43.5553,690.004,863.396,166.896,330.871,337.367,1414.27,32.3619,6.84714,30.3922,27.7562,11.58,0.0,PA,CVM,10.1,1006.35,40.8608,-77.8488,378.0,US-HWB,2018-03-25 12:00:00,2018-03-25 12:00:00-04:00,2018-03-25
40,40,0,0,LC08_016032_20180410,-77.84876608978924,40.860903760753175,2018-04-10 15:51:35.717999872,,,,,,,,,,,,,,,,,,-77.84884417532983,40.86078425103194,,,1,1,,,,,,,0.7893665217743078,0.3538055802361616,6.915536911933019,,857.8994164862178,0.7893665217743078,0.7946413527580312,0.3538055802361616,258.26876675386166,,,,,,,,,,,,0.3991778194904327,-111.5633773803711,,,,,0,-77.84876608978924,40.860903760753175,,3.671378400557261,44.52393259024058,2.3172793705633143,211.49972760046649,41.06218684488611,-78.08599239662749,0.7172105312347412,232997,279.4829135,336850,39.59054631981376,-77.6147914707237,0.3019966781139374,569.5955381058535,60.10672003062764,293.03194478,,2018-04-10 15:51:35.717999872+00:00,2018-04-10 16:00:00+00:00,2018-04-10,81.83460051424497,37.674267416666666,85.29500786298297,39.267338208333335,2.679646270833333,158.1884705,78.56721860416667,-11.620784148061276,201804101200.0,201804101230.0,-0.221144,140.945,101.921,-5.89025,2.27406,0.924978,-0.792557,0.0396,2.9189,9.60473,306.125,29.4045,0.423577,-46.5408,-0.0958,4.76948,5.4639,98.7075,39.8315,363.51,362.952,3.63777,3.62459,1.47537,1.48786,0.520738,0.549552,54.2743,99.2308,118.754,148.666,1.0,0.0,0.0,0.0,5.4639,39.8315,452.515,561.851,105.834,347.074,350.576,888.368,34.2115,9.44826,39.0156,41.2914,11.54,0.0,PA,CVM,10.1,1006.35,40.8608,-77.8488,378.0,US-HWB,2018-04-10 12:00:00,2018-04-10 12:00:00-04:00,2018-04-10
41,41,1,1,LC08_016032_20180426,-77.84876608978924,40.860903760753175,2018-04-26 15:51:26.500999936,0.042275,0.0494799999999999,0.0813525,0.088695,0.343895,0.2471775,0.1582425,292.71748694,21824.0,0.1687603075,0.5899350424189185,0.4239301246208383,0.410469766992998,292.71748694,0.8208923977713092,0.9582089239777132,0.9727089449126451,-77.84884417532983,40.86078425103194,-0.5899350643157959,0.5899350643157959,1,1,-0.6173875213846055,-292.71748694,292.71748694,295.00877530530585,-295.00877530530585,295.00877530530585,0.7755931750220108,0.7730752569336878,12.622085132126417,398.8760329989585,890.0922187280144,0.7755931750220108,1.2299859554844417,0.7730752569336878,308.99314330356043,637.0839365545548,61.96375636884192,0.0301322301948759,0.451856476493865,234.5534709124373,12.157795046180624,2.352054532799798,16.170320581734998,0.0301322301948759,0.451856476493865,0.5625307111563069,0.73885178565979,-215.6157073974609,0.5005488863945605,3.4164032593523594,340.56670927327565,0.5921661611027155,1,-77.84876608978924,40.860903760753175,163.55732273046047,10.024571215828187,62.852364572667405,2.6316070173760555,271.2580196390839,39.84427599695864,-78.20810646673297,0.9064376354217528,376917,291.82538372,602899,40.29361468553337,-77.77052088587995,0.2985095977783203,591.3133146151895,88.84852043124326,298.54179302,96.88919643523292,2018-04-26 15:51:26.500999936+00:00,2018-04-26 16:00:00+00:00,2018-04-26,139.71473824198736,60.6430351875,85.70764768401476,37.201314333333336,9.308628520833333,223.07742485416668,115.9244468125,-11.65358959266878,201804261200.0,201804261230.0,-0.27396,190.618,177.878,-13.5327,3.99617,1.1487,-0.724008,0.018,3.48465,9.29621,306.281,28.6973,0.480392,-49.8765,-0.0894,12.0667,12.6496,97.6934,55.5999,397.083,394.933,8.37272,8.3032,1.47476,1.84294,0.602016,0.72559,53.4483,97.7205,116.946,146.403,1.0,0.0,0.0,0.0,12.6496,55.5999,823.861,1019.84,190.922,386.505,391.558,1741.34,29.0356,17.6561,48.1844,53.7297,18.21,0.0,PA,CVM,10.1,1006.35,40.8608,-77.8488,378.0,US-HWB,2018-04-26 12:00:00,2018-04-26 12:00:00-04:00,2018-04-26
42,42,0,0,LC08_016032_20180512,-77.84876608978924,40.860903760753175,2018-05-12 15:51:16.750000128,0.015325,0.0205499999999999,0.0486824999999999,0.03683,0.3386699999999999,0.1329699999999999,0.0655675,298.11795854,21824.0,0.1302273625,0.8038348868175766,0.5368812365486206,0.5171444888635066,298.11795854,1.3490840517748164,0.963490840517748,0.9744519773708568,-77.84884417532983,40.86078425103194,-0.8038349151611328,0.8038349151611328,1,1,-0.7486398048289348,-298.11795854,298.11795854,300.40011767379406,-300.40011767379406,300.40011767379406,0.7529675243051798,1.6285021824228962,24.265033025726748,431.5023881282908,892.9787867207489,0.7529675243051798,2.02372053389066,1.6285021824228962,325.2148566557367,658.5276620174596,50.50738531611341,0.0548777128126624,0.2380437389253928,82.05870517424053,20.252025959108327,1.4046206687006588,30.6946282848004,0.0548777128126624,0.2380437389253928,0.3220700884366759,0.2530945539474487,-74.62501525878906,0.777071785330057,3.018135984299815,525.9615715271057,0.8650395252944055,0,-77.84876608978924,40.860903760753175,98.39759503454476,17.68702468257537,80.47070507764502,1.2919212387232373,138.23151475508547,40.00873598746497,-77.76142067979706,0.8543218970298767,330988,294.85033142,518074,40.19694813262301,-78.94101529031678,0.2649893462657928,517.7096743831137,110.03583450046273,308.93599184,85.59433651474275,2018-05-12 15:51:16.750000128+00:00,2018-05-12 16:00:00+00:00,2018-05-12,160.01985333636637,77.1393211111111,31.488902894028787,15.179570166666666,12.498872083333334,180.3859673541667,75.56820399305559,-23.6216609595618,201805121200.0,201805121230.0,0.0637,36.5679,245.177,-31.0,5.57417,1.58728,-3.13907,-0.16415,1.03445,3.68767,229.115,51.8492,0.236733,-31.2918,-0.14253,22.1298,25.0041,98.1227,67.617,402.907,397.5,22.2492,21.765,0.795884,0.712857,0.330385,0.576988,49.0381,89.6572,107.297,134.323,0.0,1.0,0.0,0.0,25.0041,67.617,751.021,912.447,157.548,450.299,454.177,1673.25,38.7601,20.8297,53.0682,58.6103,23.67,0.0,PA,CVM,10.1,1006.35,40.8608,-77.8488,378.0,US-HWB,2018-05-12 12:00:00,2018-05-12 12:00:00-04:00,2018-05-12
43,43,0,0,LC08_016032_20180629,-77.84876608978924,40.860903760753175,2018-06-29 15:51:16.436000000,0.0150774999999999,0.0262699999999999,0.0779425,0.0701049999999999,0.40291,0.160965,0.0750825,302.53404038,21824.0,0.1625011975,0.7035823388264644,0.5115307882189837,0.5130522139946456,302.53404038,1.3233712551267596,0.9632337125512676,0.9743671251419184,-77.84884417532983,40.86078425103194,-0.7035823464393616,0.7035823464393616,1,1,-0.675815348781591,-302.53404038,302.53404038,304.97493479671823,-304.97493479671823,304.97493479671823,0.7426372973311772,2.2020026096238503,32.07076767341697,457.5217271408714,892.5214310816123,0.7426372973311772,3.317293582755505,2.2020026096238503,354.23574374184,631.175713158377,76.35412847134985,0.0536300058262139,0.2535033107233144,148.3237081844319,17.820852058423075,2.266964370273626,28.822756046029888,0.0536300058262139,0.2535033107233144,0.3547126155966993,0.5558838248252869,-167.263671875,0.6032464996858659,5.106882147811227,406.4978765025952,0.7326641351415685,0,-77.84876608978924,40.860903760753175,195.70554543443825,25.77655074437061,66.37949143454347,1.3796824201621811,326.67446581627786,40.94623975405754,-76.76555705348925,0.9221144318580629,430278,300.89680880000003,643898,39.85070363898032,-77.82624819008427,0.5123718976974487,566.334748620796,105.42881558409852,312.31641362,144.8311777119264,2018-06-29 15:51:16.436000+00:00,2018-06-29 16:00:00+00:00,2018-06-29,195.71178586901564,101.67677360416668,22.457006511114077,11.666931333333332,18.934488958333333,244.84232235416667,112.56412845833331,7.73904101570362,201806291200.0,201806291230.0,-0.115174,51.3586,322.864,-7.57507,7.38726,-9.1885,-35.6167,-0.522129,2.13718,5.57022,287.365,26.463,0.321615,-56.0533,-0.0796,30.0265,31.5379,98.4142,59.1293,373.716,367.187,28.5366,27.7449,0.925675,0.878576,0.407445,0.403957,52.9856,96.8745,115.934,145.136,0.0,0.0,0.0,0.0,31.5379,59.1293,660.45,800.22,136.307,486.177,489.64,1339.97,33.7983,26.3562,64.3184,89.143,29.39,0.0,PA,CVM,10.1,1006.35,40.8608,-77.8488,378.0,US-HWB,2018-06-29 12:00:00,2018-06-29 12:00:00-04:00,2018-06-29
44,44,0,0,LC08_016032_20180816,-77.84876608978924,40.860903760753175,2018-08-16 15:51:40.565999872,,,,,,,,,,,,,,,,,,-77.84884417532983,40.86078425103194,,,1,1,,,,,,,0.730665432491483,2.3773194792130554,34.45695066190415,,822.5075187943663,0.730665432491483,3.2489575776325053,2.3773194792130554,348.44241273256546,,,,,,,,,,,,0.4419868290424347,-132.28692626953125,,,,,0,-77.84876608978924,40.860903760753175,120.590753509159,25.42549825304823,73.17176116979013,0.8486374307716965,219.37081677476868,41.082909842502616,-77.22205112545527,0.9202839136123656,180273,299.30059346,275846,41.13449654699527,-77.449667833722,0.6568484902381897,524.8274906414468,84.29480710275966,313.20851684,,2018-08-16 15:51:40.565999872+00:00,2018-08-16 16:00:00+00:00,2018-08-16,120.3486318008799,66.71000981249999,40.77158522840669,22.59994825,11.913108958333334,169.85715333333334,68.63408631250002,-3.1761726542865887,201808161200.0,201808161230.0,-0.0568,37.2783,109.527,-4.78442,2.50189,-1.09501,1.55524,-0.0422,1.20213,3.4352,223.985,37.0638,0.225084,-26.5011,-0.168295,29.9197,29.8463,98.5871,63.9131,370.165,363.169,27.941,27.1815,0.606697,0.781738,0.267918,0.302377,55.6951,101.828,121.863,152.557,1.0,0.0,0.0,0.0,29.8463,63.9131,333.839,402.123,66.1974,485.345,487.431,628.917,37.575,26.8454,62.1198,82.6457,30.77,0.0,PA,CVM,10.1,1006.35,40.8608,-77.8488,378.0,US-HWB,2018-08-16 12:00:00,2018-08-16 12:00:00-04:00,2018-08-16
45,45,0,0,LC08_016032_20181003,-77.84876608978924,40.860903760753175,2018-10-03 15:51:59.403000064,0.0374899999999999,0.0447775,0.0773375,0.0737074999999999,0.3620724999999999,0.2471225,0.1390199999999999,295.40405066,21824.0,0.1686201675,0.6617215108541007,0.4909221996460641,0.4622320417192075,295.40405066,1.0459287395819317,0.9604592873958192,0.9734515648406205,-77.84884417532983,40.86078425103194,-0.6617215275764465,0.6617215275764465,1,1,-0.6479939009125872,-295.40405066,295.40405066,297.6135991487879,-297.6135991487879,297.6135991487879,0.7261677563258144,1.4737536878155726,22.15879974543133,414.6940498527294,675.4654369607686,0.7261677563258144,1.919129917789312,1.4737536878155726,316.22191991981657,450.5925718523784,45.187158559092616,0.0403059601857039,0.1985723931064387,136.04104504747392,20.29513997163772,2.30053903304632,36.79597132075901,0.0403059601857039,0.1985723931064387,0.2911705896824753,0.4097936451435089,-119.6596221923828,0.3968955784936747,1.6347177500780623,269.3643682458119,0.6644320954119658,0,-77.84876608978924,40.860903760753175,69.573654990426,16.847895486160017,76.7928046014322,1.1182552645507222,139.52003058003447,40.895555181438,-78.84659729239272,0.8808609843254089,166694,291.99970274,254790,40.48832725761244,-78.0333376259065,0.283166229724884,409.9728305658619,65.6159106904355,303.38854538,46.360595392213845,2018-10-03 15:51:59.403000064+00:00,2018-10-03 16:00:00+00:00,,,,,,,,,,,,,,,,,,,,,,,,,,,,,,,,,,,,,,,,,,,,,,,,,,,,,,,,,,,,,,,,,,,,US-HWB,,,2018-10-03
46,46,1,1,LC08_016032_20181019,-77.84876608978924,40.860903760753175,2018-10-19 15:52:05.752999936,,,,,,,,,,,,,,,,,,-77.84884417532983,40.86078425103194,,,1,1,,,,,,,0.7409801895511504,0.6501618235302017,10.94914889654804,,620.8734875266639,0.7409801895511504,1.1586276836772698,0.6501618235302017,284.9238350864061,,,,,,,,,,,,0.693720817565918,-197.6461334228516,,,,,1,-77.84876608978924,40.860903760753175,,9.135700756304969,56.11481865051839,1.4737053126506114,154.49598296003165,39.83149849096392,-77.54714447654624,0.8590085506439209,308589,284.90731124,461644,39.55517272756624,-77.67281370210448,0.4223807752132416,390.2311414439382,36.72566057796824,291.81854768,,2018-10-19 15:52:05.752999936+00:00,2018-10-19 16:00:00+00:00,,,,,,,,,,,,,,,,,,,,,,,,,,,,,,,,,,,,,,,,,,,,,,,,,,,,,,,,,,,,,,,,,,,,US-HWB,,,2018-10-19
