,Unnamed: 0.4,Unnamed: 0.3,longitude_x,latitude_x,date_x,eto,etr,Date,Stn Name,Unnamed: 0.2,LE_closed,LE_unclosed,H_closed,H_unclosed,G_unclosed,Rn_unclosed,Name_x,Unnamed: 0,Unnamed: 0.1,Unnamed: 0_x,id,longitude_y,latitude_y,date_y,UB,B,GR,R,NIR,SWIR_1,SWIR_2,ST_B10,pixel_qa,ALFA,NDVI_model,EVI,SAVI,T_LST,LAI,e_0,e_NB,longitude.1,latitude.1,NDVI_neg,pos_NDVI,int,sd_ndvi,NDWI,LST_neg,LST_NW,T_LST_DEM,LST_neg_1,LST_NW_1,Tao_sw,EA,W_ATM,Rl_up,Rs_down,Tao_sw_1,ES,EA_1,Rl_down,Rn,Ginst,zom,u_fr,Hinst,rah,dT,rah_first,zom_1,u_fr_1,ufric_star,constant,constant_1,ET_inst,ET_24h,LEinst,EF,id.1,longitude.2,latitude.2,Rn24h_G,AirT_G,Relative humidity,ux_G,SW_Down,cold_pixel_lat,cold_pixel_lon,cold_pixel_ndvi,cold_pixel_sum,cold_pixel_temp,hot_pixel_sum,hot_pixel_lat,hot_pixel_lon,hot_pixel_ndvi,hot_pixel_Rn,hot_pixel_G,hot_pixel_temp,Datetime_Local_x,Datetime_GMT,Unnamed: 0_y,TIMESTAMP_START,TIMESTAMP_END,CO2,H2O,FC,LE_inst_af,H_inst_af,USTAR,WD,Wind speed_y,ZL,U_SIGMA,V_SIGMA,W_SIGMA,PA,T_SONIC,Air temp,RH_PI_F,VPD_PI_F,SWC,TS_1_1_1,TS_1_2_1,TS_1_3_1,G_1_1_1,G_2_1_1,G_inst_af,SWIN_inst_af,SW_OUT,LW_IN_inst_af,LW_OUT_inst_af,Rn_inst_af,SW_IN,Name_y,Long,Lat,Elevation,State,Timezone,Veg,Clim,MAT (Â°C),MAP (mm),Datetime,Time,doy,Albedo,dec,dr,tao,Rext,Tao_sw_am,P_calc,es,ea,W_calc,Rso,gamma_dust,W_prata,zenith,Mopt,asa,bsa,Tao_sa,Tao_ding,Tao_sebal_insitu,Datetime_Local_y,Name,cos_zenith,Rext_model,P_model,Elev_SRTM,RS_Rso,f,Rns_model,eps_dash,Rnl_model,Rn_fao_model,psychro,del,WS_2,ETo_model_hourly,ET_ETo_model,LWin_angstrom,R_LST,GR_LST,B_LST,NIR_LST,NDVI_LST,NDWI_LST,SWIR1_LST,SWIR2_LST,Landcover_wc
0,0,0,-85.32647726209275,42.44090559822679,2015-05-07 06:00:00,180.76113815307616,245.3346524810791,2015-05-07,US-KM4,0,169.7685842701371,128.1281637942683,3.2790832987005856,2.4747978184375,18.3512502875,177.8851123125,US-KM4,8,0,0,LC08_021030_20150507,-85.33020527052186,42.44229798691718,2015-05-07 16:21:26.482000128,0.0284975,0.0355099999999999,0.0726625,0.0596275,0.34912,0.2407699999999999,0.119495,303.56970044,21824.0,0.1580366825,0.7082428638707271,0.502395769700672,0.4778431302424491,303.56970044,1.1239522902972177,0.961239522902972,0.9737090425579809,-85.33030446336475,42.44242003663072,-0.7082428932189941,0.7082428932189941,1,1,-0.6554503802315174,-303.56970044,303.56970044,305.7239756945949,-305.7239756945949,305.7239756945949,0.746894800931706,1.7022186920933944,25.46247569185934,462.858630879925,861.6894486087872,0.746894800931706,3.1805090172883226,1.7022186920933944,345.0365858421556,594.3150790844592,72.48294411351777,0.0440019376718276,0.4237504447230142,176.7571024748181,12.995674009896398,1.978200282056946,17.242846993623868,0.0440019376718276,0.4237504447230142,0.5289810290768105,0.2966049015522003,-88.7010269165039,0.5124680436130937,3.9844238786238977,345.0750324961233,0.6612759340996488,0,-85.33020527052186,42.44229798691718,169.05122549628962,25.067354218052124,53.52032277980123,2.3617362683824927,288.3492808391687,42.95389360318898,-85.01312888576147,0.8544684052467346,398313,299.05449602,617335,43.402783701935775,-83.81598212199573,0.1834325045347213,525.9217194159701,113.86955103407328,316.1753582,2015-05-07 16:21:26.482000128+00:00,2015-05-07 16:30:00+00:00,111241.0,201505071230.0,201505071300.0,394.3841018,16.68247932,-14.05281954,344.0357602,94.73316997,0.299328785,206.6490707,2.85281467,-0.091749091,1.106421267,1.366545439,0.45186546,98.48473547,28.11003661,28.2487,42.3795,22.1001,34.1191,13.5359,13.9418,25.9384,57.17854,49.99345,50.56775,957.197,173.54,368.6548835,474.7427135,677.56917,,US-KM4,-85.3301,42.4423,246.3,MI,EST,GRA,Dfa,9.9,1027.0,2015-05-07 12:30:00,12:30:00,127,,0.1442294990619166,1.008967758350017,0.0,1111.1760398859606,,102.31273158490592,3.8350128496575033,1.6252592706206015,39.93580856252068,839.6046357431696,0.1,0.0539221087719299,0.8275017687268886,1.2084566315048484,-0.1251161876515789,-0.0695372682975438,0.8112743786732693,0.7112743786732694,0.7175437880159171,2015-05-07 12:30:00-04:00,US-KM4,0.8275017884438507,1111.1760663620562,98.03371749208124,279.999999999999,0.0,-0.35,2.3886031515435584,0.1573432553530241,0.0888542068157423,2.4774573583593007,0.0652224324539152,0.1893428865651693,1.661221498043964,448.7678113169964,138.99427287165278,370.5285835700468,18.1011023129861,22.058133358221504,10.779760062624373,105.9822538176128,215.00107402400437,-198.97487558016584,73.09047677493878,36.275061354077806,30
1,1,1,-85.32647726209275,42.44090559822679,2015-05-07 06:00:00,180.76113815307616,245.3346524810791,2015-05-07,US-KM4,1,169.7685842701371,128.1281637942683,3.2790832987005856,2.4747978184375,18.3512502875,177.8851123125,US-KM4,10,2,2,LC08_021031_20150507,-85.33020527052186,42.44229798691718,2015-05-07 16:21:50.364999936,0.02682,0.0350149999999999,0.0738725,0.0616625,0.3484325,0.240935,0.119825,303.58679054000004,21824.0,0.158139505,0.6992769967934258,0.4924628811061995,0.4726484597761771,303.58679054000004,1.0973697726528306,0.9609736977265284,0.9736213202497545,-85.33030446336475,42.44242003663072,-0.6992769837379456,0.6992769837379456,1,1,-0.6501462213329229,-303.58679054000004,303.58679054000004,305.5907921906701,-305.5907921906701,305.5907921906701,0.7479971330516366,1.7016771289086603,25.455042888543456,462.8348404364598,871.3936492916527,0.7479971330516366,3.181709250249687,1.7016771289086603,344.3592732451204,601.6772526528505,74.28050527347388,0.0427359130988532,0.422537136564441,224.4247526102069,12.665856557230851,2.442135243591295,17.292359533762934,0.0427359130988532,0.422537136564441,0.5365669941194388,0.367288589477539,-109.7978744506836,0.4498828170624523,3.459852266506718,302.9719947691697,0.5744669383621177,2,-85.33020527052186,42.44229798691718,168.9990854806958,25.07369184967677,53.48311222262437,2.3631374463995694,288.3492808391687,41.62525420123769,-85.58276018469599,0.8939142227172852,461383,298.94170136,696979,41.36341474509462,-86.3259056647761,0.1641417443752288,558.4874452635391,112.70758358823872,312.47706056,2015-05-07 16:21:50.364999936+00:00,2015-05-07 16:30:00+00:00,111241.0,201505071230.0,201505071300.0,394.3841018,16.68247932,-14.05281954,344.0357602,94.73316997,0.299328785,206.6490707,2.85281467,-0.091749091,1.106421267,1.366545439,0.45186546,98.48473547,28.11003661,28.2487,42.3795,22.1001,34.1191,13.5359,13.9418,25.9384,57.17854,49.99345,50.56775,957.197,173.54,368.6548835,474.7427135,677.56917,,US-KM4,-85.3301,42.4423,246.3,MI,EST,GRA,Dfa,9.9,1027.0,2015-05-07 12:30:00,12:30:00,127,,0.1442294990619166,1.008967758350017,0.0,1111.1760398859606,,102.31273158490592,3.8350128496575033,1.6252592706206015,39.93580856252068,839.6046357431696,0.1,0.0539221087719299,0.8275017687268886,1.2084566315048484,-0.1251161876515789,-0.0695372682975438,0.8112743786732693,0.7112743786732694,0.7175437880159171,2015-05-07 12:30:00-04:00,US-KM4,0.8275017884438507,1111.1760663620562,98.03371749208124,279.999999999999,0.0,-0.35,2.415503195836461,0.1573723139099393,0.0888781714936613,2.5043813673301223,0.0652224324539152,0.1894051886555541,1.6659581022196637,453.200013991448,120.84192610818498,369.9649591214096,18.719920471672754,22.426715184166152,10.630091470758073,105.77950439482856,212.29125915496604,-197.37580471617056,73.1446833787549,36.3772871764555,30
2,2,2,-85.32647726209275,42.44090559822679,2015-05-23 06:00:00,180.62736763000487,249.4124085998535,2015-05-23,US-KM4,2,193.73364262775075,149.50603619695556,25.348161006165803,19.5614092911875,1.7361156208333333,216.16923666666665,US-KM4,9,1,1,LC08_021030_20150523,-85.33020527052186,42.44229798691718,2015-05-23 16:21:23.832999936,0.0259949999999999,0.0296799999999999,0.06466,0.0370224999999999,0.4202075,0.184835,0.0855325,299.87482082,21824.0,0.1643358325,0.8380574328018721,0.6747438355899045,0.6004591373024246,299.87482082,2.071898296000384,0.9707189829600038,0.9768372643768012,-85.33030446336475,42.44242003663072,-0.8380574584007263,0.8380574584007263,1,1,-0.7332879601128144,-299.87482082,299.87482082,302.0461182134381,-302.0461182134381,302.0461182134381,0.7782198384951845,0.8012778705976674,13.097314775835942,445.0784709606128,920.602631512554,0.7782198384951845,2.271592262843176,0.8012778705976674,322.3039776270603,637.1027500667386,47.70398553570136,0.0876485992988508,0.3092731186215226,112.83391774909263,16.48831681869853,1.5815378456905052,23.62528018731766,0.0876485992988508,0.3092731186215226,0.4085713356857118,0.2246962934732437,-66.28710174560547,0.7052162885545423,6.096376327538509,476.5648467819447,0.8085609869934655,1,-85.33020527052186,42.44229798691718,212.2987381013461,19.53341928344712,35.27384221650633,1.582667603135524,352.6770233219984,43.04946367155701,-85.0568249972083,0.8713895082473755,571203,295.00756034,858428,42.8538690517301,-84.8738763433778,0.175182431936264,503.28749785544494,120.60038833240412,317.45027966,2015-05-23 16:21:23.832999936+00:00,2015-05-23 16:30:00+00:00,112009.0,201505231230.0,201505231300.0,385.9863393,6.787360437,-23.96588491,405.0755803,103.5762764,0.130590129,252.6647644,1.287916743,-1.135003097,1.31572882,1.339677156,0.338233308,99.80815618,22.08818991,22.7142,25.1749,20.6527,28.1476,11.5862,12.2664,24.4852,36.98727,37.67527,34.04278,1062.47,207.484,293.7575279,441.7424279,707.0011,,US-KM4,-85.3301,42.4423,246.3,MI,EST,GRA,Dfa,9.9,1027.0,2015-05-23 12:30:00,12:30:00,143,,0.1771390521707047,1.0125558496402025,0.0,1127.3492123057338,,102.31273158490592,2.7612375085633936,0.6951387815433258,9.021508428729248,851.8250837079812,0.1,0.0234944034168347,0.8455278658311518,1.182693132197367,-0.1244863341507284,-0.0687826612047375,0.8139672760733135,0.7139672760733136,0.7830875305775645,2015-05-23 12:30:00-04:00,US-KM4,0.8455278845812761,1127.3492373054278,98.03371749208124,279.999999999999,0.0,-0.35,2.5519104945527995,0.2146802239719752,0.1124819227957159,2.664392417348516,0.0652224324539152,0.1411234768175252,1.044942736400598,447.0356885684733,192.5587955961018,334.0120688241953,11.102115553808424,19.3899059142212,8.90028468193757,126.00964876972016,251.3123224983306,-219.89459564829357,55.42736250626471,25.64904311178665,30
3,3,3,-85.32647726209275,42.44090559822679,2015-05-23 06:00:00,180.62736763000487,249.4124085998535,2015-05-23,US-KM4,3,193.73364262775075,149.50603619695556,25.348161006165803,19.5614092911875,1.7361156208333333,216.16923666666665,US-KM4,11,3,3,LC08_021031_20150523,-85.33020527052186,42.44229798691718,2015-05-23 16:21:47.724000000,0.02704,0.030395,0.0647975,0.0372424999999999,0.420565,0.1849175,0.085725,299.8714028,21824.0,0.1647306225,0.8373006121568562,0.676742469850271,0.6003124322998097,299.8714028,2.0700993143964648,0.9707009931439646,0.9768313277375084,-85.33030446336475,42.44242003663072,-0.8373005986213684,0.8373005986213684,1,1,-0.7329933812356744,-299.8714028,299.8714028,301.9155458329068,-301.9155458329068,301.9155458329068,0.7790502698998681,0.8012971455060314,13.097579318564916,445.04993098676766,928.8049940853303,0.7790502698998681,2.27262684908505,0.8012971455060314,333.80164092357035,654.7740225993723,48.99888641072264,0.0875763643786425,0.3089427071299735,83.1503288808889,17.16307669571041,1.2143012054425668,23.65054721542612,0.0875763643786425,0.3089427071299735,0.3983285929647143,0.2835200726985931,-84.38481903076172,0.7732774059076378,6.499280909862086,522.6248073077608,0.8627373031451157,3,-85.33020527052186,42.44229798691718,212.1437246744375,19.54074858892434,35.25863235438894,1.5811453298375977,352.6770233219984,41.87334085488405,-84.63412973072889,0.8849297165870667,522854,297.6325997,828322,41.86528748031592,-86.13630662554574,0.2015783935785293,475.55650598600585,119.047659218235,314.82865832,2015-05-23 16:21:47.724000+00:00,2015-05-23 16:30:00+00:00,112009.0,201505231230.0,201505231300.0,385.9863393,6.787360437,-23.96588491,405.0755803,103.5762764,0.130590129,252.6647644,1.287916743,-1.135003097,1.31572882,1.339677156,0.338233308,99.80815618,22.08818991,22.7142,25.1749,20.6527,28.1476,11.5862,12.2664,24.4852,36.98727,37.67527,34.04278,1062.47,207.484,293.7575279,441.7424279,707.0011,,US-KM4,-85.3301,42.4423,246.3,MI,EST,GRA,Dfa,9.9,1027.0,2015-05-23 12:30:00,12:30:00,143,,0.1771390521707047,1.0125558496402025,0.0,1127.3492123057338,,102.31273158490592,2.7612375085633936,0.6951387815433258,9.021508428729248,851.8250837079812,0.1,0.0234944034168347,0.8455278658311518,1.182693132197367,-0.1244863341507284,-0.0687826612047375,0.8139672760733135,0.7139672760733136,0.7830875305775645,2015-05-23 12:30:00-04:00,US-KM4,0.8455278845812761,1127.3492373054278,98.03371749208124,279.999999999999,0.0,-0.35,2.574647443604536,0.2146787166842031,0.1124924003723334,2.687139843976869,0.0652224324539152,0.1411796929956183,1.0440311539396665,450.6174073845453,209.491115201372,346.0608215827572,11.16796071877897,19.430917222933,9.114591288106,126.115416518582,251.0825091327752,-219.8037534742569,55.451470127269005,25.70647600503,30
4,4,4,-85.32647726209275,42.44090559822679,2015-11-15 06:00:00,90.55477367401124,149.04428506851198,2015-11-15,US-KM4,4,23.872216636438942,21.42277736702128,-0.1669224636938367,-0.1497951711702121,-2.546134229166667,17.562525895833335,US-KM4,28,1,1,LC08_021031_20151115,-85.33020527052186,42.44229798691718,2015-11-15 16:22:51.256000000,0.0387549999999999,0.047995,0.0723875,0.0860825,0.2455275,0.2873825,0.1700125,287.81262824,21824.0,0.1435749,0.4808208437622508,0.2843048799623411,0.2875957480068782,287.81262824,0.4205113753700628,0.9542051137537004,0.9713876875387212,-85.33030446336475,42.44242003663072,-0.4808208346366882,0.4808208346366882,1,1,-0.5446109809225737,-287.81262824,287.81262824,289.4939180208693,-289.4939180208693,289.4939180208693,0.6962702588289564,0.8450002516111641,13.6973922326061,371.2480490977915,457.2766331763471,0.6962702588289564,1.4507047919353204,0.8450002516111641,292.5378201027589,299.51622110633747,22.55623533108514,0.0151052653660972,0.4184093060153348,158.17146071029666,13.525898536745714,1.7322929832368743,17.462957866360675,0.0151052653660972,0.4184093060153348,0.5081849021752922,0.4422866404056549,-126.30699920654295,0.1736665873033638,0.3971958724115613,118.78852506495568,0.4289013979129471,1,-85.33020527052186,42.44229798691718,26.393333360121293,12.512849451797258,58.24756741058855,2.628021695535894,118.26801330574452,42.266522366702624,-85.83111405646054,0.6792407631874084,553196,285.57724316,653814,41.0374299984376,-84.53478454625773,0.1719435751438141,292.9897617900566,26.54014046874973,290.77263356000003,2015-11-15 16:22:51.256000+00:00,2015-11-15 16:30:00+00:00,120455.0,201511151130.0,201511151200.0,382.7073521,8.547078128,-2.881601599,66.68591787,97.06080977,0.29118332,261.5657349,2.369257791,-0.10481887,0.968271754,1.179348031,0.426989504,99.36683614,15.28866295,15.6737,40.322,10.6214,32.844,6.21346,6.07438,17.6395,19.92713,16.36557,14.98406,515.508,101.766,268.0679723,402.2411523,279.56882,,US-KM4,-85.3301,42.4423,246.3,MI,EST,GRA,Dfa,9.9,1027.0,2015-11-15 11:30:00,11:30:00,319,,-0.1650747259455807,0.9888220318045376,-0.2616666666666666,828.4174788590319,,102.31273158490592,1.780734493737223,0.7180277625647231,9.484824667149898,625.952275370391,0.1,0.0248595562970914,0.592539091918709,1.6876523652842654,-0.1245145928153498,-0.0688165169961678,0.7861143996663177,0.6861143996663177,0.7381737419493725,2015-11-15 11:30:00-05:00,US-KM4,0.5925391187501937,828.4175163716134,98.03371749208124,279.999999999999,0.7305295486077841,0.6362148906205086,1.267570827164834,0.2113065466638694,-0.1826257469099529,1.0849450802548812,0.0652224324539152,0.0952623856736901,1.9768370370775343,160.13878956116952,67.17215755035905,294.59436539399366,24.7756305704698,20.834036626723,13.8135670923788,70.6659150801966,138.3863107557878,-156.74591778769042,82.71231263518179,48.931744458653,30
5,5,5,-85.32647726209275,42.44090559822679,2016-04-23 06:00:00,107.76799864768982,136.12800540924073,2016-04-23,US-KM4,5,97.21628422775862,71.11680840085417,76.77755446977571,56.16522657789583,1.894009020833333,178.14821572916665,US-KM4,35,0,0,LC08_021030_20160423,-85.33020527052186,42.44229798691718,2016-04-23 16:21:51.275000064,0.033915,0.0479674999999999,0.0847074999999999,0.0952399999999999,0.307155,0.2917825,0.1692699999999999,295.41430472,21824.0,0.16411399,0.5266342772648765,0.3488108925322059,0.3522542788911729,295.41430472,0.6129991526939231,0.9561299915269392,0.97202289720389,-85.33030446336475,42.44242003663072,-0.5266342759132385,0.5266342759132385,1,1,-0.5676672302146799,-295.41430472,295.41430472,297.591407561498,-297.591407561498,297.591407561498,0.7754179333629769,0.6766318837894879,11.386583451817476,412.8821282093885,863.712163142771,0.7754179333629769,1.3306750995759755,0.6766318837894879,302.78235119002096,598.582072506313,67.83212488107034,0.0217241452510149,0.1761589928437706,307.2966998157042,17.580375081048945,4.463918439170328,41.477667213498606,0.0217241452510149,0.1761589928437706,0.2808832483970817,0.615760087966919,-178.78099060058594,0.329240666847201,2.6079756487705685,223.4532478095384,0.421014168365621,0,-85.33020527052186,42.44229798691718,175.17364934590535,11.2046096966983,50.8487672163625,1.0640891522830416,307.0891199442791,43.00721077258537,-85.87459008925401,0.8330820798873901,503309,290.34196304,737681,43.49760115879898,-83.6280782765464,0.1959105432033538,586.3120554431824,78.84111776693155,298.0598522,2016-04-23 16:21:51.275000064+00:00,2016-04-23 16:30:00+00:00,128137.0,201604231230.0,201604231300.0,378.2428103,7.737178769,-15.39877006,246.2333517,249.9726708,0.139344284,81.34735107,1.26888618,-2.550367238,0.997039706,1.242191729,0.381096299,99.21105634,13.03418457,13.08545,47.27091,7.93617477,33.69533,10.03489,10.06818,19.20095,41.51727,37.86558,44.47604,1006.744,173.2701,262.9044,425.0585,671.3198,,US-KM4,-85.3301,42.4423,246.3,MI,EST,GRA,Dfa,9.9,1027.0,2016-04-23 12:30:00,12:30:00,114,,0.1093507014353732,1.0055409149128862,0.0,1091.611602899761,,102.31273158490592,1.5061634058590512,0.7119771480365668,9.360889450550818,824.8217483159287,0.1,0.0248729594841268,0.8074192913624311,1.23851388082716,-0.1245148702613214,-0.0688168493952063,0.8107905712066644,0.7107905712066644,0.776695725317299,2016-04-23 12:30:00-04:00,US-KM4,0.8074193120807552,1091.6116309104405,98.03371749208122,279.999999999999,0.0,-0.35,2.3942101162317613,0.2248393082589638,0.1049570327843363,2.4991671490160976,0.0652224324539152,0.0883029242252054,0.7847987296563484,340.0378815957965,70.81890169044601,308.9107530408026,28.13525838153277,25.02380721706937,14.170285661656573,90.7379807662716,155.5752988599232,-167.69702012619786,86.19672436696341,50.00477935995437,30
6,6,6,-85.32647726209275,42.44090559822679,2016-04-23 06:00:00,107.76799864768982,136.12800540924073,2016-04-23,US-KM4,6,97.21628422775862,71.11680840085417,76.77755446977571,56.16522657789583,1.894009020833333,178.14821572916665,US-KM4,36,1,1,LC08_021031_20160423,-85.33020527052186,42.44229798691718,2016-04-23 16:22:15.157000192,0.0353449999999999,0.048875,0.0850374999999999,0.0953775,0.30688,0.2916725,0.169105,295.4279768,21824.0,0.1643801075,0.5257888292946682,0.3495718415359161,0.3516221810292516,295.4279768,0.6109444594425595,0.9561094445944256,0.9720161167161604,-85.33030446336475,42.44242003663072,-0.5257888436317444,0.5257888436317444,1,1,-0.5660438740296109,-295.4279768,295.4279768,297.4394145154181,-297.4394145154181,297.4394145154181,0.7767237778945734,0.6766334159805379,11.386604480711313,412.9496936162875,875.5042758998105,0.7767237778945734,1.33139034074481,0.6766334159805379,307.70629273862266,612.8399879429367,69.07914051603107,0.0216471095264949,0.1760388149723436,207.54779973166603,19.429968153308582,3.344466084669449,41.50598311506987,0.0216471095264949,0.1760388149723436,0.2704820957039838,0.5687252283096313,-165.8168182373047,0.4953105551792778,3.828571902695659,336.21304769523954,0.618310511479837,1,-85.33020527052186,42.44229798691718,175.12813261597006,11.21270730484739,50.82156564257585,1.0637770677277687,307.0891199442791,41.169634784173,-85.30081351816818,0.8841707706451416,537791,291.55877816,810729,42.19368115397068,-85.59955866244597,0.2133374810218811,573.5738658936477,91.23949965915216,302.13071402,2016-04-23 16:22:15.157000192+00:00,2016-04-23 16:30:00+00:00,128137.0,201604231230.0,201604231300.0,378.2428103,7.737178769,-15.39877006,246.2333517,249.9726708,0.139344284,81.34735107,1.26888618,-2.550367238,0.997039706,1.242191729,0.381096299,99.21105634,13.03418457,13.08545,47.27091,7.93617477,33.69533,10.03489,10.06818,19.20095,41.51727,37.86558,44.47604,1006.744,173.2701,262.9044,425.0585,671.3198,,US-KM4,-85.3301,42.4423,246.3,MI,EST,GRA,Dfa,9.9,1027.0,2016-04-23 12:30:00,12:30:00,114,,0.1093507014353732,1.0055409149128862,0.0,1091.611602899761,,102.31273158490592,1.5061634058590512,0.7119771480365668,9.360889450550818,824.8217483159287,0.1,0.0248729594841268,0.8074192913624311,1.23851388082716,-0.1245148702613214,-0.0688168493952063,0.8107905712066644,0.7107905712066644,0.776695725317299,2016-04-23 12:30:00-04:00,US-KM4,0.8074193120807552,1091.6116309104405,98.03371749208124,279.999999999999,0.0,-0.35,2.4268978527942746,0.2248391778719058,0.1049689279298319,2.531866780724106,0.0652224324539152,0.0883446296920774,0.7847302172473251,344.35029296477126,105.2213632734242,314.12200580508363,28.177181857242,25.122456577129974,14.4390423661,90.660937520384,155.3327300625644,-167.225196484602,86.168216563198,49.958348016764006,30
7,7,7,-85.32647726209275,42.44090559822679,2016-11-01 06:00:00,93.58799864768982,147.47199459075927,2016-11-01,US-KM4,7,52.95077964100863,39.582779444541664,5.979090833403549,4.469604325791667,6.253167060416666,68.27426572916666,US-KM4,49,0,0,LC08_021030_20161101,-85.33020527052186,42.44229798691718,2016-11-01 16:22:41.193000192,0.0254725,0.0361974999999999,0.0655399999999999,0.0695549999999999,0.2269924999999999,0.2329875,0.1290649999999999,293.89670384,21824.0,0.12373453,0.5309014576079718,0.2867001191871238,0.2964747865004912,293.89670384,0.4450301056352031,0.954450301056352,0.9714685993485962,-85.33030446336475,42.44242003663072,-0.5309014320373535,0.5309014320373535,1,1,-0.5519130353037697,-293.89670384,293.89670384,295.82609164836856,-295.82609164836856,295.82609164836856,0.6784142883836217,1.7759839021550434,26.474882578809225,403.7525139627997,478.7177351336077,0.6784142883836217,2.3647809701362377,1.7759839021550434,326.64942028397303,327.5019447413075,32.29400700757091,0.0158781441063964,0.4968132953544109,112.54404209613152,12.32554297459446,1.1529963537977324,14.707062291130232,0.0158781441063964,0.4968132953544109,0.5741235049775608,0.4235269427299499,-124.13732147216795,0.2686824523142498,0.8566328281458937,182.66389563760504,0.618763496130511,0,-85.33020527052186,42.44229798691718,39.21680413901678,20.182176222009183,75.10141212159395,3.104069545203517,118.96790083002276,42.16948740133591,-84.15971566378039,0.8322106003761292,170459,293.1037232,230959,42.43630559559373,-84.56637333876,0.2229350060224533,291.3420321863928,39.77572929692478,298.67851382000003,2016-11-01 16:22:41.193000192+00:00,2016-11-01 16:30:00+00:00,137353.0,201611011230.0,201611011300.0,400.5919711,18.04994123,-6.258246594,159.3667078,97.01265465,0.455029037,252.6223164,3.288040207,-0.028238729,1.402579199,1.425854099,0.585647049,98.05278445,25.59970884,23.97524,55.12654,13.36577502,39.21967,11.15014,11.00969,,23.77174,20.12282,20.05762,582.8645,89.94395,340.8974,440.0496,393.76835,,US-KM4,-85.3301,42.4423,246.3,MI,EST,GRA,Dfa,9.9,1027.0,2016-11-01 12:30:00,12:30:00,306,,-0.1352411689561072,0.9919415028918476,0.0,889.8726085451896,,102.31273158490592,2.979485809796155,1.6424874367316014,40.74219859634402,672.3877713265008,0.1,0.0552774365212151,0.6405181599353464,1.5612359844737884,-0.1251442429359891,-0.0695708804257261,0.7915511283823959,0.691551128382396,0.684572375653435,2016-11-01 12:30:00-04:00,US-KM4,0.6405181869032869,889.8726460117799,98.03371749208124,279.999999999999,0.7119667482785762,0.6111551101760779,1.3270055617903604,0.1534275355733358,-0.1416197232002388,1.1853858385901217,0.0652224324539152,0.1461734622497972,2.328972624186054,193.84196621791347,88.19116289140347,342.4915434712142,20.44198523559117,19.26198996967357,10.638325937248371,66.71234754640116,156.0301884548344,-162.20542188210746,68.47425828592199,37.93177808110957,30
8,8,8,-85.32647726209275,42.44090559822679,2016-11-01 06:00:00,93.58799864768982,147.47199459075927,2016-11-01,US-KM4,8,52.95077964100863,39.582779444541664,5.979090833403549,4.469604325791667,6.253167060416666,68.27426572916666,US-KM4,51,2,2,LC08_021031_20161101,-85.33020527052186,42.44229798691718,2016-11-01 16:23:05.084000000,0.0259949999999999,0.0339424999999999,0.0607825,0.0639175,0.2263049999999999,0.2322725,0.127195,293.9069579,21824.0,0.12149911,0.559527603821206,0.2995545995961972,0.3082438806791757,293.9069579,0.4783962233784872,0.9547839622337848,0.971578707537149,-85.33030446336475,42.44242003663072,-0.559527575969696,0.559527575969696,1,1,-0.5765576697000042,-293.9069579,293.9069579,295.53490045439605,-295.53490045439605,295.53490045439605,0.6835691085291449,1.775945322348935,26.47435308175541,403.9500300165511,500.5026658153272,0.6835691085291449,2.3655020707304213,1.775945322348935,318.5320451480526,339.8712955144748,32.31666766435316,0.0169638716981357,0.5002725554113368,113.50282785280048,12.242403396201873,1.153682753009761,14.605366620264183,0.0169638716981357,0.5002725554113368,0.578250102228826,0.2786547243595123,-81.19851684570312,0.2853528966759697,0.8782307558375302,194.05179999732115,0.6309506748566535,2,-85.33020527052186,42.44229798691718,39.44004313380323,20.18710854274861,75.07688724197808,3.103785071083851,118.96790083002276,42.18084540722554,-84.0531450069787,0.7961282730102539,315561,291.3947132,548280,41.48718985801791,-85.09705482392498,0.2364431172609329,274.8898228121172,39.7957404698549,298.75371026,2016-11-01 16:23:05.084000+00:00,2016-11-01 16:30:00+00:00,137353.0,201611011230.0,201611011300.0,400.5919711,18.04994123,-6.258246594,159.3667078,97.01265465,0.455029037,252.6223164,3.288040207,-0.028238729,1.402579199,1.425854099,0.585647049,98.05278445,25.59970884,23.97524,55.12654,13.36577502,39.21967,11.15014,11.00969,,23.77174,20.12282,20.05762,582.8645,89.94395,340.8974,440.0496,393.76835,,US-KM4,-85.3301,42.4423,246.3,MI,EST,GRA,Dfa,9.9,1027.0,2016-11-01 12:30:00,12:30:00,306,,-0.1352411689561072,0.9919415028918476,0.0,889.8726085451896,,102.31273158490592,2.979485809796155,1.6424874367316014,40.74219859634402,672.3877713265008,0.1,0.0552774365212151,0.6405181599353464,1.5612359844737884,-0.1251442429359891,-0.0695708804257261,0.7915511283823959,0.691551128382396,0.684572375653435,2016-11-01 12:30:00-04:00,US-KM4,0.6405181869032869,889.8726460117799,98.03371749208122,279.999999999999,0.744366104142443,0.6548942405922981,1.387393389640087,0.153429562046826,-0.151767370966504,1.235626018673583,0.0652224324539152,0.1462124336784773,2.3207234487094066,200.909015627791,90.39375131565242,334.5729434322453,18.78579798157325,17.86439966855675,9.975936918520722,66.51261410755947,164.44905590016708,-169.45431075544124,68.26650387882775,37.383495510090505,30
9,9,9,-85.32647726209275,42.44090559822679,2017-10-19 06:00:00,79.40799864768982,119.11199459075928,2017-10-19,US-KM4,9,30.71637567038709,25.013053751104167,42.12679223542944,34.304819352833334,-7.884281735416667,61.34438288958333,US-KM4,76,1,1,LC08_021030_20171019,-85.33020527052186,42.44229798691718,2017-10-19 16:22:38.344000000,0.0416425,0.047995,0.0654575,0.0843499999999999,0.1930575,0.28763,0.1780425,292.09540730000003,21824.0,0.128267355,0.3918693618593586,0.2029344120908456,0.2097500345700292,292.09540730000003,0.226171216741214,0.952261712167412,0.970746365015246,-85.33030446336475,42.44242003663072,-0.3918693661689758,0.3918693661689758,1,1,-0.4935883797845385,-292.09540730000003,292.09540730000003,294.09008038553924,-294.09008038553924,294.09008038553924,0.7200262742897277,0.9338268016977632,14.91651180098412,393.0413978944178,567.2546610924093,0.7200262742897277,1.9023355525644976,0.9338268016977632,297.8840871062885,385.1166190235076,37.41407041354309,0.0097527614764858,0.3390929848915455,273.63520876447006,14.397147323135032,3.2273153288786034,21.54767101470985,0.0097527614764858,0.3390929848915455,0.441800820623481,0.4898412823677063,-140.83013916015625,0.1087643673015202,0.5058781464839155,74.06733984549442,0.2130192606916422,1,-85.33020527052186,42.44229798691718,67.38386430476508,16.709439179360416,49.08843765438181,2.228012965232505,164.88058898370946,42.58488996765836,-85.49285322595327,0.8175909519195557,409209,287.50158842,613091,42.97448011511318,-84.46872834214389,0.2015867531299591,342.8113691283056,40.05110983227984,293.93772008,2017-10-19 16:22:38.344000+00:00,2017-10-19 16:30:00+00:00,154249.0,201710191230.0,201710191300.0,385.4112585,6.835156556,-0.493150044,96.23990175,225.1448477,0.415923729,291.8298073,2.410400555,-0.072081461,1.150249751,1.206848371,0.469686627,98.87237761,19.59395864,19.28402,26.43507,16.44506444,36.2515,12.94442,12.60696,,26.06299,8.186351,17.8099,714.3982,98.4192,275.7337,430.6718,461.040912,,US-KM4,-85.3301,42.4423,246.3,MI,EST,GRA,Dfa,9.9,1027.0,2017-10-19 12:30:00,12:30:00,292,,-0.0956279319201597,0.9957449923521606,0.0,924.3249426474327,,102.31273158490592,2.23663229876152,0.591255313820217,7.107348626256041,698.4199538082718,0.1,0.0202177262445037,0.6704284259207597,1.491583532763561,-0.1244185069332612,-0.0687013996108636,0.7970065489131721,0.6970065489131722,0.7637641475918906,2017-10-19 12:30:00-04:00,US-KM4,0.6704284519767504,924.324978571032,98.03371749208124,279.999999999999,0.8121971000389407,0.7464660850525701,1.5724299205481584,0.204711399913828,-0.2200554184911653,1.352374502056993,0.0652224324539152,0.1208257131857258,1.7107827320897284,224.26937055202788,26.22533432814248,305.0404091644567,24.638247605754973,19.11983512333975,14.019119073363502,56.39120909481976,114.46324086070044,-144.1748988317119,84.015402001699,52.00539655421025,30
10,10,10,-85.32647726209275,42.44090559822679,2017-10-19 06:00:00,79.40799864768982,119.11199459075928,2017-10-19,US-KM4,10,30.71637567038709,25.013053751104167,42.12679223542944,34.304819352833334,-7.884281735416667,61.34438288958333,US-KM4,78,3,3,LC08_021031_20171019,-85.33020527052186,42.44229798691718,2017-10-19 16:23:02.226000128,0.043375,0.04904,0.0658425,0.0843775,0.1930299999999999,0.287245,0.1772449999999999,292.09540730000003,21824.0,0.1285899575,0.3916710975730649,0.2040047089925234,0.2096439126198293,292.09540730000003,0.2259284168383286,0.9522592841683832,0.9707455637755664,-85.33030446336475,42.44242003663072,-0.3916710913181305,0.3916710913181305,1,1,-0.4913132912920451,-292.09540730000003,292.09540730000003,293.796217284738,-293.796217284738,293.796217284738,0.724163634103113,0.9327354137066878,14.901532805905331,393.0403957496081,588.3883473424295,0.724163634103113,1.902716815870565,0.9327354137066878,296.4097659209809,401.9460705309944,38.52225146914904,0.0097469466114459,0.339200198360083,132.89088595160914,15.928686406429582,1.7419286970165049,21.54086028594389,0.0097469466114459,0.339200198360083,0.420771657334728,0.2664596140384674,-76.54290008544922,0.3384308738413357,1.5042609197023773,230.53293311023623,0.6343363341052929,3,-85.33020527052186,42.44229798691718,67.30624215055363,16.712594252258917,49.021241938198045,2.228851290958435,164.88058898370946,41.39316211609743,-86.43002373428577,0.7893008589744568,465779,287.258909,690206,41.47297374789037,-84.20328685985514,0.2465554028749466,337.12019321534814,44.9843053130281,297.23269136,2017-10-19 16:23:02.226000128+00:00,2017-10-19 16:30:00+00:00,154249.0,201710191230.0,201710191300.0,385.4112585,6.835156556,-0.493150044,96.23990175,225.1448477,0.415923729,291.8298073,2.410400555,-0.072081461,1.150249751,1.206848371,0.469686627,98.87237761,19.59395864,19.28402,26.43507,16.44506444,36.2515,12.94442,12.60696,,26.06299,8.186351,17.8099,714.3982,98.4192,275.7337,430.6718,461.040912,,US-KM4,-85.3301,42.4423,246.3,MI,EST,GRA,Dfa,9.9,1027.0,2017-10-19 12:30:00,12:30:00,292,,-0.0956279319201597,0.9957449923521606,0.0,924.3249426474327,,102.31273158490592,2.23663229876152,0.591255313820217,7.107348626256041,698.4199538082718,0.1,0.0202177262445037,0.6704284259207597,1.491583532763561,-0.1244185069332612,-0.0687013996108636,0.7970065489131721,0.6970065489131722,0.7637641475918906,2017-10-19 12:30:00-04:00,US-KM4,0.6704284519767504,924.324978571032,98.03371749208124,279.999999999999,0.8424563819148159,0.7873161155850016,1.6310124988332144,0.2047904807025367,-0.2321976249113641,1.3988148739218502,0.0652224324539152,0.1208469267796466,1.7114709501659222,230.6062978231227,79.38273591602695,303.9840469041137,24.64628022945575,19.23229185515025,14.324358773992,56.38317647111898,114.40532877324245,-143.51035593185347,83.9029452698885,51.77245046688848,30
11,11,11,-85.32647726209275,42.44090559822679,2017-11-20 06:00:00,62.39200135231018,102.09599729537965,2017-11-20,US-KM4,11,27.2665585564012,19.775650473291662,-14.715011771132566,-10.672374692770832,-7.623154769583333,12.582564237500002,US-KM4,80,1,1,LC08_021031_20171120,-85.33020527052186,42.44229798691718,2017-11-20 16:22:57.095000064,0.0372975,0.045905,0.0667499999999999,0.0865774999999999,0.18566,0.25903,0.16619,277.24069238,21824.0,0.1223826299999999,0.3639561045043391,0.1820248560169749,0.1924586024377216,277.24069238,0.1873008489917767,0.9518730084899176,0.9706180928016728,-85.33030446336475,42.44242003663072,-0.363956093788147,0.363956093788147,1,1,-0.4710986094053327,-277.24069238,277.24069238,278.98336161474185,-278.98336161474185,278.98336161474185,0.708365959348477,0.450081162550678,8.277238135320093,318.8526054272901,445.50736020646366,0.708365959348477,0.8094445060035137,0.450081162550678,256.0267809840973,315.83737462207114,8.520544323726057,0.0088496032250059,0.4960310899890534,187.8821196221963,11.896298368442682,1.7412754324633113,14.730254270957593,0.0088496032250059,0.4960310899890534,0.5850435997883572,0.7067233324050903,-195.4227752685547,0.172869176614132,0.3201823697536468,119.43471067614874,0.3886370641015684,1,-85.33020527052186,42.44229798691718,23.716737929934755,3.9331854809163103,55.60370837191454,3.2910759303387813,111.89083726928664,41.271189430568,-84.70615212030313,0.8280588388442993,451986,276.51949016000003,564117,41.3939739977195,-84.79477343209328,0.1775367558002472,277.2713636292036,11.599760021238827,279.25732418,2017-11-20 16:22:57.095000064+00:00,2017-11-20 16:30:00+00:00,155783.0,201711201130.0,201711201200.0,374.5217656,5.874268856,-1.381931777,51.07588296,144.7305607,0.448547378,214.2617683,3.464106245,-0.040202084,1.305441122,1.466613732,0.609878131,98.20326874,5.894148603,5.477837,54.40446,4.109632168,34.95211,2.701222,2.561338,,9.192451,-0.5475287,7.817849,542.1076,80.3681,232.6858,345.8249,348.6003298,,US-KM4,-85.3301,42.4423,246.3,MI,EST,GRA,Dfa,9.9,1027.0,2017-11-20 11:30:00,11:30:00,324,,-0.1744278225385432,0.9877628610477942,-0.2616666666666666,819.9036301029454,,102.31273158490592,0.9018385166774864,0.4906403750703964,5.548135174708252,619.5192115258347,0.1,0.017608533727973,0.5851937522904136,1.7088357421555842,-0.124364496648169,-0.0686366916364537,0.7853283813031091,0.6853283813031091,0.7539413950132585,2017-11-20 11:30:00-05:00,US-KM4,0.5851937793247242,819.9036679801943,98.03371749208124,279.999999999999,0.7191179093691196,0.6208091776483114,1.2349464024923174,0.2460766760277656,-0.1836958881765158,1.0512505143158015,0.0652224324539152,0.0570013222845233,2.537618366180628,114.20546927923124,65.24880705843906,245.36362507043228,24.00280604452942,18.505816216364973,12.7267339837039,51.4725069472708,100.9034424087106,-130.6077046507896,71.81365654719139,46.0746306666322,30
12,12,12,-85.32647726209275,42.44090559822679,2018-04-29 06:00:00,113.44,153.14400270462036,2018-04-29,US-KM4,12,81.21732581113156,61.8780564585238,113.23406756390872,86.27105061353191,-1.86794286875,174.7616290625,US-KM4,83,0,0,LC08_021030_20180429,-85.33020527052186,42.44229798691718,2018-04-29 16:21:31.236999936,0.0386175,0.0557225,0.0912525,0.11251,0.2741825,0.31271,0.1933325,296.10132674,21824.0,0.1636671975,0.4180906017054895,0.263942389713475,0.2734981405616941,296.10132674,0.3826720998517849,0.9538267209985178,0.9712628179295107,-85.33030446336475,42.44242003663072,-0.4180906116962433,0.4180906116962433,1,1,-0.5005814987617496,-296.10132674,296.10132674,298.2563699858154,-298.2563699858154,298.2563699858154,0.7901398619320581,0.4213635163534566,7.883096469313061,415.73248098150026,894.7718222150028,0.7901398619320581,1.116820411849212,0.4213635163534566,292.0821142527866,611.1902699896548,74.59221897186524,0.0139546785077235,0.1933957938935034,321.84685969489504,17.123441825178098,4.563608757017761,37.78088413785533,0.0139546785077235,0.1933957938935034,0.2959494661501117,0.4556096196174621,-131.32485961914062,0.3166223262509582,2.7093384232918067,214.7511913228945,0.4002086681372888,0,-85.33020527052186,42.44229798691718,191.3196465934092,8.592297496756082,37.72885164730919,1.2248557930343376,331.325819712348,43.9742730252076,-84.4486887497551,0.8097712993621826,529629,288.23988074,861225,43.35479438103429,-84.5044213071982,0.1790112555027008,546.4915280525742,85.46211354761883,300.91731692,2018-04-29 16:21:31.236999936+00:00,2018-04-29 16:30:00+00:00,163465.0,201804291230.0,201804291300.0,389.3622161,3.611378657,-8.045561844,148.8613339,292.9207482,0.264319789,308.2401962,0.986786872,-0.406535664,1.267792486,0.952935633,0.406662691,99.15218627,11.82462169,11.02431,18.79057,10.66992299,29.42833,9.159724,8.164895,,54.10279,38.69519,33.93848,1074.672,179.1397,230.9948,436.334,690.1931,,US-KM4,-85.3301,42.4423,246.3,MI,EST,GRA,Dfa,9.9,1027.0,2018-04-29 12:30:00,12:30:00,119,,0.1235122296640348,1.0069013225477024,0.0,1099.819584628972,,102.31273158490592,1.314836895450174,0.2470653472253917,2.9743420965457297,831.0236988421793,0.1,0.0086938419374873,0.8156930406071033,1.2259513692255126,-0.124179962528106,-0.0684156072800496,0.8121630406894367,0.7121630406894367,0.8103474459908651,2018-04-29 12:30:00-04:00,US-KM4,0.8156930609218241,1099.8196120198245,98.03371749208124,279.999999999999,0.0,-0.35,2.480307491179988,0.2491224729620807,0.1120777297407527,2.5923852209207405,0.0652224324539152,0.075694695679661,0.9250122016345428,327.05442857086246,74.48721991052571,288.089477531997,33.3143602715174,27.01998631834185,16.49950617926965,81.18580201889004,123.79718186252036,-148.22284592485173,92.5938458848654,57.24600975196105,30
13,13,13,-85.32647726209275,42.44090559822679,2018-04-29 06:00:00,113.44,153.14400270462036,2018-04-29,US-KM4,13,81.21732581113156,61.8780564585238,113.23406756390872,86.27105061353191,-1.86794286875,174.7616290625,US-KM4,85,2,2,LC08_021031_20180429,-85.33020527052186,42.44229798691718,2018-04-29 16:21:55.119000064,0.039855,0.05652,0.0914725,0.11262,0.274155,0.3126,0.1932775,296.1115808,21824.0,0.1639491275,0.4176459181694784,0.2646422778879077,0.273240111640495,296.1115808,0.3819915255307712,0.9538199152553076,0.9712605720342516,-85.33030446336475,42.44242003663072,-0.4176459312438965,0.4176459312438965,1,1,-0.4996410280955343,-296.1115808,296.1115808,298.09561148969243,-298.09561148969243,298.09561148969243,0.7913007276050266,0.4214727014973,7.884595004889485,415.7871048905054,905.920322002377,0.7913007276050266,1.1175076252915217,0.4214727014973,308.94947248778675,636.2905304015356,77.20056804040298,0.0139344571791666,0.193241155548244,209.69899111770167,19.008564029012938,3.314553574182014,37.81111772546217,0.0139344571791666,0.193241155548244,0.2848166109781124,0.5774046182632446,-168.80723571777344,0.5150508740417246,4.228136683904321,349.3909712434309,0.6249279986496146,2,-85.33020527052186,42.44229798691718,191.23586447163672,8.601373413921543,37.71542063414121,1.2240618507358023,331.325819712348,41.46738193858621,-86.15202699849874,0.8230671286582947,543245,292.35517682,795876,40.93831638632316,-84.96679640621412,0.1580178886651992,545.6976619328332,90.31039911913872,301.38558566,2018-04-29 16:21:55.119000064+00:00,2018-04-29 16:30:00+00:00,163465.0,201804291230.0,201804291300.0,389.3622161,3.611378657,-8.045561844,148.8613339,292.9207482,0.264319789,308.2401962,0.986786872,-0.406535664,1.267792486,0.952935633,0.406662691,99.15218627,11.82462169,11.02431,18.79057,10.66992299,29.42833,9.159724,8.164895,,54.10279,38.69519,33.93848,1074.672,179.1397,230.9948,436.334,690.1931,,US-KM4,-85.3301,42.4423,246.3,MI,EST,GRA,Dfa,9.9,1027.0,2018-04-29 12:30:00,12:30:00,119,,0.1235122296640348,1.0069013225477024,0.0,1099.819584628972,,102.31273158490592,1.314836895450174,0.2470653472253917,2.9743420965457297,831.0236988421793,0.1,0.0086938419374873,0.8156930406071033,1.2259513692255126,-0.124179962528106,-0.0684156072800496,0.8121630406894367,0.7121630406894367,0.8103474459908651,2018-04-29 12:30:00-04:00,US-KM4,0.8156930609218241,1099.8196120198245,98.03371749208128,279.999999999999,0.0,-0.35,2.511211132590589,0.2491106994781725,0.1120868746647608,2.62329800725535,0.0652224324539152,0.0757356819884595,0.9244786938132848,330.78906601898655,119.81929226034288,304.90434272029785,33.348086229696,27.086066574728,16.736226546816003,81.18047043422399,123.66979304383167,-147.94949466190587,92.56448015808,57.231706058072,30
14,14,14,-85.32647726209275,42.44090559822679,2018-09-04 06:00:00,121.94800540924072,161.65199459075927,2018-09-04,US-KM4,14,114.6928460704139,87.18347575297675,45.77004048618589,34.7919800725,7.15223444375,168.32808389583332,US-KM4,95,0,0,LC08_021030_20180904,-85.33020527052186,42.44229798691718,2018-09-04 16:21:54.721999872,0.0296249999999999,0.0367474999999999,0.0633675,0.0657599999999999,0.2649425,0.25617,0.1322825,303.23473448,21824.0,0.1366466325,0.6023011619204574,0.3598219519707493,0.3596639591189385,303.23473448,0.6373759284182363,0.9563737592841824,0.97210334056378,-85.33030446336475,42.44242003663072,-0.6023011803627014,0.6023011803627014,1,1,-0.6139776430812341,-303.23473448,303.23473448,305.5003313027947,-305.5003313027947,305.5003313027947,0.7145582622769937,2.592271775658619,37.6782054484658,458.48644175863103,738.8142827724892,0.7145582622769937,4.0887377108633896,2.592271775658619,353.3478725635047,517.3039904487221,70.1311396489989,0.0226478908690851,0.3512483135007596,186.04190993025983,14.70620097749102,2.350593546455272,20.80199050357348,0.0226478908690851,0.3512483135007596,0.4510879820180968,0.4186083972454071,-125.53441619873048,0.3877189211793497,2.641326687701812,261.1309408694633,0.5839597381693838,0,-85.33020527052186,42.44229798691718,126.93147023023482,29.355618291511,63.40029512705591,2.1120371909670244,223.5717145256781,43.08620540450373,-85.02544158503385,0.9045429229736328,448728,299.88507488,685558,42.93282553670265,-84.68292959458917,0.5372035503387451,482.20402251868,82.71021211304286,310.6210757,2018-09-04 16:21:54.721999872+00:00,2018-09-04 16:30:00+00:00,169609.0,201809041230.0,201809041300.0,407.1172346,32.08755333,-1.164343701,335.0036589,174.9219277,0.302791114,212.0593338,1.78469905,-0.12857975,0.924224511,0.960104655,0.394242406,98.96334827,34.25336424,31.53764,60.3424,18.38117,32.08481,23.18976,22.52968,21.59944,46.91111,25.49384,37.90379,882.7739,120.3384,405.9044,502.5664,665.7735,,US-KM4,-85.3301,42.4423,246.3,MI,EST,GRA,Dfa,9.9,1027.0,2018-09-04 12:30:00,12:30:00,247,,0.0558251086852097,1.0084655749871982,0.0,1041.308487899851,,102.31273158490592,4.6319457966489015,2.7950272603970667,113.99992912344432,786.8127160099502,0.1,0.0917311752200334,0.7746990961597621,1.290823759775983,-0.1258988353270547,-0.0704749331454568,0.8050349764511342,0.7050349764511342,0.6476249874034763,2018-09-04 12:30:00-04:00,US-KM4,0.774699118365367,1041.3085177474195,98.03371749208124,279.999999999999,0.9389963681816575,0.9176450970452378,2.04799319184534,0.1145925316168318,-0.179636675923501,1.868356515921839,0.0652224324539152,0.2356458137645062,1.5539025443141476,365.8211334337413,87.04909169890041,379.1223036414845,19.94071613940477,19.2152270371614,11.143118405303769,80.3397686399674,182.63863291194536,-186.17934757639424,77.6796419317416,40.1126487638506,30
15,15,15,-85.32647726209275,42.44090559822679,2018-09-04 06:00:00,121.94800540924072,161.65199459075927,2018-09-04,US-KM4,15,114.6928460704139,87.18347575297675,45.77004048618589,34.7919800725,7.15223444375,168.32808389583332,US-KM4,96,1,1,LC08_021031_20180904,-85.33020527052186,42.44229798691718,2018-09-04 16:22:18.612999936,0.0296249999999999,0.03639,0.0629825,0.065155,0.2650525,0.25628,0.132915,303.24498854,21824.0,0.13651092,0.6053693510898449,0.3613325910166425,0.3611702496062731,303.24498854,0.6423982374485928,0.956423982374486,0.9721199141835803,-85.33030446336475,42.44242003663072,-0.6053693294525146,0.6053693294525146,1,1,-0.6160013413202859,-303.24498854,303.24498854,305.3197655971999,-305.3197655971999,305.3197655971999,0.7163993986243563,2.5920498249180906,37.675159236598624,458.5725411053127,752.1963345468653,0.7163993986243563,4.0895279645229685,2.5920498249180906,368.74694314339854,543.6191996415597,73.04929568142506,0.0228404270430515,0.3516207787235755,89.62483806363812,16.052999419520493,1.2406671559792812,20.779955349519007,0.0228404270430515,0.3516207787235755,0.4294035529514439,0.5725107192993164,-173.55816650390625,0.5655156924783995,3.661594367217975,380.9450658964965,0.8095397999120002,1,-85.33020527052186,42.44229798691718,126.951687094323,29.35897143516932,63.38261646342467,2.11230695101574,223.5717145256781,41.42273629554978,-84.6114389139013,0.9277430772781372,563126,303.152702,825553,41.07902874754472,-85.20637138530853,0.4556204378604889,474.9818760506878,93.8536262550384,311.42089238,2018-09-04 16:22:18.612999936+00:00,2018-09-04 16:30:00+00:00,169609.0,201809041230.0,201809041300.0,407.1172346,32.08755333,-1.164343701,335.0036589,174.9219277,0.302791114,212.0593338,1.78469905,-0.12857975,0.924224511,0.960104655,0.394242406,98.96334827,34.25336424,31.53764,60.3424,18.38117,32.08481,23.18976,22.52968,21.59944,46.91111,25.49384,37.90379,882.7739,120.3384,405.9044,502.5664,665.7735,,US-KM4,-85.3301,42.4423,246.3,MI,EST,GRA,Dfa,9.9,1027.0,2018-09-04 12:30:00,12:30:00,247,,0.0558251086852097,1.0084655749871982,0.0,1041.308487899851,,102.31273158490592,4.6319457966489015,2.7950272603970667,113.99992912344432,786.8127160099502,0.1,0.0917311752200334,0.7746990961597621,1.290823759775983,-0.1258988353270547,-0.0704749331454568,0.8050349764511342,0.7050349764511342,0.6476249874034763,2018-09-04 12:30:00-04:00,US-KM4,0.774699118365367,1041.3085177474195,98.03371749208124,279.999999999999,0.9560042933232828,0.940605795986432,2.0850882393639107,0.1146021815358574,-0.1841550948390242,1.9009331445248865,0.0652224324539152,0.2356854309388992,1.553324042077777,371.5802082715009,125.0214352714558,395.9178733382575,19.7579272283237,19.099127490720548,11.0350851329706,80.37584232499836,183.57522193370727,-186.79931968929475,77.7156256630312,40.305807651794105,30
16,16,16,-85.32647726209275,42.44090559822679,2019-04-16 06:00:00,116.27599729537964,164.4880054092407,2019-04-16,US-KM4,16,38.1730693329373,29.181985141069767,45.02695271147101,34.42154083847917,14.634333283333332,110.41524175625,US-KM4,108,0,0,LC08_021031_20190416,-85.33020527052186,42.44229798691718,2019-04-16 16:22:11.408999936,0.0602874999999999,0.08215,0.125655,0.1700674999999999,0.3137275,0.3917175,0.25012,298.4187443,21824.0,0.2068333975,0.2969439535340382,0.209050309733805,0.2190395356756235,298.4187443,0.2476355893074884,0.9524763558930748,0.9708171974447148,-85.33030446336475,42.44242003663072,-0.2969439625740051,0.2969439625740051,1,1,-0.4280382127189862,-298.4187443,298.4187443,300.4134014635728,-300.4134014635728,300.4134014635728,0.7602518771905709,1.0109416277713226,15.974891231308604,428.2936711301859,834.4791676186077,0.7602518771905709,1.5066206373283204,1.0109416277713226,301.6673520660483,520.9183552946761,75.12791879061649,0.0102754491207853,0.3065120050013763,334.06801171834604,14.601000999797783,4.080310454667284,23.83810083329752,0.0102754491207853,0.3065120050013763,0.4150224958900947,0.3768706023693084,-109.13666534423828,0.1650642675122786,0.9180398552650691,111.72242478571354,0.2506164682711764,0,-85.33020527052186,42.44229798691718,103.30657718321127,13.090093380406357,67.09994558179012,2.0033495291800536,191.49110949301,42.5558854082731,-85.31156878994143,0.6065758466720581,411139,289.58658062,650340,41.25119233201578,-85.788526303432,0.2063305228948593,523.1325835336534,79.75970787465565,299.07158612,2019-04-16 16:22:11.408999936+00:00,2019-04-16 16:30:00+00:00,180361.0,201904161230.0,201904161300.0,395.7591874,11.495291,-1.604797432,88.76577582,285.444179,0.235048971,234.7220802,1.848019963,-0.572545913,1.008150616,1.515926711,0.408825284,98.34478373,19.13353144,18.7246,46.55138,11.53810962,33.05055,7.057719,6.266032,4.721786,62.317,35.90164,42.54576,,197.88,309.41,466.2415,656.1305,1010.842,US-KM4,-85.3301,42.4423,246.3,MI,EST,GRA,Dfa,9.9,1027.0,2019-04-16 12:30:00,12:30:00,106,0.1957575961426217,0.0850558419606726,1.00328332277211,0.0,1076.7423814942042,0.9387965193654272,102.31273158490592,2.159921746838144,1.0054733800732625,16.5810105427402,813.5865654177841,0.1,0.0344476337591384,0.792848993828244,1.2612742247064406,-0.1247130660188141,-0.0690543013172266,0.8091188391362378,0.7091188391362379,0.7532183488733981,2019-04-16 12:30:00-04:00,US-KM4,0.7928490152292484,1076.7424105582108,98.03371749208124,279.999999999999,0.0,-0.35,2.3131762526387805,0.1992361697582865,0.0954966760519853,2.4086729286907658,0.0652224324539152,0.0984785355774726,1.5347458178652376,321.9054900475916,40.35543587745677,315.89214842724215,50.75132979624022,37.4978073150165,24.515099844245,93.62216660237826,88.61364174110523,-127.73462595201616,116.89584447033523,74.640496324316,30
17,17,17,-85.32647726209275,42.44090559822679,2019-06-03 06:00:00,133.2919945907593,155.98,2019-06-03,US-KM4,17,167.6744490767437,132.90660036971113,58.10130393784628,46.053807398479165,-3.922588958333333,210.37385752083333,US-KM4,110,0,0,LC08_021030_20190603,-85.33020527052186,42.44229798691718,2019-06-03 16:22:05.128000000,0.0247024999999999,0.0286625,0.0629,0.0396074999999999,0.3641899999999999,0.18324,0.0888875,296.10816278,21824.0,0.1484921475,0.8038249370043155,0.585100581977534,0.5386978277766867,296.10816278,1.495432482579805,0.964954324825798,0.9749349271925132,-85.33030446336475,42.44242003663072,-0.8038249611854553,0.8038249611854553,1,1,-0.7054485003160925,-296.10816278,296.10816278,298.3061624922496,-298.3061624922496,298.3061624922496,0.7842031657120794,0.687285081744824,11.532795615641165,420.62137100311855,935.5924478550742,0.7842031657120794,1.7178177107475985,0.687285081744824,301.8202128949269,667.2856648379765,48.58857641485959,0.0619443914874839,0.1615495026963291,135.72260877910253,21.5977909694394,2.4476073539310903,45.22863865185412,0.0619443914874839,0.1615495026963291,0.2563965204221997,0.3098528683185577,-89.98340606689453,0.7121164974324817,6.176888013734574,482.9744796440143,0.7806315702486641,0,-85.33020527052186,42.44229798691718,223.6070598111401,15.113229986150106,40.00919756763457,0.8638183925490222,360.24742901326334,43.465184589704606,-84.93303974569876,0.9099401235580444,478685,290.40690542,820426,43.38053284704065,-85.41736505470995,0.1858444809913635,546.81935896939,111.04504435026126,309.62984989999995,2019-06-03 16:22:05.128000+00:00,2019-06-03 16:30:00+00:00,182665.0,201906031230.0,201906031300.0,377.4397456,8.994039547,-19.371333,361.3748954,211.5548006,0.250345362,303.9136581,1.114111227,-0.297067273,1.312610481,1.065180503,0.380585077,99.01727802,17.50759426,17.45584,38.05989,12.34602743,32.45514,14.20271,13.34976,12.82974,53.76443,26.74757,26.70325,,173.7971,271.8024,421.4535,770.4208,1093.869,US-KM4,-85.3301,42.4423,246.3,MI,EST,GRA,Dfa,9.9,1027.0,2019-06-03 12:30:00,12:30:00,154,0.158882919252671,0.1921368330192493,1.0144878021658736,0.0,1133.5690525703874,0.9649778260262426,102.31273158490592,1.994418741053267,0.7590735789842583,10.353258843700551,856.5247944910454,0.1,0.0261194840234537,0.8534402582273687,1.1717281794006789,-0.1245406733192854,-0.0688477632037816,0.8144750061365306,0.7144750061365306,0.7794006516263794,2019-06-03 12:30:00-04:00,US-KM4,0.8534402765300795,1133.5690768806849,98.03371749208124,279.999999999999,0.0,-0.35,2.593462265454266,0.2239362778375665,0.1104026915675623,2.7038649570218283,0.0652224324539152,0.1104904650547122,0.5903656343835536,413.84402159172976,155.55771829342584,309.60388248717936,11.72810405730882,18.625203438862,8.48720021568175,107.83963180284816,238.01912529309703,-208.8890593645044,54.25885974780719,26.320314319107247,30
18,18,18,-85.32647726209275,42.44090559822679,2019-06-03 06:00:00,133.2919945907593,155.98,2019-06-03,US-KM4,18,167.6744490767437,132.90660036971113,58.10130393784628,46.053807398479165,-3.922588958333333,210.37385752083333,US-KM4,111,1,1,LC08_021031_20190603,-85.33020527052186,42.44229798691718,2019-06-03 16:22:29.020000000,0.0256925,0.0293225,0.0629825,0.03969,0.365675,0.183075,0.08897,296.10132674,21824.0,0.149126325,0.804176482922798,0.5888898824604807,0.5400888039630426,296.10132674,1.505581807187509,0.965055818071875,0.9749684199637187,-85.33030446336475,42.44242003663072,-0.8041765093803406,0.8041765093803406,1,1,-0.7061406834127479,-296.10132674,296.10132674,298.1860613577997,-298.1860613577997,298.1860613577997,0.7849232162846339,0.6874835388947613,11.53551938454514,420.6267665815114,942.96519238774,0.7849232162846339,1.7186602160376914,0.6874835388947613,304.740138345321,675.808735572707,48.96174538680185,0.0624305261735436,0.1619025357228072,92.02344068913143,23.63646756216444,1.8197530737258631,45.13001633494312,0.0624305261735436,0.1619025357228072,0.2465404278350476,0.2579550445079803,-75.09884643554688,0.7884732274006074,6.747020758677879,534.8235494967736,0.8531963268072167,1,-85.33020527052186,42.44229798691718,223.49890418611727,15.120853169246743,40.00113183976119,0.8648685135017726,360.24742901326334,42.58308361782196,-85.38029606518747,0.9032992720603944,586033,291.13152566,732269,41.18047118739483,-85.58237831138081,0.2446600049734115,528.0697662589967,110.04165677786328,309.59225168,2019-06-03 16:22:29.020000+00:00,2019-06-03 16:30:00+00:00,182665.0,201906031230.0,201906031300.0,377.4397456,8.994039547,-19.371333,361.3748954,211.5548006,0.250345362,303.9136581,1.114111227,-0.297067273,1.312610481,1.065180503,0.380585077,99.01727802,17.50759426,17.45584,38.05989,12.34602743,32.45514,14.20271,13.34976,12.82974,53.76443,26.74757,26.70325,,173.7971,271.8024,421.4535,770.4208,1093.869,US-KM4,-85.3301,42.4423,246.3,MI,EST,GRA,Dfa,9.9,1027.0,2019-06-03 12:30:00,12:30:00,154,0.158882919252671,0.1921368330192493,1.0144878021658736,0.0,1133.5690525703874,0.9649778260262426,102.31273158490592,1.994418741053267,0.7590735789842583,10.353258843700551,856.5247944910454,0.1,0.0261194840234537,0.8534402582273687,1.1717281794006789,-0.1245406733192854,-0.0688477632037816,0.8144750061365306,0.7144750061365306,0.7794006516263794,2019-06-03 12:30:00-04:00,US-KM4,0.8534402765300795,1133.5690768806849,98.03371749208124,279.999999999999,0.0,-0.35,2.6138995132988154,0.2239195220446723,0.1104061088851101,2.724305622183925,0.0652224324539152,0.1105379783452355,0.5906617074109667,416.90586718244,170.99231092216505,312.713322696876,11.7522616583106,18.649201811402047,8.682431153333651,108.27685265564948,238.11772352654745,-209.08919322360495,54.208750392925495,26.3441350400578,30
19,19,19,-85.32647726209275,42.44090559822679,2019-08-22 06:00:00,110.60400270462036,138.96400270462036,2019-08-22,US-KM4,19,120.6923182102175,103.96904139860976,64.82042070608841,55.83882308175,-4.25207898125,169.35264127083337,US-KM4,115,0,0,LC08_021030_20190822,-85.33020527052186,42.44229798691718,2019-08-22 16:22:30.340000000,0.0316325,0.0371874999999999,0.06983,0.06356,0.28477,0.259305,0.1344,299.61163328,21824.0,0.1434853875,0.635058708695777,0.3986559486167966,0.3911390614501432,299.61163328,0.7474111650090998,0.957474111650091,0.97246645684453,-85.33030446336475,42.44242003663072,-0.6350587010383606,0.6350587010383606,1,1,-0.6061477721376198,-299.61163328,299.61163328,301.9620276518708,-301.9620276518708,301.9620276518708,0.7507028403742607,1.3151380597032225,20.14990222112414,437.4664858535621,814.1437687466481,0.7507028403742607,2.6209725931684424,1.3151380597032225,314.77671445736723,561.2501037969648,66.08718955721491,0.0270302552737035,0.2619701421506582,174.3987038586889,17.318351266770655,2.556882327822948,27.89120936399295,0.0270302552737035,0.2619701421506582,0.3600601181083619,0.2670069634914398,-78.06908416748047,0.4746252020710279,3.3477888617134104,320.76421038106105,0.6477953036397072,0,-85.33020527052186,42.44229798691718,145.5271866615319,21.85699110106648,50.1774823258788,1.5445454774762843,241.97499686756865,44.19969646430318,-85.37306860438028,0.9192619323730468,385094,292.385939,652226,43.202043758146935,-84.54832367788414,0.1931278109550476,458.07200428524806,95.99886728929188,311.2192292,2019-08-22 16:22:30.340000+00:00,2019-08-22 16:30:00+00:00,186505.0,201908221230.0,201908221300.0,381.3931159,14.65760319,-4.143877099,251.5424515,237.3252866,0.307689773,61.91204834,1.182528257,-0.182517502,0.9537412,0.824434473,0.36101969,98.83229764,24.56364099,23.58009,48.42536,15.00080591,13.51531,19.85559,19.63293,19.31324,23.24372,6.547122,17.5969,,161.1774,322.1959,471.1041,654.2452,964.3308,US-KM4,-85.3301,42.4423,246.3,MI,EST,GRA,Dfa,9.9,1027.0,2019-08-22 12:30:00,12:30:00,234,0.1671391186509857,0.0974339264066919,1.0115246873996049,0.0,1069.2652365884069,0.9018630429590976,102.31273158490592,2.90953296403334,1.4089518121518154,30.5347880490784,807.9368340210132,0.1,0.0474810064306381,0.8003314922496108,1.2494822578943523,-0.1249828568331142,-0.0693775289594798,0.8092326319101313,0.7092326319101313,0.7270734471487028,2019-08-22 12:30:00-04:00,US-KM4,0.8003315133043469,1069.2652647181224,98.03371749208122,279.999999999999,0.0,-0.35,2.2568065269657085,0.1794487434798993,0.0970438159900741,2.353850342955783,0.0652224324539152,0.1599221337646217,1.1241685442885616,408.918607493888,86.7600665324641,334.1584837513852,19.0433154112768,20.9218803519424,11.141807612599967,85.3204048091456,190.27097694102943,-181.60892401918557,77.6907945676704,40.267803512832,30
20,20,20,-85.32647726209275,42.44090559822679,2019-08-22 06:00:00,110.60400270462036,138.96400270462036,2019-08-22,US-KM4,20,120.6923182102175,103.96904139860976,64.82042070608841,55.83882308175,-4.25207898125,169.35264127083337,US-KM4,116,1,1,LC08_021031_20190822,-85.33020527052186,42.44229798691718,2019-08-22 16:22:54.223000064,0.0327325,0.0379025,0.06994,0.0636975,0.2855125,0.25947,0.1354449999999999,299.65264951999995,21824.0,0.144021445,0.6351908593682883,0.4008428334310676,0.3918023810364927,299.65264951999995,0.7498528783488937,0.9574985287834888,0.9724745144985512,-85.33030446336475,42.44242003663072,-0.6351908445358276,0.6351908445358276,1,1,-0.6064734387857731,-299.65264951999995,299.65264951999995,301.82507454653705,-301.82507454653705,301.82507454653705,0.7521056581701371,1.3152904732377866,20.151994054278664,437.7172504470944,825.8087208533258,0.7521056581701371,2.621845301192639,1.3152904732377866,332.63450550255294,587.6543547766515,68.91268489644864,0.0271312082271713,0.26190132483728,134.9166616645441,18.080983905575955,2.067981305997065,27.898538071079443,0.0271312082271713,0.26190132483728,0.3526782370193232,0.3876912295818329,-114.94695281982422,0.5678589079380651,3.820611444271224,383.8250082156587,0.7399155119046027,1,-85.33020527052186,42.44229798691718,145.4227400547671,21.86244716085969,50.16659345383499,1.5434936216590964,241.97499686756865,41.97055377681831,-84.5798481483524,0.9189582467079164,276320,296.49098102,555522,42.47279172941086,-84.6977931482388,0.23931884765625,490.1280044815448,98.021259307741,310.0229222,2019-08-22 16:22:54.223000064+00:00,2019-08-22 16:30:00+00:00,186505.0,201908221230.0,201908221300.0,381.3931159,14.65760319,-4.143877099,251.5424515,237.3252866,0.307689773,61.91204834,1.182528257,-0.182517502,0.9537412,0.824434473,0.36101969,98.83229764,24.56364099,23.58009,48.42536,15.00080591,13.51531,19.85559,19.63293,19.31324,23.24372,6.547122,17.5969,,161.1774,322.1959,471.1041,654.2452,964.3308,US-KM4,-85.3301,42.4423,246.3,MI,EST,GRA,Dfa,9.9,1027.0,2019-08-22 12:30:00,12:30:00,234,0.1671391186509857,0.0974339264066919,1.0115246873996049,0.0,1069.2652365884069,0.9018630429590976,102.31273158490592,2.90953296403334,1.4089518121518154,30.5347880490784,807.9368340210132,0.1,0.0474810064306381,0.8003314922496108,1.2494822578943523,-0.1249828568331142,-0.0693775289594798,0.8092326319101313,0.7092326319101313,0.7270734471487028,2019-08-22 12:30:00-04:00,US-KM4,0.8003315133043469,1069.2652647181224,98.03371749208122,279.999999999999,0.0,-0.35,2.289141774205419,0.1794394404735066,0.0970459640353701,2.386187738240789,0.0652224324539152,0.1599686474621974,1.123137974301284,414.146303492381,102.50624450537114,353.3259240357287,19.0871246428002,20.9577063074288,11.3575845484318,85.55457709607899,190.33662396059327,-181.7313727956624,77.75087297095438,40.58645311423636,30
21,21,21,-85.32647726209275,42.44090559822679,2020-05-04 06:00:00,110.60400270462036,144.63599729537964,2020-05-04,US-KM4,21,92.2611669330188,71.15754667848888,87.55974317273132,67.53151644497918,0.6106347270833331,179.59424309791666,US-KM4,134,0,0,LC08_021030_20200504,-85.33020527052186,42.44229798691718,2020-05-04 16:21:46.105999872,0.030395,0.0419724999999999,0.0816549999999999,0.0846799999999999,0.3307225,0.2827075,0.1568675,295.55102552,21824.0,0.16575112,0.5922990352730184,0.4036107076156879,0.4031710094739746,295.55102552,0.7925674181935026,0.957925674181935,0.9726154724800384,-85.33030446336475,42.44242003663072,-0.5922990441322327,0.5922990441322327,1,1,-0.603979363568575,-295.55102552,295.55102552,297.714713974339,-297.714713974339,297.714713974339,0.7789139637444632,0.6870066169276616,11.52897376387076,414.4238630806136,894.4716797873006,0.7789139637444632,1.2254198544494912,0.6870066169276616,294.47314221415013,613.8715172576233,66.65619209399708,0.02892124228341,0.2422335468135183,319.625248950704,15.886227527666676,4.201761351564272,30.16371670214605,0.02892124228341,0.2422335468135183,0.3586763457034804,0.4532765746116638,-130.74534606933594,0.3353759170671155,2.70629459245532,227.5900762129222,0.415905888865355,0,-85.33020527052186,42.44229798691718,183.98829989913443,9.969070354993676,56.06295788607841,1.4173410182325097,309.2152247538553,42.9974414626204,-83.97906243565843,0.8847376704216003,419017,288.44496194,598901,43.20329427772086,-84.60735502259423,0.1624591052532196,509.0877532747157,82.04463752054124,298.70585798,2020-05-04 16:21:46.105999872+00:00,2020-05-04 16:30:00+00:00,198793.0,202005041230.0,202005041300.0,383.2597255,8.503637956,-14.64526506,204.5828731,284.7894132,0.320033148,63.4864502,1.144618372,-0.225834398,1.134715707,1.423296845,0.40414901,99.02465409,11.77945347,11.63953,51.92856,6.578929507,35.02182,11.03695,10.36768,9.643661,36.84467,20.07513,24.96292,,176.8279,257.9094,420.2539,658.5213,997.6937,US-KM4,-85.3301,42.4423,246.3,MI,EST,GRA,Dfa,9.9,1027.0,2020-05-04 12:30:00,12:30:00,125,0.1772366609110591,0.1392914738942801,1.0084655749871982,0.0,1108.5427597776168,0.9000047054568703,102.31273158490592,1.3695719926688694,0.7111990139562494,9.345026980579238,837.6149294587293,0.1,0.0249719167007139,0.8247191721121965,1.2125339555753143,-0.1245169186757047,-0.0688193035341777,0.8122373642686065,0.7122373642686065,0.7791360864013299,2020-05-04 12:30:00-04:00,US-KM4,0.824719191972414,1108.5427864726437,98.03371749208124,279.999999999999,0.0,-0.35,2.479475496370397,0.2239597927794759,0.1027412305694641,2.582216726939861,0.0652224324539152,0.0821329221451326,1.0271230138990426,330.42900024225145,76.18088420369845,301.31122985246293,25.02726084103357,24.13321898883557,12.40501541863817,97.7453740375382,175.05458728944726,-178.50672029560926,83.5544915471954,46.3623504957586,30
22,22,22,-85.32647726209275,42.44090559822679,2020-05-04 06:00:00,110.60400270462036,144.63599729537964,2020-05-04,US-KM4,22,92.2611669330188,71.15754667848888,87.55974317273132,67.53151644497918,0.6106347270833331,179.59424309791666,US-KM4,136,2,2,LC08_021031_20200504,-85.33020527052186,42.44229798691718,2020-05-04 16:22:09.996999936,0.0319899999999999,0.04299,0.0817375,0.0847899999999999,0.3307225,0.2826525,0.1568399999999999,295.55444354,21824.0,0.166099985,0.5918775006768751,0.4052841475573281,0.4029423410384894,295.55444354,0.7916916912235108,0.957916916912235,0.9726125825810376,-85.33030446336475,42.44242003663072,-0.5918775200843811,0.5918775200843811,1,1,-0.6036585365853657,-295.55444354,295.55444354,297.5743595670126,-297.5743595670126,297.5743595670126,0.7799895217659123,0.687236246036079,11.532125359190715,414.4392457055674,904.7615916152864,0.7799895217659123,1.2261954596366704,0.687236246036079,302.13162005409765,629.458449097764,68.01957359540813,0.02888409898649,0.2419781623403068,192.18090474554668,17.618421543810953,2.81526956250201,30.19555157858936,0.02888409898649,0.2419781623403068,0.3427539897160578,0.3890743255615234,-112.96327209472656,0.5440634180006129,4.2756037100996735,369.25797075680913,0.6576993273335588,2,-85.33020527052186,42.44229798691718,183.8396391908425,9.978510626524695,56.04622335167605,1.416052523519749,309.2152247538553,41.61346543096043,-85.48472281810442,0.7920362949371338,431744,290.33854502,683363,41.36341474509462,-86.3259056647761,0.0994643047451973,592.5674759091919,96.81738734743062,304.30799276,2020-05-04 16:22:09.996999936+00:00,2020-05-04 16:30:00+00:00,198793.0,202005041230.0,202005041300.0,383.2597255,8.503637956,-14.64526506,204.5828731,284.7894132,0.320033148,63.4864502,1.144618372,-0.225834398,1.134715707,1.423296845,0.40414901,99.02465409,11.77945347,11.63953,51.92856,6.578929507,35.02182,11.03695,10.36768,9.643661,36.84467,20.07513,24.96292,,176.8279,257.9094,420.2539,658.5213,997.6937,US-KM4,-85.3301,42.4423,246.3,MI,EST,GRA,Dfa,9.9,1027.0,2020-05-04 12:30:00,12:30:00,125,0.1772366609110591,0.1392914738942801,1.0084655749871982,0.0,1108.5427597776168,0.9000047054568703,102.31273158490592,1.3695719926688694,0.7111990139562494,9.345026980579238,837.6149294587293,0.1,0.0249719167007139,0.8247191721121965,1.2125339555753143,-0.1245169186757047,-0.0688193035341777,0.8122373642686065,0.7122373642686065,0.7791360864013299,2020-05-04 12:30:00-04:00,US-KM4,0.824719191972414,1108.5427864726437,98.0337174920812,279.999999999999,0.0,-0.35,2.507999131957574,0.2239404014210494,0.1027460374514257,2.610745169409,0.0652224324539152,0.0821786315755799,1.0262749512432934,333.99654115653453,122.2809357691748,309.31057566355736,25.06006126775657,24.157881328850756,12.7058855277846,97.74650445365764,174.9320253563998,-178.4139628686585,83.53920235268986,46.35475892481357,30
23,23,23,-85.32647726209275,42.44090559822679,2020-05-20 06:00:00,138.96400270462036,184.34,2020-05-20,US-KM4,23,171.1217526025537,117.785153063,36.85645504217053,25.368739698361704,6.219910022222223,189.3137710888889,US-KM4,135,1,1,LC08_021030_20200520,-85.33020527052186,42.44229798691718,2020-05-20 16:21:46.520000000,0.0137575,0.0198625,0.053055,0.0348775,0.27674,0.1439975,0.0713975,291.22723022,21824.0,0.1142518425,0.7761518528323986,0.4522362426598381,0.4470008963581982,291.22723022,0.9747964640471268,0.9597479646404712,0.9732168283313556,-85.33030446336475,42.44242003663072,-0.7761518359184265,0.7761518359184265,1,1,-0.6782546733576917,-291.22723022,291.22723022,293.3801974637296,-293.3801974637296,293.3801974637296,0.769537144046465,1.0300147350037774,16.236664296165774,391.44268147920747,908.4409083935276,0.769537144046465,1.98847239813476,1.0300147350037774,318.4335240958187,718.8231059522406,43.52898455942992,0.0369993489489545,0.532669540284572,-13.177236511113971,33.622722939612714,-0.366957392249617,13.71706757990237,0.0369993489489545,0.532669540284572,0.2253886909476865,0.8188344836235046,-240.59678649902344,0.990959833371234,7.344236635537981,675.2941213928107,1.0,1,-85.33020527052186,42.44229798691718,208.5318218374992,17.408561961559393,51.79929758994687,3.0298892215869944,315.2049027104672,42.67282576060797,-84.96060364253904,0.825016975402832,521539,293.82834344,676677,44.16502625622867,-85.25657748065356,0.2307423502206802,603.6164549457809,94.43814395207576,300.14826242000004,2020-05-20 16:21:46.520000+00:00,2020-05-20 16:30:00+00:00,199561.0,202005201230.0,202005201300.0,,,,,,,,,,,,,,,18.92582,50.61911,10.79493391,38.19301,13.2766,12.98167,12.13632,42.80762,23.2671,27.13706,,170.383,316.128,431.7823,722.9677,1009.005,US-KM4,-85.3301,42.4423,246.3,MI,EST,GRA,Dfa,9.9,1027.0,2020-05-20 12:30:00,12:30:00,141,0.1688623941407624,0.1737130766175253,1.012154116247867,0.0,1125.7968130263484,0.8962585329119998,102.31273158490592,2.187244671466076,1.1071637862185513,19.658259357849843,850.6520909299292,0.1,0.0379054274602769,0.8436936717389047,1.1852643127439113,-0.1247846423484277,-0.0691400546010148,0.8132360382279901,0.7132360382279901,0.7532882867472205,2020-05-20 12:30:00-04:00,US-KM4,0.8436936905906447,1125.796838181484,98.03371749208124,279.999999999999,0.0,-0.35,2.5181981980668584,0.1979145017741992,0.1007187990939741,2.6189169971608326,0.0652224324539152,0.1256042785103387,2.159013109797616,393.4498259687485,238.50963431128457,335.27483021783576,10.157277721998051,15.4510606993221,5.784500860244751,80.5942236910828,226.0365543305005,-197.5262299057314,41.93599308360445,20.792896169632453,30
24,24,24,-85.32647726209275,42.44090559822679,2020-05-20 06:00:00,138.96400270462036,184.34,2020-05-20,US-KM4,24,171.1217526025537,117.785153063,36.85645504217053,25.368739698361704,6.219910022222223,189.3137710888889,US-KM4,137,3,3,LC08_021031_20200520,-85.33020527052186,42.44229798691718,2020-05-20 16:22:10.405999872,0.01516,0.02121,0.053935,0.036005,0.276685,0.1443825,0.07082,291.22039418,21824.0,0.11491979,0.7697080175253446,0.4511712306169581,0.444228426583322,291.22039418,0.9623296656002736,0.9596232966560028,0.9731756878964808,-85.33030446336475,42.44242003663072,-0.7697080373764038,0.7697080373764038,1,1,-0.673734196358357,-291.22039418,291.22039418,293.2604678837382,-293.2604678837382,293.2604678837382,0.7703987422075113,1.0301806949447554,16.238942049961413,391.3550868029914,916.797287354503,0.7703987422075113,1.98896332544346,1.0301806949447554,307.18827667610395,714.8690755741617,43.85895597594308,0.0364273197744619,0.5317994690500221,138.3456145010241,11.38479059504326,1.295680600701047,13.739509922586484,0.0364273197744619,0.5317994690500221,0.6222412450986404,0.6372499465942383,-185.58453369140625,0.7815680553134631,5.827849712265229,532.6645050971945,0.793824846361689,3,-85.33020527052186,42.44229798691718,208.47758691868563,17.41246989982287,51.794856233212144,3.030423744953808,315.2049027104672,42.48174122585284,-85.95961135197427,0.8378027677536011,109138,291.22723022,166583,42.74475947549061,-86.03806243706447,0.2367437928915023,609.8300432773302,84.56298457147507,298.3503839,2020-05-20 16:22:10.405999872+00:00,2020-05-20 16:30:00+00:00,199561.0,202005201230.0,202005201300.0,,,,,,,,,,,,,,,18.92582,50.61911,10.79493391,38.19301,13.2766,12.98167,12.13632,42.80762,23.2671,27.13706,,170.383,316.128,431.7823,722.9677,1009.005,US-KM4,-85.3301,42.4423,246.3,MI,EST,GRA,Dfa,9.9,1027.0,2020-05-20 12:30:00,12:30:00,141,0.1688623941407624,0.1737130766175253,1.012154116247867,0.0,1125.7968130263484,0.8962585329119998,102.31273158490592,2.187244671466076,1.1071637862185513,19.658259357849843,850.6520909299292,0.1,0.0379054274602769,0.8436936717389047,1.1852643127439113,-0.1247846423484277,-0.0691400546010148,0.8132360382279901,0.7132360382279901,0.7532882867472205,2020-05-20 12:30:00-04:00,US-KM4,0.8436936905906447,1125.796838181484,98.03371749208124,279.999999999999,0.0,-0.35,2.5413620805466826,0.1979030555539029,0.1007183924703257,2.642080473017008,0.0652224324539152,0.1256314334298465,2.1618110408577,396.5025732016568,186.68527452238104,323.56331284800024,10.4853902924509,15.7069719600983,6.176784560557801,80.57631476369332,224.1546722672372,-196.20513823602624,42.04712856269386,20.6242283158276,30
25,25,25,-85.32647726209275,42.44090559822679,2020-10-11 06:00:00,93.58799864768982,136.12800540924073,2020-10-11,US-KM4,25,33.38944811289085,26.58564699685417,23.43554913842193,18.660063935916668,0.8389511958333333,71.62334588395834,US-KM4,152,0,0,LC08_021030_20201011,-85.33020527052186,42.44229798691718,2020-10-11 16:22:40.316999936,0.03408,0.0399924999999999,0.06158,0.072195,0.2273775,0.26442,0.149305,294.37180862,21824.0,0.129551825,0.5180131687654908,0.2851353672955847,0.2911227562228566,294.37180862,0.4301855242343583,0.9543018552423436,0.9714196122299732,-85.33030446336475,42.44242003663072,-0.5180131793022156,0.5180131793022156,1,1,-0.573778150766116,-294.37180862,294.37180862,296.3278717699311,-296.3278717699311,296.3278717699311,0.7210111663280729,1.144434961312668,17.807049915954188,406.30642663761415,603.1178300816932,0.7210111663280729,1.701226816386333,1.144434961312668,304.7141864206456,409.46570128683913,41.97560208809931,0.0154076658641761,0.3933771590094273,214.33701325610213,13.580580320626964,2.4124237075432404,18.57419505554947,0.0154076658641761,0.3933771590094273,0.4936136075948793,0.3366896510124206,-97.3581085205078,0.2253837563396555,0.6863084504503133,153.15308594263763,0.4167543187600598,0,-85.33020527052186,42.44229798691718,46.626319451942834,14.962439800470111,67.27115692566048,2.4656350119637622,112.85977661451342,43.08652184314311,-85.04385957742453,0.7836010456085205,493773,289.16274614,687264,42.93319604475746,-84.70129771865746,0.2135740369558334,362.6230150499837,50.97545770561369,299.56036298000004,2020-10-11 16:22:40.316999936+00:00,2020-10-11 16:30:00+00:00,206473.0,202010111230.0,202010111300.0,393.514927,15.44989777,-2.571718443,66.49622556,87.94334778,0.25256446,83.12034607,1.976992024,-0.117130997,0.757600841,0.831442207,0.346181787,98.70585609,20.35939216,18.9487,60.66496,8.611152868,24.89848,13.37817,13.13857,12.58152,20.4704,16.62984,17.37194,,49.0858,380.078,418.2343,260.3115,347.5536,US-KM4,-85.3301,42.4423,246.3,MI,EST,GRA,Dfa,9.9,1027.0,2020-10-11 12:30:00,12:30:00,285,0.1412323163966651,-0.0735935660513455,0.9977533076409486,0.0,942.8321155372128,0.3686272394337869,102.31273158490592,2.1903705280435184,1.3287874046893893,27.39115837687396,712.4039729898557,0.1,0.0454894840410227,0.6866132898185412,1.4564238922090789,-0.1249416323196491,-0.0693281392042173,0.7977876731691682,0.6977876731691682,0.7134832027514052,2020-10-11 12:30:00-04:00,US-KM4,0.6866133153494824,942.8321505953622,98.03371749208124,279.999999999999,0.8465952646930022,0.792903607335553,1.6718426249864535,0.1902304261816563,-0.2120208555659045,1.4598217694205489,0.0652224324539152,0.1095541895424569,1.852817212178551,212.42917531860823,67.47326857806397,316.83889262702104,21.2521727233209,18.1274159748196,11.772664556235322,66.93352591449406,152.48847337847482,-168.90411198766063,77.8377936353004,43.9511828860091,30
26,26,26,-85.32647726209275,42.44090559822679,2020-10-11 06:00:00,93.58799864768982,136.12800540924073,2020-10-11,US-KM4,26,33.38944811289085,26.58564699685417,23.43554913842193,18.660063935916668,0.8389511958333333,71.62334588395834,US-KM4,153,1,1,LC08_021031_20201011,-85.33020527052186,42.44229798691718,2020-10-11 16:23:04.200000000,0.0336124999999999,0.04024,0.06279,0.073735,0.2278175,0.2641725,0.1499375,294.35813654000003,21824.0,0.1300932175,0.5109640941461272,0.2814955487228954,0.2883451177558551,294.35813654000003,0.4225596910821629,0.9542255969108216,0.9713944469805712,-85.33030446336475,42.44242003663072,-0.5109640955924988,0.5109640955924988,1,1,-0.5678707535077381,-294.35813654000003,294.35813654000003,296.03347247053136,-296.03347247053136,296.03347247053136,0.7245713785693845,1.1448402558439683,17.812612470095747,406.198486446226,623.0642815222287,0.7245713785693845,1.702104733142708,1.1448402558439683,315.44037651109574,436.81063954952486,44.42642480813429,0.0151690147012028,0.3927628306075623,78.4268669676054,15.148163859085177,0.9888809429855598,18.60324733513192,0.0151690147012028,0.3927628306075623,0.4625563155328627,0.2321666032075882,-67.74020385742188,0.4618959251951484,1.3154507369480293,313.9573477737852,0.800127364911215,1,-85.33020527052186,42.44229798691718,46.56190535330555,14.970451192494842,67.26027097816565,2.465841967383793,112.85977661451342,42.30009856292785,-85.27947954254273,0.8157714605331421,377646,291.77411342,648012,41.42156171800053,-84.50522754826994,0.255422294139862,347.8703432078344,56.47419021491216,302.04526352,2020-10-11 16:23:04.200000+00:00,2020-10-11 16:30:00+00:00,206473.0,202010111230.0,202010111300.0,393.514927,15.44989777,-2.571718443,66.49622556,87.94334778,0.25256446,83.12034607,1.976992024,-0.117130997,0.757600841,0.831442207,0.346181787,98.70585609,20.35939216,18.9487,60.66496,8.611152868,24.89848,13.37817,13.13857,12.58152,20.4704,16.62984,17.37194,,49.0858,380.078,418.2343,260.3115,347.5536,US-KM4,-85.3301,42.4423,246.3,MI,EST,GRA,Dfa,9.9,1027.0,2020-10-11 12:30:00,12:30:00,285,0.1412323163966651,-0.0735935660513455,0.9977533076409486,0.0,942.8321155372128,0.3686272394337869,102.31273158490592,2.1903705280435184,1.3287874046893893,27.39115837687396,712.4039729898557,0.1,0.0454894840410227,0.6866132898185412,1.4564238922090789,-0.1249416323196491,-0.0693281392042173,0.7977876731691682,0.6977876731691682,0.7134832027514052,2020-10-11 12:30:00-04:00,US-KM4,0.6866133153494824,942.8321505953622,98.03371749208124,279.999999999999,0.8745940577890361,0.8307019780151988,1.727134188379618,0.1902039085471794,-0.2221218049871096,1.5050123833925084,0.0652224324539152,0.1096037631563414,1.8544466115069869,218.20743910144327,134.65462020855065,328.44799674326674,21.704497197776902,18.482747393346603,11.8449714143696,67.05993477120145,150.40643859170314,-167.15737679810346,77.76132482511315,44.135323097466255,30
