,Unnamed: 0.4,Unnamed: 0.3,longitude_x,latitude_x,date_x,eto,etr,Date,Stn Name,Unnamed: 0.2,LE_closed,LE_unclosed,H_closed,H_unclosed,G_unclosed,Rn_unclosed,Name_x,Unnamed: 0,Unnamed: 0.1,Unnamed: 0_x,id,longitude_y,latitude_y,date_y,UB,B,GR,R,NIR,SWIR_1,SWIR_2,ST_B10,pixel_qa,ALFA,NDVI_model,EVI,SAVI,T_LST,LAI,e_0,e_NB,longitude.1,latitude.1,NDVI_neg,pos_NDVI,int,sd_ndvi,NDWI,LST_neg,LST_NW,T_LST_DEM,LST_neg_1,LST_NW_1,Tao_sw,EA,W_ATM,Rl_up,Rs_down,Tao_sw_1,ES,EA_1,Rl_down,Rn,Ginst,zom,u_fr,Hinst,rah,dT,rah_first,zom_1,u_fr_1,ufric_star,constant,constant_1,ET_inst,ET_24h,LEinst,EF,id.1,longitude.2,latitude.2,Rn24h_G,AirT_G,Relative humidity,ux_G,SW_Down,cold_pixel_lat,cold_pixel_lon,cold_pixel_ndvi,cold_pixel_sum,cold_pixel_temp,hot_pixel_sum,hot_pixel_lat,hot_pixel_lon,hot_pixel_ndvi,hot_pixel_Rn,hot_pixel_G,hot_pixel_temp,Datetime_Local_x,Datetime_GMT,Unnamed: 0_y,TIMESTAMP_START,TIMESTAMP_END,WD_1_1_1,USTAR_1_1_1,Air temp,TA_PI_F_1_1_1,Wind speed_y,NEE_PI_1_1_1,NEE_PI_F_1_1_1,FC_1_1_1,FC_PI_F_1_1_1,SC_1_1_1,H_1_1_1,H_inst_af,SH_1_1_1,LE_1_1_1,LE_inst_af,SLE_1_1_1,G_1_1_1,G_inst_af,TS_1_1_1,TS_1_2_1,P_1_1_1,RH_1_1_1,PA_1_1_1,CO2_1_1_1,VPD_PI_1_1_1,SWC_1_1_1,Rn_inst_af,PPFD_IN_1_1_1,SWIN_inst_af,SW_IN_PI_F_1_1_1,PPFD_OUT_1_1_1,SW_OUT_1_1_1,LW_IN_inst_af,LW_OUT_inst_af,H2O_1_1_1,RECO_PI_1_1_1,GPP_PI_1_1_1,ZL_1_1_1,G_PI_F_2_1_1,G_2_3_1,TS_2_1_1,TS_PI_F_2_1_1,RH_PI_F_1_1_1,CO2_PI_F_1_1_1,VPD_PI_F_1_1_1,SWC_2_1_1,SWC_2_2_1,H2O_PI_F_1_1_1,RECO_PI_F_1_1_1,GPP_PI_F_1_1_1,TS_2_2_1,NETRAD_PI_F_1_1_1,G_PI_F_1_1_1,PPFD_IN_PI_F_1_1_1,SW_OUT_PI_F_1_1_1,WD_PI_F_1_1_1,WS_PI_F_1_1_1,SC_PI_F_1_1_1,SH_PI_F_1_1_1,PA_PI_F_1_1_1,G_2_2_1,G_PI_F_2_2_1,P_2_1_1,Name_y,Long,Lat,Elevation,State,Timezone,Veg,Clim,MAT (Â°C),MAP (mm),Datetime,Time,doy,Albedo,dec,dr,tao,Rext,Tao_sw_am,P_calc,es,ea,W_calc,Rso,gamma_dust,W_prata,zenith,Mopt,asa,bsa,Tao_sa,Tao_ding,Tao_sebal_insitu,Datetime_Local_y,Name,cos_zenith,Rext_model,P_model,Elev_SRTM,RS_Rso,f,Rns_model,eps_dash,Rnl_model,Rn_fao_model,psychro,del,WS_2,ETo_model_hourly,ET_ETo_model,LWin_angstrom,R_LST,GR_LST,B_LST,NIR_LST,NDVI_LST,NDWI_LST,SWIR1_LST,SWIR2_LST,Landcover_wc
0,0,0,-97.57051458464184,38.77577923901914,2015-06-25 06:00:00,220.56354846954343,290.0903856658935,2015-06-25,US-KLS,0,236.00207505308256,166.42831914893617,-29.621381746010822,-20.88895520833333,9.664215,200.5424625,US-KLS,15,1,1,LC08_028033_20150625,-97.56849337525256,38.77447668185717,2015-06-25 17:06:07.096000000,0.0314949999999999,0.0432374999999999,0.0838275,0.0749175,0.32316,0.2527325,0.1405325,308.1771914,21824.0,0.15854458,0.6236034440529796,0.4284819199331668,0.4146231811842519,308.1771914,0.8373429966266616,0.9583734299662666,0.972763231888868,-97.56840039945467,38.77453442121475,-0.6236034631729126,0.6236034631729126,1,1,-0.588058601308394,-308.1771914,308.1771914,311.23946055275826,-311.23946055275826,311.23946055275826,0.7449844490612143,2.1464086099763,31.211170449409728,490.1396035281384,902.1291071819036,0.7449844490612143,4.677931886857845,2.1464086099763,284.6228513441495,541.7368015393067,87.41123640311464,0.0308438555044313,0.3297224769775758,142.56044527691083,15.72434528803542,1.9738172336345088,22.160042435735804,0.0308438555044313,0.3297224769775758,0.4245087050384546,0.0750753954052925,-21.392608642578125,0.4655004071681992,4.475283189644361,311.76511985928124,0.6862152249033667,1,-97.56849337525256,38.77447668185717,181.993715165628,31.711976231129867,45.88370805497205,1.9152066227242008,292.60653178650506,39.44392226974281,-96.21618795356554,0.8355706930160522,402840,284.94832748,662918,38.31622499020359,-97.85678773040549,0.3061407804489136,370.9761477073339,111.72511426337542,324.57343334,2015-06-25 17:06:07.096000+00:00,2015-06-25 17:00:00+00:00,61032.0,201506251200.0,201506251230.0,219.88007,0.216665705,35.13444,35.134437,2.249015094,-12.924,-12.9242676,-12.91483054,-12.92426763,-0.00944,25.92498,25.924979,1.553931773,542.9,542.9,-0.51175588,,28.935,,,0.0,36.115,96.66648125,355.0957805,34.24484,,724.54,1508.077,930.72,930.72,,129.6782,452.3027132,512.1409044,29.73359851,,,-0.0824,28.935,55.175,27.641,27.64108,36.115,,34.24484,28.1031375,23.36067,,4.6871,13.071,27.64108,724.541025,,,,,,,,,,,,US-KLS,-97.5684,38.7745,373.0,KS,CST,GRA,Cfa,12.0,812.0,2015-06-25 12:00:00,12:00:00,176,0.1393310555269039,0.2012566823881189,1.0167489958760556,0.0,1175.8551347178186,0.7915260753811769,102.45865050045045,5.664595915810258,2.045768814994875,62.13296248105819,890.8515535888884,0.1,0.0663576292519214,0.8892273457396487,1.1245718035900163,-0.1253736029255147,-0.0698456692054476,0.8155275511577399,0.7155275511577399,0.7016798397845931,2015-06-25 12:00:00-05:00,US-KLS,0.8892275318237726,1175.855380783095,96.87667614406097,380.99999999999807,0.0,-0.35,2.5007018851082368,0.1348912270146996,0.08319456575132,2.583896450859557,0.0644526457611507,0.2649004024931171,1.38204776015555,527.4970124280026,130.35907219395128,307.826464630948,23.087864736709506,25.833723512083505,13.32481131315747,99.590541172824,192.18035793561432,-181.22624812983327,77.88639202550051,43.308911150420506,30
1,1,1,-97.57051458464184,38.77577923901914,2015-07-18 06:00:00,231.9587631607056,316.0532535934449,2015-07-18,US-KLS,1,182.0355748441449,145.50969090909092,38.00932340917178,30.38265957446808,7.927224166666666,226.077205625,US-KLS,19,2,2,LC08_029033_20150718,-97.56849337525256,38.77447668185717,2015-07-18 17:12:32.724000000,0.028085,0.0363624999999999,0.067905,0.0646875,0.2868875,0.24297,0.1274425,312.381356,21824.0,0.141395635,0.6320130839792363,0.3961366867676619,0.3913924199277809,312.381356,0.7483431502685824,0.9574834315026858,0.9724695323958864,-97.56840039945467,38.77453442121475,-0.6320130825042725,0.6320130825042725,1,1,-0.6172128779497876,-312.381356,312.381356,315.61727538660915,-315.61727538660915,315.61727538660915,0.7403262452410584,2.272671408883172,32.92363928843385,516.9573918754523,880.8452029926634,0.7403262452410584,5.041161230224131,2.272671408883172,384.4006694617583,607.3974163715336,105.46209863277878,0.0270687703826537,0.6345538566877891,125.84687102085506,10.026739427026603,1.1351398027268544,11.514647661237053,0.0270687703826537,0.6345538566877891,0.7147911805859161,0.1322744339704513,-40.61295318603516,0.5639600130580281,5.425656293221508,376.0884467178998,0.7492767163948497,2,-97.56849337525256,38.77447668185717,201.20579269976227,33.03899704439196,45.08229959512976,3.740657771896411,315.8596102673316,38.09561782771564,-98.81649857863816,0.9046849608421326,453580,307.03557272,756369,37.97660956550915,-98.3484820659826,0.2338091433048248,461.8124077256175,140.45303389912252,327.37279172,2015-07-18 17:12:32.724000+00:00,2015-07-18 17:00:00+00:00,62136.0,201507181200.0,201507181230.0,197.7599615,0.236853686,36.65681,36.656806,2.030263927,-5.4656,-5.4655696,-5.502353891,-5.465569597,0.0368,87.7441,87.744096,1.013772992,455.56,455.56,-2.500771168,,28.75,,,0.0,38.14,96.28544442,360.9242917,35.23997,,759.56,1602.183,975.74,975.74,,132.7299,462.3050509,522.3322891,31.77681703,,,-0.214010058,28.75,53.11112,28.957,28.95704,38.14,,35.23997,26.97717,22.46558,,4.0122,8.485,28.95704,759.559668,,,,,,,,,,,,US-KLS,-97.5684,38.7745,373.0,KS,CST,GRA,Cfa,12.0,812.0,2015-07-18 12:00:00,12:00:00,199,0.1360299874966691,0.1803552955726329,1.0165765249479712,0.0,1163.3501527620235,0.8387328593058592,102.45865050045045,6.158466763273742,2.348839223512605,81.23766797402304,881.3775367581944,0.1,0.0758138082795638,0.8794721471470145,1.1370456736395516,-0.1255693458313869,-0.0700801824453331,0.8144406551274485,0.7144406551274485,0.6844287295014944,2015-07-18 12:00:00-05:00,US-KLS,0.8794723407502429,1163.350408856939,96.87667614406092,381.0000000000068,0.999396020725138,0.9991846279789364,2.441702902695663,0.1289446527232485,-0.2310136111946604,2.2106892915010024,0.0644526457611507,0.2826735318424673,2.722322609249788,482.2120993952046,180.91004155459493,415.5359574222102,20.20716896625,21.21225597918,11.358967057549968,89.61830626945,197.4291041831757,-192.80579575461715,75.89929806731999,39.81066096202999,30
2,2,2,-97.57051458464184,38.77577923901914,2015-08-03 06:00:00,188.82550468444825,241.131753578186,2015-08-03,US-KLS,2,74.01305641156868,58.68112020833333,79.95844323590855,63.39490958333334,4.906317625,168.19925,US-KLS,22,2,2,LC08_029033_20150803,-97.56849337525256,38.77447668185717,2015-08-03 17:12:35.860999936,0.0324025,0.0446949999999999,0.076815,0.084625,0.2712675,0.24935,0.1452899999999999,309.98190596,21824.0,0.1448274425,0.5244350470998967,0.3231781646413469,0.3271015343632523,309.98190596,0.5340653304949955,0.95534065330495,0.9717624155906336,-97.56840039945467,38.77453442121475,-0.5244350433349609,0.5244350433349609,1,1,-0.558639115726875,-309.98190596,309.98190596,313.229447823667,-313.229447823667,313.229447823667,0.7364864268044793,2.327726798132829,33.670340924439245,500.13436300516247,858.2493429871965,0.7364864268044793,4.617211243714875,2.327726798132829,352.65341368335777,570.7210652283729,103.17591423020174,0.0188604267104091,0.265553031427079,143.13903093170077,17.882589871774012,2.269480647547504,27.514896149266576,0.0188604267104091,0.265553031427079,0.3545899909516703,0.1765363961458206,-53.02691650390625,0.4853205683138917,4.48383897992745,324.4061200664704,0.693849822576257,2,-97.56849337525256,38.77447668185717,179.98388675044563,31.481462231541872,50.41412825331351,1.6289162660261756,291.2535996309485,39.57133216546855,-98.17000065033491,0.8602024912834167,308408,300.37385174,482044,38.34820204267559,-99.72704494934804,0.2551291584968567,422.86846290147287,124.43747275839762,321.07338086,2015-08-03 17:12:35.860999936+00:00,2015-08-03 17:00:00+00:00,62904.0,201508031200.0,201508031230.0,7.886156683,0.226359768,33.42258,33.422584,0.74279506,-4.7332,-4.7331502,-4.504460745,-4.733150186,-0.228689441,110.00728,110.007278,-0.175002983,138.49,138.49,3.258228789,,24.188,,,0.0,45.243,96.61583708,334.7229455,26.92344,,664.07,1341.665,885.03,885.03,,121.1982,443.3183326,500.8599628,38.05389909,,,-0.306304291,24.188,36.69656,28.08,28.08044,45.243,,26.92344,24.0310875,19.228585,,1.7192,1.7455,28.08044,664.07348,,,,,,,,,,,,US-KLS,-97.5684,38.7745,373.0,KS,CST,GRA,Cfa,12.0,812.0,2015-08-03 12:00:00,12:00:00,215,0.1369424765262194,0.1489967568987955,1.0149273806407348,0.0,1146.7564128264244,0.7717680843995943,102.45865050045045,5.150612111581676,2.330291437642898,79.99276956127969,868.8057993209004,0.1,0.07600860550012,0.8641171029394743,1.1572505585160755,-0.1255733781338524,-0.0700850134164029,0.813280427972409,0.713280427972409,0.6832867089804269,2015-08-03 12:00:00-05:00,US-KLS,0.864117307664033,1146.756684513213,96.87667614406097,380.99999999999807,0.9878494637789534,0.9835967761015872,2.3790671787605087,0.1264035458079805,-0.2184266077931597,2.160640570967349,0.0644526457611507,0.261910599173006,1.2110101776964597,442.65921859815455,138.38218378974557,380.83245264638487,26.232218791865,23.8112601063174,13.85464128688217,84.0880166750043,162.56537545224836,-173.16801783682573,77.293988251126,45.037271116928366,30
3,3,3,-97.57051458464184,38.77577923901914,2015-08-12 06:00:00,152.9416565322876,186.5828740501404,2015-08-12,US-KLS,3,89.79255146305563,70.944139375,109.9338945453841,86.85760020833334,0.9719895833333332,204.04824725,US-KLS,20,0,0,LC08_028033_20150812,-97.56849337525256,38.77447668185717,2015-08-12 17:06:28.938999808,0.04816,0.055475,0.0859725,0.0898499999999999,0.28752,0.3017924999999999,0.18786,309.81442298,21824.0,0.1623843225,0.5238095238095238,0.3503402023667947,0.3379475021940573,309.81442298,0.5674090449758238,0.9556740904497582,0.97187244984842,-97.56840039945467,38.77453442121475,-0.523809552192688,0.523809552192688,1,1,-0.5396293098254985,-309.81442298,309.81442298,312.9843145725312,-312.9843145725312,312.9843145725312,0.7482682187882395,1.7040598151511606,25.21171111795104,499.22853199984286,858.3476948531808,0.7482682187882395,3.5955546625207524,1.7040598151511606,350.45541800183105,554.6581167972571,102.35549578477544,0.0200458117430859,0.2992858868515919,261.81917911622435,15.216969765564183,3.5110083396974545,24.413660659722943,0.0200458117430859,0.2992858868515919,0.4079441669093216,0.2760261595249176,-82.88084411621094,0.2848999994623877,2.6900234005854724,190.4834418962573,0.4211415831945859,0,-97.56849337525256,38.77447668185717,177.94323109945967,27.143920007003963,47.39351713697734,1.8237626549633688,306.2175972389938,39.87350925769048,-97.7464660025489,0.9097884893417358,432818,300.2644751,682966,38.13482817967554,-97.05591880628934,0.2677610516548157,500.7923749838248,121.86324524031768,318.68076686,2015-08-12 17:06:28.938999808+00:00,2015-08-12 17:00:00+00:00,63336.0,201508121200.0,201508121230.0,201.4377204,0.207016364,29.82759,29.827592,1.623903457,1.5953,1.5952508,1.581254795,1.595250804,0.014,268.06165,268.06165,0.302777771,211.34,211.34,0.996186572,,21.996,,,0.0,37.934,97.54596139,331.8512491,24.80898,,706.51,1438.474,942.74,942.74,,124.6768,420.3911614,477.7768419,26.17718912,,,-0.97129478,21.996,45.37886,26.02,26.02013,37.934,,24.80898,31.5973575,25.998455,,2.7517,3.162,26.02013,706.50912,,,,,,,,,,,,US-KLS,-97.5684,38.7745,373.0,KS,CST,GRA,Cfa,12.0,812.0,2015-08-12 12:00:00,12:00:00,224,0.1322494006831151,0.1262381510504719,1.01349414693358,0.0,1134.461874206133,0.8310019238502,102.45865050045045,4.2012851468881,1.5937155076205318,38.53327938923693,859.4912195656088,0.1,0.0526000258829258,0.8524401178358133,1.1731029301375606,-0.1250888205357765,-0.0695044806418965,0.8133248087732066,0.7133248087732066,0.7227878182854861,2015-08-12 12:00:00-05:00,US-KLS,0.8524403305062858,1134.4621572366211,96.87667614406098,380.99999999999807,0.9986695329906848,0.9982038695374246,2.379339810133017,0.1572445011033519,-0.2603820490398478,2.1189577610931694,0.0644526457611507,0.2107029795575666,1.351276901099611,411.4914333428469,70.79820084932948,376.5787612850575,27.83682590475297,26.63552047964805,17.1869551148155,89.0778428952096,162.2837453704762,-167.18494324668248,93.49966924719163,58.201737501022805,30
4,4,4,-97.57051458464184,38.77577923901914,2015-09-13 06:00:00,183.80958337783807,271.4169564437866,2015-09-13,US-KLS,4,129.54073470238987,97.62762708333334,41.19424168573142,31.0458025,-1.9563525,155.14695833333334,US-KLS,24,0,0,LC08_028033_20150913,-97.56849337525256,38.77447668185717,2015-09-13 17:06:42.877000192,0.04211,0.0495349999999999,0.0776675,0.0775575,0.295275,0.270305,0.1548875,304.67372090000003,21824.0,0.1549081175,0.5839552614109553,0.3918298259853898,0.3741568399435172,304.67372090000003,0.6866777752307812,0.9568667777523078,0.9722660366582616,-97.56840039945467,38.77453442121475,-0.5839552879333496,0.5839552879333496,1,1,-0.5834880712174129,-304.67372090000003,304.67372090000003,307.5934719410614,-307.5934719410614,307.5934719410614,0.7449202129180699,1.3755189699493542,20.75579880945143,467.4923636675345,779.8669912939712,0.7449202129180699,2.7654020725405184,1.3755189699493542,337.5840918655034,514.589902308482,77.6792033714948,0.0245697673952308,0.6244998732902292,275.7224404526001,9.574911806886004,2.2877281544902104,11.700024922892682,0.0245697673952308,0.6244998732902292,0.735330125550805,0.2236844897270202,-66.51615905761719,0.2398160001709409,1.8119420825779609,161.18825848438712,0.3689272404556846,0,-97.56849337525256,38.77447668185717,137.54588260169317,22.73906474782965,49.74028853192017,3.721422275281697,245.9677717852828,39.09624726891743,-97.1650692188918,0.8948758244514465,446547,297.36599414,743801,39.00576513737297,-97.8187468812839,0.2713741064071655,432.5448878599024,93.22665945055306,311.16112286,2015-09-13 17:06:42.877000192+00:00,2015-09-13 17:00:00+00:00,64872.0,201509131200.0,201509131230.0,195.1864301,0.339132287,27.60556,27.605561,4.132225673,-5.5077,-5.5077458,-5.505094303,-5.50774582,-0.00265,181.55283,181.552835,1.325111602,260.08,260.08,1.489480328,,12.014,,,0.0,37.625,96.49558185,350.4474578,21.34622,,629.97,988.2098,864.2,864.2,,131.1252,407.3670354,463.9142633,23.43548319,,,-0.150875668,12.014,32.25001,22.43,22.4299,37.625,,21.34622,33.1803225,24.91627,,3.5109,8.2411,22.4299,629.96785,,,,,,,,,,,,US-KLS,-97.5684,38.7745,373.0,KS,CST,GRA,Cfa,12.0,812.0,2015-09-13 12:00:00,12:00:00,256,0.1517301550566998,0.0252584562539939,1.0060905668003723,0.0,1074.177235428554,0.8045227281838817,102.45865050045045,3.693981227647752,1.3898604369024667,29.808885143233823,813.81840935882,0.1,0.0462107575382788,0.7953926689487776,1.2572406548851394,-0.1249565626810423,-0.0693460267869493,0.8088504743049948,0.7088504743049948,0.7274000249813155,2015-09-13 12:00:00-05:00,US-KLS,0.7953929154909988,1074.1775683836488,96.87667614406097,380.99999999999807,0.9582813344175908,0.9436798014637476,2.161791299866888,0.1758044707947036,-0.259418176700654,1.9023731231662344,0.0644526457611507,0.1675919087422623,2.72465511345764,344.36107308981923,86.03744427781668,358.4462534089952,23.629732108701752,23.663246218000754,15.09201276478147,89.96253293874751,177.91582233320796,-177.77348175857338,82.35483012787452,47.19015094589876,30
5,5,5,-97.57051458464184,38.77577923901914,2015-11-07 06:00:00,38.02585676670074,52.813703289031984,2015-11-07,US-KLS,5,73.89820768368419,55.97210304444444,58.20831147673473,44.08823583333333,-12.0085388125,86.67050645833332,US-KLS,30,0,0,LC08_029033_20151107,-97.56849337525256,38.77447668185717,2015-11-07 17:13:05.384999936,0.039635,0.0477199999999999,0.0731299999999999,0.0879524999999999,0.2322449999999999,0.2757775,0.1744125,290.25993056,21824.0,0.1392995299999999,0.4506359356334762,0.2572865997175584,0.2638861371803742,290.25993056,0.3575999370661003,0.953575999370661,0.971180079792318,-97.56840039945467,38.77453442121475,-0.4506359398365021,0.4506359398365021,1,1,-0.5210478919361442,-290.25993056,290.25993056,292.9442395582677,-292.9442395582677,292.9442395582677,0.7227049103010492,0.7267066050535665,11.956128860133417,383.7838707656173,544.7341486634275,0.7227049103010492,1.3401066989560872,0.7267066050535665,303.9844424757092,374.9413355409522,34.40382218814234,0.0132208531870027,0.1217230461996164,88.13879146091226,26.512948985523472,1.915538302421595,60.02695717831968,0.0132208531870027,0.1217230461996164,0.187593166173924,0.4901632070541382,-141.67495727539062,0.3702269732404925,1.3959515980514603,252.3987218918976,0.7411774385936826,0,-97.56849337525256,38.77447668185717,53.50027599291678,11.311083703708947,54.22751827295949,0.7752740319287579,153.0494762241462,39.23240036527355,-99.22060574619174,0.7333067655563354,520403,289.0362794,782106,38.25629920049272,-97.7342923963732,0.219496801495552,319.8030613894027,45.03534890993892,296.59693964,2015-11-07 17:13:05.384999936+00:00,2015-11-07 17:00:00+00:00,67510.0,201511071100.0,201511071130.0,286.5910122,0.277947651,12.24982,12.249819,0.630893617,-5.6681,-5.6680796,-5.548688086,-5.668079633,-0.119391547,165.42523,165.425233,0.862355855,88.994,88.994,-0.679394784,,-10.927,,,0.0,52.24,98.49103929,357.3308602,6.62025,,391.0,667.2499,598.24,598.24,,101.6665,327.4965424,376.181846,13.5512111,,,-0.246592645,-10.927,-4.821868,10.774,10.77352,52.24,,6.62025,28.619775,23.0345,,1.07,6.9111,10.77352,390.995986,,,,,,,,,,,,US-KLS,-97.5684,38.7745,373.0,KS,CST,GRA,Cfa,12.0,812.0,2015-11-07 11:00:00,11:00:00,311,0.1699426651511099,-0.1476024384712277,0.9906851771583012,-0.2616666666666666,909.5619746699896,0.6577231861710747,102.45865050045045,1.42583614455144,0.7448568019136723,10.058335488572803,689.1026492085181,0.1,0.026097798664169,0.6530329746455628,1.531316241025586,-0.1245402244323483,-0.0688472254068713,0.7945597440046446,0.6945597440046446,0.7485986601807363,2015-11-07 11:00:00-06:00,US-KLS,0.6530332645899293,909.5623785123388,96.87667614406098,380.99999999999807,0.790497829734209,0.7171720701411822,1.510003060095021,0.2206540764875066,-0.2113766114256063,1.2986264486694146,0.0644526457611507,0.0888526446523536,0.5870343173114906,185.921018224862,51.62233801426222,305.25599874311564,25.529086542578373,21.22670872185277,13.851203886323171,67.41141757290717,130.80155538481344,-151.2393249318196,80.0471580000104,50.624960138796,30
6,6,6,-97.57051458464184,38.77577923901914,2016-02-20 06:00:00,85.08,130.45599729537963,2016-02-20,US-KLS,6,22.68348454915232,15.843219375,56.69834000515707,39.600804583333336,5.034831666666666,89.6718125,US-KLS,39,1,1,LC08_028033_20160220,-97.56849337525256,38.77447668185717,2016-02-20 17:06:41.192000000,0.0577024999999999,0.07577,0.1056075,0.1393225,0.24572,0.3410625,0.235765,295.57153364,21824.0,0.1721789975,0.2763266392670938,0.1757613751998836,0.1803260860354163,295.57153364,0.1608257143493724,0.9516082571434936,0.9705307248573528,-97.56840039945467,38.77453442121475,-0.2763266265392303,0.2763266265392303,1,1,-0.3988088037514853,-295.57153364,295.57153364,298.69556150054694,-298.69556150054694,298.69556150054694,0.7336787526429402,0.6915315377567118,11.479058755732602,411.80506203463614,594.6847549029169,0.7336787526429402,1.7215747365658405,0.6915315377567118,314.4523547971594,379.7229252437557,48.93897333216802,0.0082663072232677,0.2741612677130463,191.54541464361645,17.0293324573326,2.724818200394907,26.650971316220343,0.0082663072232677,0.2741612677130463,0.3631582934303308,0.3954349756240845,-115.38985443115234,0.2053760882429246,1.1153278410679248,139.23853726797117,0.420934983282342,1,-97.56849337525256,38.77447668185717,74.84897465056957,15.147199177613262,40.16854587075109,1.8313811525652264,181.8759189093101,38.59907824463019,-97.68282059105644,0.8585675954818726,426309,291.8048756,626631,39.63422124505046,-96.69931049203448,0.2075471729040146,353.82800572301693,53.77630011025137,301.77182192,2016-02-20 17:06:41.192000+00:00,2016-02-20 17:00:00+00:00,72550.0,201602201100.0,201602201130.0,12.67365005,0.41842,16.84739,16.8473925,2.624462095,0.30178,0.30178,0.38178,0.38178,-0.08,164.89217,164.89,3.061315258,44.34,44.34,0.802721578,-0.90835,18.374,6.67305,6.67305,0.0,51.7902,,408.5741995,9.2235,47.68276,414.61,965.19,652.66,652.66,,,,,10.24382014,2.07476,1.8854,-0.0748,18.374,,,,51.7902,,9.2235236,56.52101,,,,,,414.61,-0.90835,965.19,118.62,,,,,,,,,US-KLS,-97.5684,38.7745,373.0,KS,CST,GRA,Cfa,12.0,812.0,2016-02-20 11:00:00,11:00:00,51,,-0.0986698165477956,0.9883879895963636,-0.2616666666666666,962.6632763409744,0.6779733018181826,102.45865050045045,1.9190683682814524,0.9938893460697008,16.26944166471164,729.3332440419636,0.1,0.034271173092165,0.687956231695663,1.4535808441406466,-0.1247094132830078,-0.0690499250926856,0.7984530892155564,0.6984530892155564,0.7367145921192326,2016-02-20 11:00:00-06:00,US-KLS,0.6879565077151492,962.6636625774976,96.87667614406097,380.99999999999807,0.8153813908264692,0.7507648776157335,1.6484661405908856,0.2235782746218234,-0.2365513374210403,1.4119148031698452,0.0644526457611507,0.1107023197638865,1.416133063231246,229.31319870867875,51.66041386832148,315.77595889782293,41.17976499555889,31.2145707388863,22.3954551039028,72.62783724602079,81.67428855376195,-117.8765297539603,100.80836619209248,69.6854226286346,30
7,7,7,-97.57051458464184,38.77577923901914,2016-02-27 06:00:00,87.91599729537964,133.2919945907593,2016-02-27,US-KLS,7,42.258334185327456,31.065515416666667,35.12021704513688,25.818046666666664,5.777754166666667,96.985,US-KLS,40,2,2,LC08_029033_20160227,-97.56849337525256,38.77447668185717,2016-02-27 17:12:52.324000000,0.0574549999999999,0.0720299999999999,0.1034074999999999,0.1377824999999999,0.24484,0.33779,0.234885,297.09597056,21824.0,0.1704872525,0.2797992799691603,0.1747809065440701,0.1819421666680829,297.09597056,0.1643156600654731,0.9516431566006548,0.970542241678216,-97.56840039945467,38.77453442121475,-0.2797992825508117,0.2797992825508117,1,1,-0.406126389995621,-297.09597056,297.09597056,300.28115671971096,-300.28115671971096,300.28115671971096,0.7451903141790168,0.6045891636595908,10.29988240512824,420.3821182636034,637.8983516498475,0.7451903141790168,1.8021283504860093,0.6045891636595908,321.6785547477507,414.88589129006886,56.63291070981268,0.0083417268864066,0.4962091300678892,291.9340621674322,11.377793107005788,2.79102784060035,14.724969048512545,0.0083417268864066,0.4962091300678892,0.6001922885341131,0.4311585426330566,-126.6777572631836,0.0979703148886627,0.597882086483113,66.31891841282396,0.1851175621914111,2,-97.56849337525256,38.77447668185717,91.09606302749933,15.86032722690604,33.548618415361005,3.3116653348287777,210.80387657662493,38.48426939011808,-98.2851193056814,0.8653320670127869,486146,293.80783532,758673,38.732343404768166,-99.58941031126596,0.1690403074026107,409.29947142656886,66.2611773765166,299.47149446000003,2016-02-27 17:12:52.324000+00:00,2016-02-27 17:00:00+00:00,72886.0,201602271100.0,201602271130.0,194.6842432,0.41589,19.72757,19.7275733,4.925284098,-1.4853,-1.4853,-1.40573,-1.4057,-0.0796,197.54203,197.54,3.815995493,81.42,81.42,-0.615552187,-0.76324,22.818,4.20858,4.20858,0.0,41.3592,,400.8193555,13.442,44.93648,454.59,1041.2,721.53,721.53,,,,,9.801081212,2.38593,4.2,-0.0913,22.818,,,,41.3592,,13.4415319,54.60379,,,,,,454.59,-0.76324,1041.2,136.46,,,,,,,,,US-KLS,-97.5684,38.7745,373.0,KS,CST,GRA,Cfa,12.0,812.0,2016-02-27 11:00:00,11:00:00,58,,-0.0768142459478439,0.989963876490664,-0.2616666666666666,980.6229138494624,0.7357874161512441,102.45865050045045,2.299137602438368,0.9509049192676896,15.070324907559929,742.9398168799195,0.1,0.0324665508771058,0.703027344939527,1.422419778118329,-0.124672057603156,-0.0690051704617522,0.8002537798071728,0.7002537798071728,0.7425211793946902,2016-02-27 11:00:00-06:00,US-KLS,0.7030276145239984,980.6232898813648,96.87667614406098,380.99999999999807,0.8586137627254811,0.8091285796793996,1.7682542307733773,0.2311425353605551,-0.2661834369346466,1.5020707938387303,0.0644526457611507,0.11523021607234,2.5598149996349644,256.53108090031145,22.72821613409128,320.7791153341809,40.93462556368317,30.72195157568317,21.39982275943677,72.74097743191041,83.12723864442685,-120.6585140057781,100.3560478954624,69.7833870449856,30
8,8,8,-97.57051458464184,38.77577923901914,2016-03-23 06:00:00,170.16,258.0760108184815,2016-03-23,US-KLS,8,106.55961086296136,94.32737708333332,-1.6769823313869234,-1.4844775000000003,13.867818958333332,115.08923541666668,US-KLS,42,1,1,LC08_028033_20160323,-97.56849337525256,38.77447668185717,2016-03-23 17:06:32.764000000,0.0474725,0.0678774999999999,0.1057175,0.1240324999999999,0.2745125,0.2976675,0.2026275,297.04470026,21824.0,0.1692172475,0.3775734233273533,0.249200754160177,0.2512061165550974,297.04470026,0.3253766460149888,0.9532537664601498,0.9710737429318494,-97.56840039945467,38.77453442121475,-0.3775734305381775,0.3775734305381775,1,1,-0.4439286747494936,-297.04470026,297.04470026,300.0639138009656,-300.0639138009656,300.0639138009656,0.7559466353694095,0.8699867130131789,13.89939894646994,420.8029948039497,765.6075962036651,0.7559466353694095,2.874692186903065,0.8699867130131789,298.8146455692889,500.0967776674193,66.64610931504379,0.0123114983883763,0.8955916765270122,237.62606516123984,7.340604539788636,1.4720012311586783,8.158476986044906,0.0123114983883763,0.8955916765270122,0.9815090982616196,0.1302925944328308,-37.62410736083984,0.2892230667229803,2.065113995385178,195.8246031911356,0.4517806003979655,1,-97.56849337525256,38.77447668185717,128.95540163078036,23.38017896746095,30.26364759944696,5.746405967389743,247.87735521882607,38.868185995128655,-97.22281496149492,0.7723278403282166,283679,288.76625582,475390,39.71457013952621,-96.55771369430792,0.1829491406679153,421.1888174439794,79.87844129024224,305.38808708,2016-03-23 17:06:32.764000+00:00,2016-03-23 17:00:00+00:00,74088.0,201603231200.0,201603231230.0,179.4424204,0.67764,24.16289,24.1628874,8.227591844,-10.175,-10.175,-10.17154,-10.172,-0.00328,146.96289,146.96,1.209693007,313.11,313.11,-2.077133137,15.122,40.873,12.21085,12.21085,0.0,43.9304,,389.2524703,16.845,51.8849,582.77,1264.7,850.52,850.52,,,,,13.64480262,5.03847,16.544,-0.0157,40.873,,,,43.9304,,16.8451991,65.0943,,,,,,582.77,15.122,1264.7,152.38,,,,,,,,,US-KLS,-97.5684,38.7745,373.0,KS,CST,GRA,Cfa,12.0,812.0,2016-03-23 12:00:00,12:00:00,83,,0.0079681755196067,0.9965998311699767,0.0,1080.1473125407304,0.7874111152481607,102.45865050045045,3.0132159709511326,1.3237178289027165,27.234341049182216,818.3414698024679,0.1,0.0445212216557802,0.784794757743879,1.2742185012483915,-0.1249215892882746,-0.0693041262970633,0.8079701297877484,0.7079701297877484,0.7301052107684827,2016-03-23 12:00:00-05:00,US-KLS,0.7847950098431288,1080.147659515942,96.87667614406098,380.99999999999807,0.935560061973235,0.9130060836638676,2.1222642566765595,0.2094176904207223,-0.3015732409067378,1.8206910157698213,0.0644526457611507,0.1733593546921315,4.365995455043147,380.2859201838584,87.62226711652522,308.7039878163271,36.843196784998426,31.402823099736555,20.16265164189812,81.54248328012325,112.15618435841576,-131.86666012778235,88.42055331464354,60.18942500193315,30
9,9,9,-97.57051458464184,38.77577923901914,2016-06-27 06:00:00,198.52,246.73199459075929,2016-06-27,US-KLS,9,170.10241738824712,149.98194791666666,61.92950410966953,54.60420729166666,11.998549335416667,244.0304708333333,US-KLS,50,1,1,LC08_028033_20160627,-97.56849337525256,38.77447668185717,2016-06-27 17:06:36.617000192,0.034245,0.0435949999999999,0.0748625,0.06994,0.2842475,0.2474525,0.1383599999999999,311.76953042,21824.0,0.14516935,0.6050679371801658,0.3891052526462951,0.3763356991292895,311.76953042,0.6942848663733487,0.9569428486637336,0.972291140059032,-97.56840039945467,38.77453442121475,-0.6050679087638855,0.6050679087638855,1,1,-0.5830664698838796,-311.76953042,311.76953042,314.8339438389514,-314.8339438389514,314.8339438389514,0.7351657599121937,2.642459056476132,37.93897103334509,512.6296662842774,889.4943026808897,0.7351657599121937,4.107064992408973,2.642459056476132,375.8832128529058,607.4360791200603,107.20632164207214,0.024872478425786,0.2598481246112055,165.4377296795161,17.545327991659867,2.587190665612141,28.118979472226343,0.024872478425786,0.2598481246112055,0.355673345903099,0.2675081491470337,-81.63345336914062,0.5016478905347901,4.89962015501789,334.7920277984721,0.6692765130295234,1,-97.56849337525256,38.77447668185717,203.5737157579128,29.433238548571712,64.33935331824915,1.5463407157551274,314.25159652240217,39.21098084314048,-96.22854196812465,0.8529081344604492,406384,305.16249776,711873,39.750896205193,-97.34460245497544,0.2284547388553619,456.4064601837048,134.24304694525918,321.88686962,2016-06-27 17:06:36.617000192+00:00,2016-06-27 17:00:00+00:00,78696.0,201606271200.0,201606271230.0,173.2277959,0.20763,32.66436,32.66436,0.265598894,-3.4186,-3.4186,-3.35412,-3.3541,-0.0645,229.19948,229.2,1.093771092,391.82,391.82,-1.042603973,25.68,52.341,26.73615,26.73615,0.0,63.2791,,392.4188294,18.076,33.15718,785.95,1547.2,987.81,987.81,,,,,32.20336041,4.62291,10.336,-0.84719684,52.341,,,,63.2791,,18.0759411,37.36376,,,,,,785.95,25.68,1547.2,112.42,,,,,,,,,US-KLS,-97.5684,38.7745,373.0,KS,CST,GRA,Cfa,12.0,812.0,2016-06-27 12:00:00,12:00:00,179,,0.200272896580822,1.0168768530860348,0.0,1174.963927712943,0.8407151715055319,102.45865050045045,4.936217592945361,3.123594066857488,142.0541708236246,890.1763576472952,0.1,0.102136862703072,0.8887768673863903,1.1251417950837104,-0.1261142330579535,-0.0707329941950361,0.8140781736886974,0.7140781736886974,0.6494004748661725,2016-06-27 12:00:00-05:00,US-KLS,0.8887770538262721,1174.9641741866571,96.87667614406098,380.99999999999807,0.9992337979316728,0.9989656272077582,2.4656782070314263,0.1124210082038937,-0.1920470567065778,2.2736311503248485,0.0644526457611507,0.2365643260295952,1.1313141487778993,439.8922178951205,151.0890864961808,406.64336832113736,21.8051609575748,23.33984647106725,13.59159267865987,88.61970959805895,188.6417466468584,-181.78235951934423,77.14814972625506,43.136432228911175,30
10,10,10,-97.57051458464184,38.77577923901914,2016-07-04 06:00:00,175.83199459075928,204.1919945907593,2016-07-04,US-KLS,10,140.59512204428378,116.99260833333334,68.75579880102431,57.21336645833333,13.510998541666666,219.65150208333333,US-KLS,55,2,2,LC08_029033_20160704,-97.56849337525256,38.77447668185717,2016-07-04 17:12:51.200999936,0.0287999999999999,0.0350975,0.0628174999999999,0.0548425,0.2673075,0.2184125,0.1175149999999999,306.56730398,21824.0,0.1302723525,0.6595219618190283,0.3984322623897685,0.3876391169494618,306.56730398,0.7346167647835959,0.957346167647836,0.972424235323786,-97.56840039945467,38.77453442121475,-0.6595219373703003,0.6595219373703003,1,1,-0.6194320333207121,-306.56730398,306.56730398,309.726548727797,-309.726548727797,309.726548727797,0.7414777980752978,2.289368065967526,33.150091618180774,479.4633333929701,893.1536948268985,0.7414777980752978,3.656499718338096,2.289368065967526,359.502588135632,641.5055534758869,91.05695163483236,0.0265037734246471,0.2901686005127118,230.4008835487969,15.710279413474304,3.152647108000224,25.18075377187101,0.0265037734246471,0.2901686005127118,0.3977489834607495,0.4066324234008789,-122.7922134399414,0.4771603488949939,4.029403066742983,320.0477182922577,0.5814307043778693,2,-97.56849337525256,38.77447668185717,193.6787156105839,27.43104171321901,62.61091870145309,1.7145774392560225,273.6515429880416,38.29655858627593,-98.85201722681036,0.8996298909187317,243651,301.9734851,383021,38.3481592704658,-99.73391090278378,0.2578936219215393,617.3122488825912,129.9994547782737,313.66653152000004,2016-07-04 17:12:51.200999936+00:00,2016-07-04 17:00:00+00:00,79032.0,201607041200.0,201607041230.0,197.9158278,0.38265,28.00011,28.0001055,2.36403994,-9.4379,-9.4379,-9.56178,-9.5618,0.123829102,240.9621,240.96,1.580359618,348.79,348.79,1.71534506,19.406,49.457,25.25774,25.25774,0.0,83.8243,,378.9762394,6.0968,47.45269,819.32,1557.8,1027.6,1027.6,,,,,32.66359878,5.30104,16.704,-0.142307221,49.457,,,,83.8243,,6.0968113,38.23467,,,,,,819.32,19.406,1557.8,124.66,,,,,,,,,US-KLS,-97.5684,38.7745,373.0,KS,CST,GRA,Cfa,12.0,812.0,2016-07-04 12:00:00,12:00:00,186,,0.1959100184492664,1.017,0.0,1172.0252827963925,0.8767728948203223,102.45865050045045,3.779954573910605,3.168520461898547,146.10902142671077,887.9499830180273,0.1,0.1052104962339981,0.8867687327858067,1.1276897380656108,-0.1261778572720437,-0.0708092203066031,0.8138097290715959,0.7138097290715959,0.6472030029381668,2016-07-04 12:00:00-05:00,US-KLS,0.8867689208012188,1172.0255312927686,96.87667614406097,380.99999999999807,0.0,-0.35,2.4758220420601624,0.1281707902744205,0.0747022383098956,2.550524280370058,0.0644526457611507,0.2138098757725859,1.2494702144263783,476.1208044478957,118.19401325427172,388.8672983471805,16.812917368523152,19.257791617763623,10.759745951438047,81.94773960863385,202.18786975046004,-189.89760845398024,66.95813128053176,36.02625672720967,30
11,11,11,-97.57051458464184,38.77577923901914,2017-08-01 06:00:00,144.63599729537964,161.65199459075927,2017-08-01,US-KLS,11,114.5959601227455,37.32912634146342,116.25085187970213,37.8682,-2.4045604166666665,243.4636476416591,US-KLS,90,0,0,LC08_028033_20170801,-97.56849337525256,38.77447668185717,2017-08-01 17:06:45.793999872,0.04838,0.05762,0.08556,0.096395,0.289995,0.3057525,0.1879425,309.60250574,21824.0,0.16490533,0.5010481637723543,0.3369968980967334,0.327621024605422,309.60250574,0.5356395377247195,0.9553563953772471,0.9717676104744916,-97.56840039945467,38.77453442121475,-0.5010481476783752,0.5010481476783752,1,1,-0.5443543555537803,-309.60250574,309.60250574,312.80157979035124,-312.80157979035124,312.80157979035124,0.7504136112930848,1.7158074425756191,25.37104107159549,497.6985115375637,876.7267368708538,0.7504136112930848,3.328236122723364,1.7158074425756191,347.75725107760445,566.683427325579,105.8381300398028,0.0189155708477962,0.1803450979114188,190.7945389382307,19.69374650139244,3.311510531742627,40.51490263088747,0.0189155708477962,0.1803450979114188,0.2718770553602234,0.2537593245506286,-76.06481170654297,0.4038339073847475,3.747689290358369,270.0507583475455,0.585990049020905,0,-97.56849337525256,38.77447668185717,178.19877528515343,25.832177656058366,51.553056312953,1.105897875402542,281.24743646184623,39.42628122452604,-95.697339193926,0.8852441310882568,273370,299.7517721,435902,38.36838265474801,-97.12110695215972,0.2561099231243133,478.3475922495285,124.73162612207526,321.09047096,2017-08-01 17:06:45.793999872+00:00,2017-08-01 17:00:00+00:00,97896.0,201708011200.0,201708011230.0,22.957,0.12097,27.385,27.3847978,1.4447,-14.879,-14.8788252,-14.28860196,,-0.59022,,26.425,1.196114262,90.638,90.638,-0.713042549,,9.6938,,,,48.66324002,97.417,299.44,18.667,,772.6522953,,1015.0,1015.0,,177.8177047,440.3306466,504.8606466,18.1589,,,,9.6938,,24.761,24.761,,299.44,18.667,28.3633,,18.1589,3.881174,,,,,,,22.957,1.444654,-0.590223243,1.1961,97.417,,7.7877649,0.0,US-KLS,-97.5684,38.7745,373.0,KS,CST,GRA,Cfa,12.0,812.0,2017-08-01 12:00:00,12:00:00,213,0.1751898568472906,0.1535876029847311,1.0151984111611396,0.0,1149.1967322859005,0.8832256231542133,102.45865050045045,3.646666667384488,1.7745861530786484,47.27215856739356,870.6546324161704,0.1,0.0590456055858074,0.8664185194436423,1.1541766219887994,-0.1252222440356262,-0.069664331018528,0.8141365409809234,0.7141365409809234,0.7139145034897848,2017-08-01 12:00:00-05:00,US-KLS,0.8664187225523728,1149.1970016844466,96.87667614406097,380.99999999999807,0.0,-0.35,2.4302865146060064,0.1566156335057916,0.0893541085550837,2.51964062316109,0.0644526457611507,0.196987271194737,0.8220424977587492,469.66437477036425,83.16377151890259,374.12008941200327,29.844133540807302,26.4895903911144,17.8392963807388,89.78317865207131,155.1257670003468,-168.53347248993327,94.66174013626936,58.18746893503996,30
12,12,12,-97.57051458464184,38.77577923901914,2018-01-24 06:00:00,68.06400270462038,107.76799864768982,2018-01-24,US-KLS,12,30.07720259089701,5.616244130434783,-84.36338493504608,-15.752973170731709,-0.4490147916666667,49.284531772914896,US-KLS,105,1,1,LC08_028033_20180124,-97.56849337525256,38.77447668185717,2018-01-24 17:06:45.503000064,0.04563,0.0597099999999999,0.0849274999999999,0.1164425,0.2140675,0.280425,0.19358,280.4912294,21824.0,0.14447206,0.2953768418504735,0.1666072199590756,0.1763223802241996,280.4912294,0.1522271066987517,0.9515222710669876,0.970502349452106,-97.56840039945467,38.77453442121475,-0.2953768372535705,0.2953768372535705,1,1,-0.4319135771501197,-280.4912294,280.4912294,283.5829569918985,-283.5829569918985,283.5829569918985,0.7202594198698675,0.3907651676276035,7.399844282969466,333.9482411961148,476.9609838151803,0.7202594198698675,0.8279554130495936,0.3907651676276035,260.53058237730784,322.00585817372064,16.23556295025548,0.0080823854331905,0.1509288392968774,307.89537426958174,18.17442468017866,4.390285145082373,48.41131831317389,0.0080823854331905,0.1509288392968774,0.2406851223823375,0.7916320562362671,-220.1030731201172,-0.003089316781383,-0.0100921317726745,-2.125079046116582,-0.0069499198558954,1,-97.56849337525256,38.77447668185717,41.62023420735237,4.254687629371209,47.19640230242653,1.0104431985482147,144.42299799848251,39.426577469081536,-95.70777849553755,0.4043702185153961,437009,278.03709104,682196,38.13516623406846,-97.07644655030208,0.2196210175752639,311.7918695091029,18.45890005673877,282.66509012,2018-01-24 17:06:45.503000064+00:00,2018-01-24 17:00:00+00:00,106342.0,201801241100.0,201801241130.0,184.75,0.20648,7.9539,,2.48782,,,,,-0.36415,,,2.6527,14.487,,-0.15588,,-2.7424,,,,29.09928,97.983,,,,261.7408175,943.1757979,454.05418,,,143.3333625,329.75,379.75,3.1658,,,-0.39942,,,1.223,,,,,,,,,,,,,,,,,,,,,,0.0,US-KLS,-97.5684,38.7745,373.0,KS,CST,GRA,Cfa,12.0,812.0,2018-01-24 11:00:00,11:00:00,24,0.3156745798485987,-0.1670453657977476,0.984055906655885,-0.2616666666666666,901.649945801179,0.5035814421266793,102.45865050045045,1.0694052445268043,0.3111892264395395,3.4890752496066773,683.1083477464151,0.1,0.0110698626585003,0.6387177586999675,1.56563675642177,-0.1242291461570309,-0.0684745325939308,0.7933939540270462,0.6933939540270462,0.7778724999624576,2018-01-24 11:00:00-06:00,US-KLS,0.6387180539863708,901.6503626440896,96.87667614406098,380.99999999999807,0.6982215711295022,0.5925991210248281,1.32213584713568,0.2524843026337502,-0.1807510110313989,1.1413848361042809,0.0644526457611507,0.0581497650314438,0.7820588748205154,133.03169901706002,-1.0872700793204355,247.875630400889,32.6610999794095,23.821418884868475,16.748131307473972,60.0440562495845,82.8506135069287,-121.14797024938882,78.656753004495,54.297492187252,30
13,13,13,-97.57051458464184,38.77577923901914,2018-02-16 06:00:00,56.72,85.08,2018-02-16,US-KLS,13,9.818906140586405,5.572095215,51.37777986407398,29.156188809523808,-0.7992010416666666,60.29332172813043,US-KLS,108,1,1,LC08_029033_20180216,-97.56849337525256,38.77447668185717,2018-02-16 17:12:46.484000000,0.0525599999999999,0.0652099999999999,0.09326,0.124445,0.21404,0.308585,0.22834,280.38185276,21824.0,0.15313093,0.2646941518826535,0.1522031617894382,0.1602801481242955,280.38185276,0.1184332433720565,0.9511843324337204,0.9703908297031276,-97.56840039945467,38.77453442121475,-0.2646941542625427,0.2646941542625427,1,1,-0.3930361210543442,-280.38185276,280.38185276,283.53451612115515,-283.53451612115515,283.53451612115515,0.7571310759403158,0.2204208039406321,5.089508877427825,333.30923892585645,596.866797643485,0.7571310759403158,0.5561952501887966,0.2204208039406321,255.71873494864693,415.3944451012841,21.17769327957753,0.0073855819273787,0.1759781121702807,213.7186432199904,19.57815781960597,3.2952863471330147,41.52030040400079,0.0073855819273787,0.1759781121702807,0.2600674539983628,0.5720374584197998,-158.89707946777344,0.2623855734290541,1.1526575374192751,180.4981086017162,0.4578651408587287,1,-97.56849337525256,38.77447668185717,72.15794813364253,-1.2798683133177389,39.63011260268976,1.188643499756429,180.59221084336704,39.28236639916884,-97.41446955231292,0.3551788926124573,454488,277.7739035,635620,39.64154633248093,-98.08909775564408,0.1876586079597473,385.50621033928303,27.440044892175905,283.95710168,2018-02-16 17:12:46.484000+00:00,2018-02-16 17:00:00+00:00,107446.0,201802161100.0,201802161130.0,305.45,0.35715,-3.0461,,2.80175,-3.878318297,,-3.9006,,0.022248,,,2.0424,,,-0.10718,,4.2556,,,,10.60054,,420.63,5.1592,,296.2847169,1215.844842,456.9505944,,,111.1758775,275.22,323.71,0.51555,,,,,,2.1244,,,,,,,,,,,,,,,,,,,,,,0.0,US-KLS,-97.5684,38.7745,373.0,KS,CST,GRA,Cfa,12.0,812.0,2018-02-16 11:00:00,11:00:00,47,0.2432995576818971,-0.1105363981148766,0.987561648571782,-0.2616666666666666,952.611768030784,0.4796818701333044,102.45865050045045,0.4879440005075864,0.0517246989514069,2.138377140350502,721.7180244577246,0.1,0.0019149217774948,0.6796351932481814,1.4713776007106083,-0.1240396388807941,-0.0682474900600818,0.7989495576509257,0.6989495576509257,0.7968470703276617,2018-02-16 11:00:00-06:00,US-KLS,0.679635472706557,952.612159734068,96.87667614406098,380.99999999999807,0.8270083016035955,0.7664612071648541,1.6545147630677406,0.2742714083732476,-0.2342862888614462,1.4202284742062945,0.0644526457611507,0.0409167502395557,0.9233407476891214,130.377077118104,78.52494430915361,236.9437097956017,34.8921196667182,26.1484115883976,18.28370061847957,60.012931764750405,74.21543671959523,-110.20019582282067,86.52163403394461,64.0223922592184,30
14,14,14,-97.57051458464184,38.77577923901914,2018-03-13 06:00:00,79.40799864768982,116.27599729537964,2018-03-13,US-KLS,14,16.72996351390117,6.929109952380953,101.4877744480479,42.03356136363636,-0.0590414583333333,104.98538671804164,US-KLS,109,0,0,LC08_028033_20180313,-97.56849337525256,38.77447668185717,2018-03-13 17:06:22.620000000,0.058885,0.0739,0.1048925,0.1350325,0.236865,0.3245625,0.2407425,294.15647336,21824.0,0.1671820275,0.2738187269341687,0.1705382801562154,0.1751911778620766,294.15647336,0.1498098069281073,0.951498098069281,0.9704943723628628,-97.56840039945467,38.77453442121475,-0.2738187313079834,0.2738187313079834,1,1,-0.3861583140092024,-294.15647336,294.15647336,297.1870469236813,-297.1870469236813,297.1870469236813,0.7763406772045678,0.2959966990558944,6.114524689580854,403.9286182900902,737.2811961133526,0.7763406772045678,0.9570235228356248,0.2959966990558944,294.2634765509932,490.08355088893154,59.01150453630376,0.0080311658046031,0.2859399543016085,349.4892756654123,14.972768784576122,4.319520723920789,25.55314139181808,0.0080311658046031,0.2859399543016085,0.3919770423227265,0.4864979386329651,-140.26136779785156,0.1201588016125519,0.7929457404489341,81.58277068721549,0.1892555348404074,0,-97.56849337525256,38.77447668185717,118.52951344203176,6.335053070301375,30.928884399713315,1.9155229100917768,246.69447306227573,38.23824630578913,-96.92257638280309,0.5367782115936279,533561,288.30824114,823940,39.0892266562745,-97.7101720940505,0.1959194988012313,461.56414654521546,65.66369290098949,298.03934408,2018-03-13 17:06:22.620000+00:00,2018-03-13 17:00:00+00:00,108648.0,201803131200.0,201803131230.0,300.14,0.40303,7.44,,4.07084,-4.616994223,,,,0.015117,,,1.5851,,,-0.34661,,9.5077,,,,9.19595,99.112,396.25,,,588.3989735,1513.744192,844.6282608,,,201.0092873,322.57,376.98,0.95499,,,-0.1522,,,1.8748,,,,,,,,,,,,,,,,,,,,,,0.0,US-KLS,-97.5684,38.7745,373.0,KS,CST,GRA,Cfa,12.0,812.0,2018-03-13 12:00:00,12:00:00,72,0.2379855098734342,-0.0300972437103791,0.9935269186899032,0.0,1053.3890260346227,0.8018198784351479,102.45865050045045,1.032533530259105,0.0949512671758621,2.2293237225292764,798.0688709633099,0.1,0.0033838655443999,0.7606406863385663,1.3146811864792798,-0.124070046016769,-0.0682839198655011,0.8074762542631222,0.7074762542631222,0.8089659689978197,2018-03-13 12:00:00-05:00,US-KLS,0.7606409504039844,1053.389391731092,96.87667614406098,380.99999999999807,0.9238315425376968,0.8971725824258906,2.0437434756262136,0.2638321898601809,-0.2946241139150355,1.7491193617111782,0.0644526457611507,0.0660716300111061,1.4829551288844145,212.1189450652689,30.540999260635672,280.5078668252481,39.7206839889842,30.8548078819138,21.738163381304,69.6753730624164,80.54555105487991,-113.59096780759047,95.472160384905,70.8159647878698,30
15,15,15,-97.57051458464184,38.77577923901914,2018-08-11 06:00:00,161.65199459075927,198.52,2018-08-11,US-KLS,15,106.46423890668258,86.42727090909091,58.00831221095652,47.09093086956522,0.6922217391304348,170.85315235529166,US-KLS,123,0,0,LC08_029033_20180811,-97.56849337525256,38.77447668185717,2018-08-11 17:12:22.604999936,0.04926,0.0567125,0.0797574999999999,0.0823149999999999,0.26046,0.2799575,0.1888774999999999,313.99124342,21824.0,0.150505285,0.5197140981693532,0.33510940975635,0.3170686126190265,313.99124342,0.5040967936447813,0.9550409679364478,0.9716635194190276,-97.56840039945467,38.77453442121475,-0.5197141170501709,0.5197141170501709,1,1,-0.5311381689654413,-313.99124342,313.99124342,317.2621634198312,-317.2621634198312,317.2621634198312,0.7471578141455771,1.7549667075058608,25.9021477913316,526.3507028456262,857.8366569328864,0.7471578141455771,4.154455812095874,1.7549667075058608,360.0659558019961,546.2547425022295,109.93836466908024,0.0178264067260881,0.1602512724470368,220.540580366972,19.53673928533807,3.858742121288145,45.59504564466944,0.0178264067260881,0.1602512724470368,0.2524869164373565,0.2573399245738983,-77.78547668457031,0.3240889032486087,3.3540112213264823,215.77579746617727,0.4945397615779887,0,-97.56849337525256,38.77447668185717,188.1441085856316,29.632561631286126,42.24299852693585,0.988969438097821,316.0890769115214,39.3227236381398,-97.4006820769226,0.839341402053833,457715,302.26743482,715591,38.80636511264344,-98.3026422061488,0.2822633981704712,451.3048721564178,124.91082821039411,322.04068052,2018-08-11 17:12:22.604999936+00:00,2018-08-11 17:00:00+00:00,115896.0,201808111200.0,201808111230.0,91.521,,37.249,,2.18405,-12.36285329,,-12.452,,0.089,190.39,,0.70665,217.14,,-1.4548,,12.189,,,,32.60558,99.92,436.69,18.249,,711.8945309,1333.944449,974.7838764,,,201.184328,503.34,564.56,20.693,,,-0.0817,,,27.299,,,,,,,,,,,,,,,,,,,,,,0.0,US-KLS,-97.5684,38.7745,373.0,KS,CST,GRA,Cfa,12.0,812.0,2018-08-11 12:00:00,12:00:00,223,0.2063886497004845,0.1289267032653605,1.0136700392127298,0.0,1135.9341393722675,0.8581341493430935,102.45865050045045,6.360418298018131,2.0738512764949406,63.792430957135565,860.606636085956,0.1,0.0668102818054547,0.8538426772565976,1.1711759398265345,-0.1253829728333729,-0.0698568949887752,0.812858942071159,0.7128589420711591,0.6953710040385849,2018-08-11 12:00:00-05:00,US-KLS,0.8538428889940503,1135.934421063272,96.87667614406098,380.99999999999807,0.9967813644039888,0.9956548419453852,2.377923213017961,0.1545347809773626,-0.2638084207933291,2.114114792224632,0.0644526457611507,0.2389367706592203,0.7375048987479497,424.7879963669049,82.1129324348695,387.1922128554788,25.84618920211727,25.043156597070617,17.80722839245675,81.7821592611732,163.18567590709915,-166.77273410128095,87.90420352975465,59.30588107906102,30
16,16,16,-97.57051458464184,38.77577923901914,2019-07-13 06:00:00,175.83199459075928,207.0280054092407,2019-07-13,US-KLS,16,71.52749023961364,47.030954620488885,144.9191757018501,95.28766007642857,4.395789157142858,193.1261511577084,US-KLS,148,1,1,LC08_029033_20190713,-97.56849337525256,38.77447668185717,2019-07-13 17:12:55.069999872,0.021375,0.03034,0.07038,0.054485,0.350495,0.1932225,0.09458,305.7845774,21824.0,0.149468975,0.7309249839498247,0.510413110276545,0.4906351521580587,305.7845774,1.1922922907386235,0.9619229229073862,0.9739345645594374,-97.56840039945467,38.77453442121475,-0.7309249639511108,0.7309249639511108,1,1,-0.6655539055539056,-305.7845774,305.7845774,308.9784517263864,-308.9784517263864,308.9784517263864,0.7402231064484375,2.311390257755769,33.44877276204005,476.8542339431181,885.5796294291597,0.7402231064484375,4.002057879338458,2.311390257755769,282.4077890054548,548.013241846325,69.38356985637644,0.04728177118985,0.3792817585467881,149.60971278850568,14.213908172184794,1.8562629642680333,19.264475333151708,0.04728177118985,0.3792817585467881,0.4801278569055303,0.0750794485211372,-21.3416690826416,0.4901785420590575,5.137413163825582,329.0199592014428,0.6874207314258453,1,-97.56849337525256,38.77447668185717,209.01553944929955,28.984356925320867,57.75504321636254,2.095849124303696,338.8216838007232,39.45899253306044,-97.2350786381072,0.8225075602531433,463768,284.25446942,731646,38.84788477552303,-98.91311047999828,0.2760928571224212,362.3728811586652,109.86837871211893,324.18377906,2019-07-13 17:12:55.069999872+00:00,2019-07-13 17:00:00+00:00,132024.0,201907131200.0,201907131230.0,180.7836777,,,,1.952623589,-15.85841729,,-16.07222549,,0.213808204,,,1.050022859,100.9942952,,-0.568727084,,14.1525,,,,40.66287069,97.14993845,398.3487019,,,711.2243631,,837.2504774,,,191.7879508,517.7228377,502.9955334,18.88592642,,,-0.284840498,,,,,,,,34.95821,,,,,,,,,,,,,,,12.05285,,,US-KLS,-97.5684,38.7745,373.0,KS,CST,GRA,Cfa,12.0,812.0,2019-07-13 12:00:00,12:00:00,194,0.2290687864348299,0.187453959005819,1.0168392145750946,0.0,1167.1866769892908,0.7173235386473503,102.45865050045045,,,,884.2841615944615,0.1,,0.882828571510188,1.1327227417315864,,,,,,2019-07-13 12:00:00-05:00,US-KLS,0.8828287625690504,1167.1869295880012,96.87667614406097,380.99999999999807,0.0,-0.35,2.4548267327776307,0.1271544009099247,0.0756536806203025,2.530480413397933,0.0644526457611507,0.2312938104060687,1.4658522525788151,486.7838709970147,118.8458351507598,305.38520037042656,16.660672699638997,21.521118557412,9.277504078316,107.175965455813,223.5055873281989,-203.51611974672053,59.0844605066715,28.921105330492,30
17,17,17,-97.57051458464184,38.77577923901914,2019-09-24 06:00:00,119.11199459075928,155.98,2019-09-24,US-KLS,17,10.870535907419889,9.725790471717948,51.66384477238185,46.22327118910256,-1.56370645,44.91386621875,US-KLS,154,0,0,LC08_028033_20190924,-97.56849337525256,38.77447668185717,2019-09-24 17:07:07.324999936,0.0307524999999999,0.0416425,0.0853674999999999,0.0674374999999999,0.4395125,0.2800675,0.133245,304.12341968,21824.0,0.1924796075,0.733948121116481,0.6072438400430861,0.5542603902875018,304.12341968,1.6147078251496112,0.966147078251496,0.9753285358229936,-97.56840039945467,38.77453442121475,-0.7339481115341187,0.7339481115341187,1,1,-0.6747161255906112,-304.12341968,304.12341968,306.92315823887594,-306.92315823887594,306.92315823887594,0.7140973165221054,2.4021752584080724,34.68006563701048,468.6253357763917,712.8270997843913,0.7140973165221054,3.7269386614283055,2.4021752584080724,357.1617804927206,452.0678943122808,57.08139484188163,0.0676061308779894,0.6282203978909026,162.6218153328001,9.807090792148584,1.383322959745243,11.630733587080828,0.0676061308779894,0.6282203978909026,0.7279321997948902,0.2215052396059036,-66.60176086425781,0.345486366316626,1.9650556761712297,232.36468413759903,0.5882851298693889,0,-97.56849337525256,38.77447668185717,93.60842887839402,27.75774434922776,64.45438137389326,3.322784140346189,190.588487761186,39.57073442627661,-95.71213663759,0.8652313351631165,110369,300.67805552,165392,38.699633913046576,-97.75583863024424,0.2430020123720169,394.25122490442726,90.6502422133827,314.5176185,2019-09-24 17:07:07.324999936+00:00,2019-09-24 17:00:00+00:00,135528.0,201909241200.0,201909241230.0,195.3023842,0.285241568,,,3.344239838,,,,,-0.191806856,,,,,,0.539304101,,8.634754,,,,52.47297722,96.54985998,425.1278963,18.13260478,,303.0538764,797.2884726,311.0705331,,,82.13536535,509.5900165,484.643857,,,,-0.171970964,,,,,,,,29.88362,,,,,,,,,,,,,,,10.52499,,,US-KLS,-97.5684,38.7745,373.0,KS,CST,GRA,Cfa,12.0,812.0,2019-09-24 12:00:00,12:00:00,267,0.2640409701667111,-0.0128466590532449,1.0029958649126791,0.0,1048.6561817844397,0.2966372949527352,102.45865050045045,,,,794.4831627609086,0.1,,0.7717255729416547,1.2957974117511897,,,,,,2019-09-24 12:00:00-05:00,US-KLS,0.7717258316305889,1048.6565333028543,96.87667614406097,380.99999999999807,0.8972211535701344,0.8612485573196816,1.9759567206023327,0.123014666244932,-0.17719400655551,1.7987627140468228,0.0644526457611507,0.2173918225777002,2.252502320707358,343.7036839747513,80.52698382515558,382.6271016994481,20.509323114669968,25.96225602953237,12.664459504024398,133.66604449210598,223.210812461655,-205.19697542785704,85.17508584122841,40.5229250552616,30
