,Unnamed: 0.4,Unnamed: 0.3,longitude_x,latitude_x,date_x,eto,etr,Date,Stn Name,Unnamed: 0.2,LE_closed,LE_unclosed,H_closed,H_unclosed,G_unclosed,Rn_unclosed,Name_x,Unnamed: 0,Unnamed: 0.1,Unnamed: 0_x,id,longitude_y,latitude_y,date_y,UB,B,GR,R,NIR,SWIR_1,SWIR_2,ST_B10,pixel_qa,ALFA,NDVI_model,EVI,SAVI,T_LST,LAI,e_0,e_NB,longitude.1,latitude.1,NDVI_neg,pos_NDVI,int,sd_ndvi,NDWI,LST_neg,LST_NW,T_LST_DEM,LST_neg_1,LST_NW_1,Tao_sw,EA,W_ATM,Rl_up,Rs_down,Tao_sw_1,ES,EA_1,Rl_down,Rn,Ginst,zom,u_fr,Hinst,rah,dT,rah_first,zom_1,u_fr_1,ufric_star,constant,constant_1,ET_inst,ET_24h,LEinst,EF,id.1,longitude.2,latitude.2,Rn24h_G,AirT_G,Relative humidity,ux_G,SW_Down,cold_pixel_lat,cold_pixel_lon,cold_pixel_ndvi,cold_pixel_sum,cold_pixel_temp,hot_pixel_sum,hot_pixel_lat,hot_pixel_lon,hot_pixel_ndvi,hot_pixel_Rn,hot_pixel_G,hot_pixel_temp,Datetime_Local_x,Datetime_GMT,Unnamed: 0_y,TIMESTAMP_START,TIMESTAMP_END,WD_1_1_1,USTAR_1_1_1,TA_1_1_1,Wind speed_y,NEE_PI_1_1_1,NEE_PI_F_1_1_1,SC_1_1_1,H_1_1_1,SH_1_1_1,LE_1_1_1,SLE_1_1_1,G_inst_af,TS_2_1_1,TS_2_2_1,P_1_1_1,RH_1_1_1,PA_1_1_1,CO2_1_1_1,VPD_PI_1_1_1,SWC_2_1_1,SWC_2_2_1,NETRAD_1_1_1,PPFD_IN_1_1_1,SW_IN_1_1_1,SW_OUT_1_1_1,LW_IN_inst_af,LW_OUT_inst_af,H2O_1_1_1,RECO_PI_F_1_1_1,ZL_1_1_1,Air temp,FC_1_1_1,FC_PI_F_1_1_1,H_inst_af,LE_inst_af,G_2_3_1,SWIN_inst_af,GPP_PI_F_1_1_1,G_2_2_1,SWC_1_1_1,PPFD_OUT_1_1_1,PBLH_3_1_1,GPP_PI_1_1_1,WD_PI_F_1_1_1,WS_PI_F_1_1_1,SC_PI_F_1_1_1,SH_PI_F_1_1_1,SLE_PI_F_1_1_1,PA_PI_F_1_1_1,CO2_PI_F_1_1_1,VPD_PI_F_1_1_1,TS_PI_F_2_1_1,TS_PI_F_2_2_1,RH_PI_F_1_1_1,PPFD_OUT_PI_F_1_1_1,Rn_inst_af,SW_OUT_PI_F_1_1_1,LW_IN_PI_F_1_1_1,LW_OUT_PI_F_1_1_1,H2O_PI_F_1_1_1,PBLH_1_1_1,G_PI_F_2_1_1,RECO_PI_1_1_1,TAU_1_1_1,G_PI_F_2_2_1,LW_IN_PI_F_1_1_2,Name_y,Long,Lat,Elevation,State,Timezone,Veg,Clim,MAT (Â°C),MAP (mm),Datetime,Time,doy,Albedo,dec,dr,tao,Rext,Tao_sw_am,P_calc,es,ea,W_calc,Rso,gamma_dust,W_prata,zenith,Mopt,asa,bsa,Tao_sa,Tao_ding,Tao_sebal_insitu,Datetime_Local_y,Name,cos_zenith,Rext_model,P_model,Elev_SRTM,RS_Rso,f,Rns_model,eps_dash,Rnl_model,Rn_fao_model,psychro,del,WS_2,ETo_model_hourly,ET_ETo_model,LWin_angstrom,R_LST,GR_LST,B_LST,NIR_LST,NDVI_LST,NDWI_LST,SWIR1_LST,SWIR2_LST,Landcover_wc
0,0,0,-95.1899790817251,39.0542569770962,2016-06-04 06:00:00,167.32400270462037,212.7,2016-06-04,US-KFS,0,150.8773112771912,136.694161625,35.56334438582575,32.22022916666666,8.353222478541666,211.383805625,US-KFS,21,0,0,LC08_027033_20160604,-95.1907426497166,39.056098523428645,2016-06-04 17:00:17.452000000,0.0290749999999999,0.0346299999999999,0.0648524999999999,0.0606999999999999,0.239395,0.2176425,0.1194399999999999,306.78605726,21824.0,0.1237539725,0.5954614372115499,0.3324261275272162,0.3350133421656179,306.78605726,0.5582882765887364,0.9555828827658872,0.9718423513127428,-95.19074124099936,39.05604499404296,-0.5954614281654358,0.5954614281654358,1,1,-0.5736858971725324,-306.78605726,306.78605726,309.4272950088648,-309.4272950088648,309.4272950088648,0.7659369742513429,1.2817639165800307,19.578539388501493,479.94767550555247,931.3492150488318,0.7659369742513429,3.4363138985193333,1.2817639165800307,343.92365100087244,664.7909282710123,99.71713608010177,0.0197179672247688,0.5209330221306038,280.59284061719853,10.908356382284396,2.667886864258861,14.026110404663768,0.0197179672247688,0.5209330221306038,0.6327130158092118,0.2666001915931701,-79.82548522949219,0.4240096548006761,3.306060900595454,284.48095157371193,0.5034403568261752,0,-95.1907426497166,39.056098523428645,183.58154792408584,26.37319889126608,37.30054804167709,3.180101762447255,292.230399170053,39.48559122778242,-94.5281619677466,0.9009386301040648,534488,299.42022416,773434,38.95807106424071,-95.26803678410008,0.2460642904043197,568.1928220717496,128.2182938468523,315.80963006,2016-06-04 17:00:17.452000+00:00,2016-06-04 17:00:00+00:00,165240.0,201606041200.0,201606041230.0,321.14673,0.572949357,25.726,4.31523,-14.741,-14.741,0.13057,143.39804,0.15138,363.57,0.58387,11.286,20.746,21.00461,0.0,41.787,97.277,350.42,11.895,48.603,,718.68,,978.86,152.43,365.39,473.14,15.35419,14.7202752,-0.0134,25.726,-14.87130278,,143.39804,363.57,,978.86,29.306,,,66.174,,,321.14673,4.31523,0.13057,0.151381,0.58387,97.277,350.42,11.895,20.74613,21.00461,41.787,66.174,718.68,152.43,365.39,473.14,15.354188,,,,,,,US-KFS,-95.1907,39.0561,310.0,KS,CST,GRA,Cfa,12.0,1014.0,2016-06-04 12:00:00,12:00:00,156,0.1557219622826553,0.1941383553740353,1.014785216760648,0.0,1173.0194243230276,0.8344789350482574,102.43028767630338,3.307376800768653,1.382053543737197,29.49089138977161,887.623810497412,0.1,0.0462401565726463,0.8836595042910197,1.1316576069674291,-0.1249571712410537,-0.0693467558830016,0.8159240902052249,0.715924090205225,0.7401858036139122,2016-06-04 12:00:00-05:00,US-KFS,0.8836595163491014,1173.0194403296048,97.40226597342556,335.0000000000014,0.0,-0.35,2.581700024115362,0.1814989818172495,0.1043023914638985,2.686002415579261,0.0648023238925239,0.2025502607187854,2.3584076906300635,512.580586083207,92.86440572059784,366.9248069923579,18.62191367568197,19.89584277845412,10.62400116291377,73.4430481777577,182.67926657250445,-175.998834499227,66.76968446720954,36.64252667913437,30
1,1,1,-95.1899790817251,39.0542569770962,2016-07-06 06:00:00,153.14400270462036,172.99599729537962,2016-07-06,US-KFS,1,154.99533142271255,143.66017083333332,28.213549939871285,26.150228958333333,12.618576020833332,196.60354166666664,US-KFS,23,0,0,LC08_027033_20160706,-95.1907426497166,39.056098523428645,2016-07-06 17:00:30.530999808,0.027975,0.033585,0.0641649999999999,0.0550625,0.25078,0.2196775,0.1119875,309.25728572,21824.0,0.125483695,0.6399290484481391,0.3680927653764196,0.3643097131263242,309.25728572,0.6529402718375165,0.9565294027183752,0.9721547028970636,-95.19074124099936,39.05604499404296,-0.6399290561676025,0.6399290561676025,1,1,-0.5925320294019593,-309.25728572,309.25728572,312.0194433971915,-312.0194433971915,312.0194433971915,0.7285926906172697,2.9441423225986973,42.24725869971281,496.0907652213051,876.3292091478638,0.7285926906172697,4.021449506326923,2.9441423225986973,360.05937979440034,614.6808002241434,94.40962666231808,0.0232469947764498,0.424748326918323,308.3394717946605,12.260753766983514,3.321091839917188,17.202337522671485,0.0232469947764498,0.424748326918323,0.543309536228628,0.3219365775585174,-97.12937927246094,0.3166797548293839,2.6749642798950624,211.93170176716484,0.4073485377178606,0,-95.1907426497166,39.056098523428645,183.1117482663691,29.068017046488976,73.21097325645131,2.54664978569686,288.96235042349736,39.25922383062711,-95.3204776391647,0.9062268137931824,485600,301.70346152,806489,38.95807106424071,-95.26803678410008,0.2185911238193512,538.8952710337558,121.77002868605064,315.94976888,2016-07-06 17:00:30.530999808+00:00,2016-07-06 17:00:00+00:00,166776.0,201607061200.0,201607061230.0,160.69674,0.478142518,28.73,4.37442,-21.229,-21.229,-0.32037,167.16263,0.92404,410.58,-4.076,15.52044,25.736,25.69305,0.0,58.627,96.849,346.32,4.5598,35.171,,722.24,1900.43241,974.63,137.9,391.14,505.62,25.04467,14.4318845,-0.0234,28.73,-20.90876657,,167.16263,410.58,,974.63,34.802,,,54.602,,,160.69674,4.37442,-0.32037,0.9240373,-4.076,96.849,346.32,4.5598,25.73646,25.69305,58.627,54.602,722.24,137.9,391.14,505.62,25.044671,,,,,,,US-KFS,-95.1907,39.0561,310.0,KS,CST,GRA,Cfa,12.0,1014.0,2016-07-06 12:00:00,12:00:00,188,0.1414895909216831,0.1941383553740353,1.0169899360233456,0.0,1167.9389900779718,0.8344870821847754,102.43028767630338,3.94359915195005,2.312013874813756,78.75443734237878,883.7794458517196,0.1,0.076584645891343,0.8836595042910197,1.1316576069674291,-0.1255853021699508,-0.0700992992181053,0.8147176175014479,0.7147176175014479,0.6869025095251178,2016-07-06 12:00:00-05:00,US-KFS,0.8836595163491014,1167.9390060152234,97.40226597342554,335.0000000000014,0.9915700271840155,0.9886195366984212,2.4291845677578787,0.0997809551202601,-0.167875925344972,2.2613086424129065,0.0648023238925239,0.2322685553761954,1.8707652988459813,420.23198259800193,77.2336957981451,389.0510607419657,17.028479294957503,19.84349373822377,10.3864059409062,77.5555421128616,197.9027205764539,-183.2448471150132,67.9368673837553,34.6329502845685,30
2,2,2,-95.1899790817251,39.0542569770962,2016-07-22 06:00:00,198.52,249.56800540924075,2016-07-22,US-KFS,2,208.31428096605188,195.79835625,11.443864281087045,10.756294791666669,9.976058809708332,208.58035416666667,US-KFS,24,1,1,LC08_027033_20160722,-95.1907426497166,39.056098523428645,2016-07-22 17:00:36.259000064,0.0230249999999999,0.0297074999999999,0.0623225,0.04915,0.3009675,0.2174499999999999,0.1020325,310.24851152,21824.0,0.1365105625,0.719237113254836,0.4584964800368519,0.4443224024914203,310.24851152,0.9627499338031632,0.9596274993380316,0.9731770747815504,-95.19074124099936,39.05604499404296,-0.7192370891571045,0.7192370891571045,1,1,-0.6568994467230036,-310.24851152,310.24851152,313.0610756366779,-313.0610756366779,313.0610756366779,0.729686359777906,2.768279265743657,39.84913426629561,504.10913786894304,864.097868242352,0.729686359777906,5.339620568913976,2.768279265743657,355.63525447003707,583.3076142481209,82.61555730917854,0.0364465637481743,0.5408150354599216,188.52035257645807,10.933405571822927,1.829510714936028,13.510467725116492,0.0364465637481743,0.5408150354599216,0.6433543196581845,0.1492679566144943,-44.90047836303711,0.4669404051301148,4.49963120025274,312.1717043624842,0.6234804407942753,1,-95.1907426497166,39.056098523428645,201.0365041920605,34.06863153531655,51.8441194466126,3.08160932426791,321.2031836921202,39.16262587978956,-94.8423257614702,0.8976234197616577,394470,300.80452226,718393,39.63456792446132,-96.28576077896504,0.3713826239109039,454.39321701017445,121.08211090587216,321.08705294000004,2016-07-22 17:00:36.259000064+00:00,2016-07-22 17:00:00+00:00,167544.0,201607221200.0,201607221230.0,129.40128,0.482738563,33.581,4.13447,-8.8529,-8.8529,0.0236,112.5083,-0.0126,504.02,0.75022,15.98602,27.938,27.90081,0.0,50.169,97.527,360.26,3.3379,19.663,,703.4,,934.44,134.3,,,34.39622,9.034331,-0.0152,33.581,-8.87650906,,112.5083,504.02,,934.44,19.146,,,53.69,,,129.40128,4.13447,0.0236,-0.0126,0.75022,97.527,360.26,3.3379,27.93791,27.90081,50.169,53.69,703.4,134.3,,,34.396222,,,,,,,US-KFS,-95.1907,39.0561,310.0,KS,CST,GRA,Cfa,12.0,1014.0,2016-07-22 12:00:00,12:00:00,204,0.1437224433885535,0.1719226973214796,1.016191232855981,0.0,1155.7210082404315,0.8085342339001618,102.43028767630338,5.196413617472076,2.6069887477495657,99.56187034553216,874.5340995177162,0.1,0.0849899018308463,0.8730424896735454,1.1454196237046006,-0.1257592909678985,-0.0703077495654049,0.8135961494267605,0.7135961494267605,0.6708261676958049,2016-07-22 12:00:00-05:00,US-KFS,0.8730425022342668,1155.7210248681329,97.40226597342556,335.0000000000014,0.9880665244715792,0.983889808036632,2.3952792907678,0.1070659457945754,-0.1914336095945328,2.203845681173267,0.0648023238925239,0.2971413295426531,2.198242169108769,472.0266187584821,131.28989825412626,384.1575290364444,15.248714341208,19.3354628592052,9.21670765598037,93.3747188908956,223.14224381725447,-203.8020755641234,67.46353883002398,31.655431251664403,30
3,3,3,-95.1899790817251,39.0542569770962,2017-02-15 06:00:00,65.22799864768982,99.26,2017-02-15,US-KFS,3,-2.261824277690487,-1.205629104166667,66.03840910458823,35.20071333333333,-4.321648125,48.23141666666667,US-KFS,31,0,0,LC08_027033_20170215,-95.1907426497166,39.056098523428645,2017-02-15 17:00:33.124000000,0.0505249999999999,0.06444,0.0905925,0.12472,0.2135725,0.327505,0.2202549999999999,285.93955328,21824.0,0.1540183,0.2626499257299526,0.1502315546710808,0.1589883602680448,285.93955328,0.1157566983504534,0.9511575669835044,0.9703819971045564,-95.19074124099936,39.05604499404296,-0.2626499235630035,0.2626499235630035,1,1,-0.4043200236713625,-285.93955328,285.93955328,288.628313711737,-288.628313711737,288.628313711737,0.7419197372842414,0.4243651257575688,7.886777478843888,360.5225743998732,581.5217036511917,0.7419197372842414,0.8112132423905336,0.4243651257575688,270.9568329761104,389.15678705297125,29.615683717375475,0.0073321578868696,0.3200167918255847,217.762781100225,15.454824989587443,2.706432574625282,22.832127152319163,0.0073321578868696,0.3200167918255847,0.4126121505062741,0.3732075095176697,-105.0118179321289,0.2071053497827496,0.9718131432070822,141.77832223537078,0.3943313321343258,0,-95.1907426497166,39.056098523428645,70.2956993689504,3.964184060899524,52.312401176665134,2.1630897202460773,182.6122132274369,39.18468607602701,-95.38435755768386,0.7075010538101196,531773,281.37649658,976971,38.80251058003813,-96.35180790451004,0.220018208026886,372.1755830406522,38.74635185646346,291.47332766,2017-02-15 17:00:33.124000+00:00,2017-02-15 17:00:00+00:00,177526.0,201702151100.0,201702151130.0,61.69624465,0.30942,4.79566,3.896558339,-1.7803,-1.7802605,-0.0105,211.47,0.355829777,-2.5682,-0.0752,-2.7953,4.9432,,0.0,34.7222,98.97925825,241.9064367,5.5982,,,358.91,1278.293014,637.04,1.942936,,,6.477158972,,-0.022,4.795662,-0.317172275,-0.327706214,211.467504,-2.568203,,637.04,,,,4.781015,,3.6873,,,,,,,,5.5982,4.943166,,34.7222,,358.91,,,,,606.3,-2.7953,1.9232,,,,US-KFS,-95.1907,39.0561,310.0,KS,CST,GRA,Cfa,12.0,1014.0,2017-02-15 11:00:00,11:00:00,46,0.0030499434886349,-0.113423413190832,0.9873641181117409,-0.2616666666666666,945.3761498286942,0.6738481821393887,102.43028767630338,0.859946416621937,0.2985923146723022,3.3785381135276067,715.3661514984592,0.1,0.010742444124804,0.6742031975540655,1.483232360255616,-0.1242223685933834,-0.0684664126142951,0.7978984323629278,0.6978984323629278,0.785384864544608,2017-02-15 11:00:00-06:00,US-KFS,0.6742032153882973,945.3761748360768,97.40226597342556,334.99999999999267,0.8129007815551422,0.7474160550994421,1.6119781625211034,0.2487993614888122,-0.2237056094209565,1.3882725531001467,0.0648023238925239,0.0571111986498487,1.6807781939506103,148.77545394322587,62.16022849151977,261.76914712901083,35.6623810850816,25.9039789805184,18.4259448133632,61.0688252428928,75.10200243224782,-115.61108695074842,93.6466333969664,62.97961630768636,30
4,4,4,-95.1899790817251,39.0542569770962,2017-05-06 06:00:00,161.65199459075927,218.37199459075927,2017-05-06,US-KFS,4,125.33432000324107,78.69826952083334,71.92352408276459,45.161268541666665,11.740238770833336,184.39151666666663,US-KFS,35,0,0,LC08_027033_20170506,-95.1907426497166,39.056098523428645,2017-05-06 16:59:56.267000064,0.041945,0.0512949999999999,0.0823149999999999,0.09414,0.243135,0.292525,0.1848624999999999,306.70060676,21824.0,0.14774588,0.4417611741160773,0.2617138440730364,0.2669284285330387,306.70060676,0.3654738159128043,0.953654738159128,0.9712060635925124,-95.19074124099936,39.05604499404296,-0.441761165857315,0.441761165857315,1,1,-0.4941465662928254,-306.70060676,306.70060676,309.2448924679382,-309.2448924679382,309.2448924679382,0.7592197690453515,1.3753196572217652,20.85429514716728,478.4458263602575,899.9676176465173,0.7592197690453515,2.568534060375908,1.3753196572217652,340.7137672606965,613.4785821497811,104.3108150904469,0.0134488425601546,0.3304621371888039,365.38716686342906,13.80758311450339,4.364453643207966,22.11044249727304,0.0134488425601546,0.3304621371888039,0.4462901567512317,0.4062180519104004,-121.25640106201172,0.214262130456843,2.008895638169628,143.78060019590515,0.2823835472270776,0,-95.1907426497166,39.056098523428645,198.91229031800617,21.5262026563028,53.544925817354574,2.101028363212202,328.13720033161894,39.50958780399956,-94.18601741684118,0.8835777044296265,519332,298.50077678,773378,39.83103576663817,-95.55589058210852,0.2424277812242508,555.3765568391156,114.37926334151096,310.41941252000004,2017-05-06 16:59:56.267000064+00:00,2017-05-06 17:00:00+00:00,181368.0,201705061200.0,201705061230.0,148.9154423,0.32772,23.69435,5.582294155,-8.9101,-8.9100667,-0.136972073,181.49,,204.67,0.152647583,22.336,15.504,17.64362,0.0,84.9292,97.25068148,344.5096814,4.4021,,,694.88,,983.69,112.0799,387.7318,437.6222,28.88229948,,-0.0422,23.694346,-6.06662989,-6.203601963,181.493559,204.665138,,983.69,,,,46.3992,,11.463,,,,,,,,4.4021,15.5038,,84.9292,,694.88,,,,,1163.4,22.336,3.0769,,,,US-KFS,-95.1907,39.0561,310.0,KS,CST,GRA,Cfa,12.0,1014.0,2017-05-06 12:00:00,12:00:00,126,0.11393823257327,0.1417814716402384,1.008717957018746,0.0,1152.6328076579036,0.8534287706063238,102.43028767630338,2.929611394406632,2.488095520378397,90.87496847676891,872.1972590072041,0.1,0.0838153633382295,0.8579499762256585,1.1655691214064203,-0.1257349780211013,-0.070278621010788,0.8124917094645021,0.7124917094645021,0.6745387594610874,2017-05-06 12:00:00-05:00,US-KFS,0.8579499894583819,1152.6328254357131,97.40226597342556,335.0000000000014,0.0,-0.35,2.494710236116146,0.1758163671934787,0.0946537387015239,2.58936397481767,0.0648023238925239,0.1571233759689413,1.5895708053108328,436.6397832886605,53.23019499063631,363.946155363552,28.872795120386403,25.246060445449373,15.732207623754173,74.5696520245926,135.48842014441092,-151.55505171038013,89.717594992469,56.69744091717048,30
5,5,5,-95.1899790817251,39.0542569770962,2017-06-07 06:00:00,161.65199459075927,198.52,2017-06-07,US-KFS,5,128.52401364571833,61.93370368749999,101.8970755864167,49.10260041666667,3.407426666666668,178.95431666666664,US-KFS,36,0,0,LC08_027033_20170607,-95.1907426497166,39.056098523428645,2017-06-07 17:00:16.244999936,0.03606,0.0414499999999999,0.0740374999999999,0.0649624999999999,0.293845,0.2486625,0.1388275,307.67132444000003,21824.0,0.1469919125,0.6378977585474106,0.4168336071156697,0.3997679922450608,307.67132444000003,0.779606491240536,0.9577960649124052,0.9725727014210938,-95.19074124099936,39.05604499404296,-0.6378977298736572,0.6378977298736572,1,1,-0.5974937649928986,-307.67132444000003,307.67132444000003,310.3193631155911,-310.3193631155911,310.3193631155911,0.7672730248549839,1.2404352036534905,19.014967948068065,486.63595273328696,933.3752327795444,0.7672730248549839,3.06997102382926,1.2404352036534905,347.044355325755,641.9383873809302,97.6994605929698,0.0283733803898123,0.2613423438305375,205.0228547561856,16.812816909099425,3.0111663894912795,27.95820981301396,0.0283733803898123,0.2613423438305375,0.364985598297447,0.2958523333072662,-88.79754638671875,0.5060318383461524,4.922495667959079,339.2160720317748,0.6232852068002404,0,-95.1907426497166,39.056098523428645,220.59001993861423,24.474537283178183,40.40543685999555,1.5324568442406068,352.69168949749854,38.82058356248156,-94.64999071585038,0.9098761081695556,475895,300.14142638,800159,38.41935945238479,-95.40295367001367,0.2860124111175537,533.9958091097183,130.3342626525009,317.63485274,2017-06-07 17:00:16.244999936+00:00,2017-06-07 17:00:00+00:00,182904.0,201706071200.0,201706071230.0,,0.28976,24.46198,,-14.354,-14.3540813,,166.8,,181.13,,25.02,21.803,,1.6,43.2942,,,17.34433,,,674.14,,1001.8,,,,,,,24.461983,,-10.21310597,166.800879,181.130279,,1001.8,,,,,,22.219,,,,,,,,17.344,21.803,,43.2942,,674.14,,,,,1772.5,25.02,5.4335,,,,US-KFS,-95.1907,39.0561,310.0,KS,CST,GRA,Cfa,12.0,1014.0,2017-06-07 12:00:00,12:00:00,158,,0.1959100184492664,1.0150651256993857,0.0,1173.471085909447,0.8537065906686563,102.43028767630338,3.067666278196157,1.3281215738148004,27.394848980869096,887.9655827726734,0.1,0.0446244452044435,0.8844874860294671,1.1305982456451449,-0.1249237260157319,-0.0693066862410702,0.8160482924123206,0.7160482924123206,0.7437665477488724,2017-06-07 12:00:00-05:00,US-KFS,0.8844874980472048,1173.471101853672,97.40226597342556,334.99999999999267,0.0,-0.35,2.587316145264897,0.1840752425315068,0.1031260838513621,2.69044222911626,0.0648023238925239,0.1835910176886135,1.111921322743058,493.2772681255643,111.16456845771528,369.7179305748412,19.98709841393347,22.77921568322647,12.75297639803797,90.4076803300718,196.2628482295892,-183.83169802000725,76.50632071356151,42.713240793694105,30
6,6,6,-95.1899790817251,39.0542569770962,2017-06-23 06:00:00,136.12800540924073,170.16,2017-06-23,US-KFS,6,117.0129571632757,51.34052002083334,75.28692162190949,33.032835,3.742336875,206.4675975,US-KFS,37,1,1,LC08_027033_20170623,-95.1907426497166,39.056098523428645,2017-06-23 17:00:21.884000000,0.0298724999999999,0.036995,0.0757149999999999,0.06323,0.3274499999999999,0.251,0.128515,304.30115672,21824.0,0.1548655749999999,0.6763079758370021,0.4621274794620696,0.4449746261283513,304.30115672,0.9656711702139076,0.9596567117021392,0.9731867148617058,-95.19074124099936,39.05604499404296,-0.6763079762458801,0.6763079762458801,1,1,-0.6243969590614266,-304.30115672,304.30115672,307.01500315118346,-307.01500315118346,307.01500315118346,0.753988073806366,1.7292101703784155,25.68005845148113,466.5663109835425,914.1570237723724,0.753988073806366,3.315376948720466,1.7292101703784155,337.5970163842051,629.9965022857523,83.88764488323423,0.0365804036574334,0.8564192010160566,302.2058618375588,7.420287600946556,1.941412520993908,8.531644401678955,0.0365804036574334,0.8564192010160566,0.9665737968567134,0.2072981894016266,-61.70224380493164,0.3626743339511776,3.084244042480317,243.90299556495933,0.4466197393776875,1,-95.1907426497166,39.056098523428645,193.50843078685548,25.76679099041375,52.15727192184846,4.877870803328518,302.2502671197351,39.25922383062711,-95.3204776391647,0.8974597454071045,308666,297.64968980000003,414081,38.43981091803355,-95.54797988420688,0.3323415219783783,569.0853922202521,117.06331226357923,311.90625122,2017-06-23 17:00:21.884000+00:00,2017-06-23 17:00:00+00:00,183672.0,201706231200.0,201706231230.0,61.11590592,0.52071,25.05907,2.920849139,-14.218,-14.218423,-0.0567,117.85,-0.762798106,153.75,-0.246060313,20.069,24.036,24.38329,0.0,33.714,97.92034968,333.6666375,21.01024,,,733.56,,1010.7,60.05215,423.6407,450.2741,28.26182928,,-0.0254,25.05907,-2.562291707,-2.61895412,117.853919,153.746136,,1010.7,,,,17.34538,,25.096,,,,,,,,21.01,24.0357,,33.714,,733.56,,,,,1123.3,20.069,6.664,,,,US-KFS,-95.1907,39.0561,310.0,KS,CST,GRA,Cfa,12.0,1014.0,2017-06-23 12:00:00,12:00:00,174,0.0594163945780152,0.2016148201784051,1.0166389464119012,0.0,1173.3419868188596,0.8613856926233322,102.43028767630338,3.178940731328853,1.0717480781602091,18.57183013325376,887.8678933232277,0.1,0.0359382811488282,0.8871347335444093,1.1272244927268884,-0.1247439224197807,-0.0690912693724909,0.8165841635085264,0.7165841635085264,0.7612515200951697,2017-06-23 12:00:00-05:00,US-KFS,0.8871347454319818,1173.3420025415985,97.40226597342551,335.0000000000014,0.0,-0.35,2.534043269897017,0.1559007894112065,0.0888684838841599,2.622911753781177,0.0648023238925239,0.1963237375491061,3.478677915795404,470.2571385647215,70.6039857277514,363.8517094443947,19.2409621394056,23.040162081054767,11.2576212928564,99.64341376796396,205.80129934616156,-190.00471689484257,76.37959033672,39.1072631558708,30
7,7,7,-95.1899790817251,39.0542569770962,2017-07-25 06:00:00,192.8480054092408,246.73199459075929,2017-07-25,US-KFS,7,98.465154042103,48.89615679166667,112.53902372114374,55.88500625,7.36561375,206.49044166666667,US-KFS,39,1,1,LC08_027033_20170725,-95.1907426497166,39.056098523428645,2017-07-25 17:00:31.851000064,0.0265175,0.0328974999999999,0.0672174999999999,0.0581149999999999,0.299785,0.231035,0.114545,314.42874998,21824.0,0.141305545,0.6752444816987987,0.4310167247044976,0.4225492481641217,314.42874998,0.8694363657138451,0.9586943636571384,0.9728691400068556,-95.19074124099936,39.05604499404296,-0.6752445101737976,0.6752445101737976,1,1,-0.6336945933610807,-314.42874998,314.42874998,317.2748105219284,-317.2748105219284,317.2748105219284,0.7321405985091596,2.607831488009204,37.66121746925253,531.3151866764451,863.8091406917698,0.7321405985091596,4.72976184448994,2.607831488009204,376.3507346841558,571.2382607138159,97.25448095015258,0.0322488393570183,0.388166440999479,326.6355153190045,12.720572056093092,3.723412070057975,18.823533696074488,0.0322488393570183,0.388166440999479,0.5134150886638864,0.3074939548969269,-93.83667755126952,0.2213155177871039,2.107277888867611,147.34826444465875,0.3108719554034723,1,-95.1907426497166,39.056098523428645,188.0451697733114,31.90669125512916,55.13663422709678,2.243238158350499,306.5420241673244,39.59413840820312,-94.57701096413363,0.9107072353363036,575915,305.16591578,768871,38.67567613512113,-94.99736593067657,0.3758230209350586,500.8319844270962,125.9078099485278,320.9776763,2017-07-25 17:00:31.851000064+00:00,2017-07-25 17:00:00+00:00,185208.0,201707251200.0,201707251230.0,173.2700566,0.324,31.78043,0.96858176,-15.858,-15.8578852,0.00875,194.66,1.550792918,122.24,,25.287,26.201,27.69559,0.0,21.5315,97.29309941,643.5200263,36.74681,,,707.22,,954.96,127.7252,447.5714,504.3003,,,-0.082,31.78043,-22.64898614,-22.64023461,194.657106,122.235868,,954.96,,,,42.83749,,26.777,,,,,,,,36.747,26.20054,,21.5315,,707.22,,,,,861.31,25.287,10.935,,,,US-KFS,-95.1907,39.0561,310.0,KS,CST,GRA,Cfa,12.0,1014.0,2017-07-25 12:00:00,12:00:00,206,0.1337492669850046,0.1681898054849099,1.0160033956301326,0.0,1153.72972609544,0.8277155198487127,102.43028767630338,4.696096637625609,1.011140047530358,16.76152182446391,873.0272964072848,0.1,0.0331586089627524,0.8712160883664846,1.1478208602357,-0.1246863832055289,-0.0690223335022762,0.8155344144179576,0.7155344144179576,0.7634490609612297,2017-07-25 12:00:00-05:00,US-KFS,0.8712161010110628,1153.7297428403392,97.40226597342551,335.0000000000014,0.9894411597971222,0.985745565726115,2.3944789379975857,0.1139170568906614,-0.1983836961812418,2.196095241816344,0.0648023238925239,0.2674481061842796,1.6139124301650685,448.9403606249142,63.29530911213161,406.5791839148792,18.27302680508767,21.13511450178062,10.34391980246702,94.26102281275432,212.31627831144627,-199.251798859609,72.6440462516293,36.0162411664591,30
8,8,8,-95.1899790817251,39.0542569770962,2017-08-10 06:00:00,133.2919945907593,153.14400270462036,2017-08-10,US-KFS,8,82.22822953023255,38.13209214583333,68.08798375232978,31.574768,-4.112261111111112,162.18088541666663,US-KFS,40,0,0,LC08_027033_20170810,-95.1907426497166,39.056098523428645,2017-08-10 17:00:38.372000000,0.0248674999999999,0.031,0.0674374999999999,0.0543199999999999,0.3207399999999999,0.227295,0.1075875,306.2801903,21824.0,0.1454134125,0.7103396789846959,0.4709863098942128,0.4566886842045117,306.2801903,1.019504237201337,0.9601950423720134,0.9733643639827644,-95.19074124099936,39.05604499404296,-0.7103396654129028,0.7103396654129028,1,1,-0.6525429732532154,-306.2801903,306.2801903,309.1002596434107,-309.1002596434107,309.1002596434107,0.731328850683056,2.473550809616823,35.830123539991185,479.0911531005672,841.5023099673828,0.731328850683056,3.317260666913961,2.473550809616823,359.9182337912968,585.6371380935202,77.04486902732688,0.0390696395865585,0.1349700437322452,203.3071919933465,20.425865862049324,3.601360447027247,54.13545020652158,0.0390696395865585,0.1349700437322452,0.2309340522444193,0.4902793169021606,-147.94410705566406,0.4548721188596775,2.9544562652714363,305.2850770728469,0.6002550483776897,0,-95.1907426497166,39.056098523428645,137.6406644042199,25.776383174036805,74.56606694456606,0.762862953885885,221.9421955765524,38.3771853142968,-96.2829731607562,0.8999524116516113,297473,301.75473182,501350,38.83967038268528,-94.63833397321083,0.4361640810966491,572.9254126406479,109.81010174128022,314.30570126,2017-08-10 17:00:38.372000+00:00,2017-08-10 17:00:00+00:00,185976.0,201708101200.0,201708101230.0,,,,,,-18.8155256,,,,,,,,24.65477,0.0,,,,,,,,,,150.3438,394.566,454.4498,,,,26.419259,,-14.38158753,155.772638,115.939036,,883.37,,,,37.13,,31.754,,,,,,,,24.657,22.285728,,28.3178,,653.15,,,,,1053.5,18.442,10.904,,,,US-KFS,-95.1907,39.0561,310.0,KS,CST,GRA,Cfa,12.0,1014.0,2017-08-10 12:00:00,12:00:00,222,,0.1315770904401926,1.0138418848701878,0.0,1133.9802976407852,,102.43028767630338,,,,858.0829047678607,0.1,,0.8526630689061537,1.1727961916807992,,,,,,2017-08-10 12:00:00-05:00,US-KFS,0.8526630823636916,1133.9803155383383,97.40226597342554,335.0000000000014,0.9806771645159816,0.9739141720965756,2.332644403229585,0.1198146329374049,-0.1900718074028508,2.142572595826734,0.0648023238925239,0.1964209595943502,0.541441540681546,394.2033243496069,103.22606210632787,388.3539620247165,16.63713993709597,20.654770333356225,9.4946858993,98.23630823682198,217.5629720570736,-199.86098602692263,69.6159558542385,32.951919973901255,30
9,9,9,-95.1899790817251,39.0542569770962,2017-10-13 06:00:00,96.42400270462038,130.45599729537963,2017-10-13,US-KFS,9,42.81374913413459,14.311409291666664,107.63152275609282,35.97813333333333,5.614537083333333,184.307425,US-KFS,43,0,0,LC08_027033_20171013,-95.1907426497166,39.056098523428645,2017-10-13 17:00:54.194999808,0.0264075,0.0344925,0.0579775,0.0702975,0.23813,0.2313925,0.1198524999999999,301.88461658,21824.0,0.12528267,0.5441554336108161,0.2994396852031755,0.311405475444613,301.88461658,0.4875349017321166,0.9548753490173212,0.971608865175716,-95.19074124099936,39.05604499404296,-0.5441554188728333,0.5441554188728333,1,1,-0.6084023538748595,-301.88461658,301.88461658,304.1912927710589,-304.1912927710589,304.1912927710589,0.7095020223667019,1.89595827270226,27.95388847331668,449.66974909648286,634.7549252558567,0.7095020223667019,2.8810978765236763,1.89595827270226,345.1721152371127,435.15772833575465,58.36634709262228,0.0172679822707399,0.488284284514192,250.41648722545625,11.566025386279986,2.4742943982314927,14.963955043338352,0.0172679822707399,0.488284284514192,0.5945331467385304,0.3993127048015594,-118.99314880371094,0.1873985508607634,0.8974747630289461,126.37489401767616,0.3353975178538655,0,-95.1907426497166,39.056098523428645,75.18751568944047,23.417091900892217,65.80679844830253,3.023666027115039,164.3557128478533,39.184401015413584,-95.39823972625844,0.7962782382965088,456979,297.99490982,637987,39.6625044294925,-95.01499702104006,0.2307865619659423,401.42300847005305,67.3255969816046,306.08878118,2017-10-13 17:00:54.194999808+00:00,2017-10-13 17:00:00+00:00,189048.0,201710131200.0,201710131230.0,301.3905243,0.34916,26.28263,2.102694822,-7.7602,-7.7602044,0.0414,212.11,1.438853808,45.544,0.177114366,18.501,17.679,16.18717,3.6,25.8621,97.42612856,577.7367341,25.26692,39.41130893,,,,,116.8556,309.3329,454.9714,15.22503718,,-0.217006488,26.282633,-0.492904741,-0.451522412,212.111225,45.543512,,1002.3,,,,52.91826,,10.41,,,,,,,,25.267,17.67934,,25.8621,,790.82,,,,,948.43,18.501,4.0716,,,,US-KFS,-95.1907,39.0561,310.0,KS,CST,GRA,Cfa,12.0,1014.0,2017-10-13 12:00:00,12:00:00,286,,-0.0768142459478439,0.9974637268993128,0.0,997.6680354885094,,102.43028767630338,3.418010994175692,0.8839694213247118,13.30549153968717,754.9354208670255,0.1,0.0295204935023684,0.7261256298210067,1.3771721571741031,-0.124611074215499,-0.0689321082388587,0.8028860709091161,0.7028860709091161,0.7514010355279119,2017-10-13 12:00:00-05:00,US-KFS,0.726125647531207,997.6680598216276,97.40226597342554,335.0000000000014,0.84080691899031,0.7850893406369187,1.7595406528092348,0.1472286791429692,-0.1824036390139189,1.5771370137953158,0.0648023238925239,0.1736964569815984,2.258687138059354,280.0126774596939,43.51793366323765,366.8098326563854,21.22173383403255,17.50251535776695,10.41275513738565,71.8877837461954,164.27215443552487,-183.66731132588143,69.85383614198766,36.18162600865442,30
10,10,10,-95.1899790817251,39.0542569770962,2017-10-29 06:00:00,79.40799864768982,124.78400270462036,2017-10-29,US-KFS,10,,-22.06559370833333,,26.316125,-13.093497916666664,119.48173125,US-KFS,44,1,1,LC08_027033_20171029,-95.1907426497166,39.056098523428645,2017-10-29 17:00:55.009999872,0.0306424999999999,0.0385349999999999,0.059875,0.082535,0.2270475,0.2596625,0.1437775,289.993325,21824.0,0.1297160275,0.4667980263742297,0.2520722207298821,0.2677537496178585,289.993325,0.3676196278471901,0.953676196278472,0.9712131447718956,-95.19074124099936,39.05604499404296,-0.4667980372905731,0.4667980372905731,1,1,-0.5826399114743528,-289.993325,289.993325,292.2506044006421,-292.2506044006421,292.2506044006421,0.7351503651153706,0.6331194543670925,10.733417728209904,382.4159588254452,589.5443730684178,0.7351503651153706,1.244946931353267,0.6331194543670925,290.0856111283361,407.302802349547,35.30764894064472,0.013511367279324,0.3198777174368968,109.95615937129718,16.83273234075375,1.515505213907247,22.84205395857374,0.013511367279324,0.3198777174368968,0.3990581674585068,0.243297591805458,-69.58836364746094,0.3841113418758153,1.5907089341102552,262.0389940376051,0.7044150754017168,1,-95.1907426497166,39.056098523428645,64.18885505561805,10.205161021218244,50.85513594373752,2.0327523428147565,162.4687311755999,39.18770809659426,-94.56927548918624,0.7487292289733887,396552,286.02158576,617112,38.77488878964116,-96.52795966916246,0.2654967606067657,328.30885284622,49.09973188295127,299.3074295,2017-10-29 17:00:55.009999872+00:00,2017-10-29 17:00:00+00:00,189816.0,201710291200.0,201710291230.0,320.3450301,0.33455,13.00819,2.255842242,-4.1294,-4.1293971,0.0882,182.32,1.307089689,-38.55,0.208057475,-1.6529,9.7649,11.53878,0.0,,97.55873427,568.6419132,0.0,29.90373968,,,,,108.6913,255.3344,393.5359,10.97782612,,-0.214036428,13.008189,3.156037178,3.244282516,182.319015,-38.550118,,673.78,,,,61.95919,,4.7049,,,,,,,,0.0,9.764878,,84.5269,,497.38,,,,,358.15,-1.6529,2.1086,,,,US-KFS,-95.1907,39.0561,310.0,KS,CST,GRA,Cfa,12.0,1014.0,2017-10-29 12:00:00,12:00:00,302,,-0.1246273205295233,0.9929899382111932,0.0,959.9687972410156,,102.43028767630338,1.498573503934885,,,726.4084083679949,0.1,,0.692433862375524,1.4441812486889547,,,,,,2017-10-29 12:00:00-05:00,US-KFS,0.6924338809594166,959.9688230051472,97.40226597342554,335.0000000000014,0.811588035431657,0.7456438478327371,1.634217002145654,0.2286036746315435,-0.2241657832905452,1.4100512188551089,0.0648023238925239,0.0832825998971712,1.5375679539302796,191.08945101548136,108.89136984591768,289.26042177501023,23.934599078875003,17.363350334375,11.174892778874971,65.84225945793752,135.36831177170058,-168.96168520615322,75.30039175281252,41.69451528518751,30
11,11,11,-95.1899790817251,39.0542569770962,2017-12-16 06:00:00,79.40799864768982,133.2919945907593,2017-12-16,US-KFS,11,,-5.9576187083333325,,-2.634702083333333,-3.849089166666667,54.8424375,US-KFS,45,0,0,LC08_027033_20171216,-95.1907426497166,39.056098523428645,2017-12-16 17:00:47.800000000,0.0496999999999999,0.0659799999999999,0.09755,0.145675,0.273165,0.3420249999999999,0.2142049999999999,285.16024472000004,21824.0,0.176914525,0.3043883105720561,0.1928901907266251,0.2081265508684863,285.16024472000004,0.2224626494411784,0.9522246264944118,0.9707341267431558,-95.19074124099936,39.05604499404296,-0.3043883144855499,0.3043883144855499,1,1,-0.4737197038155994,-285.16024472000004,285.16024472000004,287.6889677541714,-287.6889677541714,287.6889677541714,0.697119421395185,0.5298011043518929,9.32453593107367,357.0083574393729,419.0942797225702,0.697119421395185,1.1099324300962674,0.5298011043518929,281.3264272032084,255.82800892244413,18.84355058645789,0.00966418220359,0.5203917835831755,177.57773543079915,11.533516245948643,1.6477534673121,14.04069839752026,0.00966418220359,0.5203917835831755,0.6076841162079366,0.3385807275772095,-95.75818634033205,0.0867014636137691,0.1497814276997761,59.40672290518708,0.2506777166836941,0,-95.1907426497166,39.056098523428645,17.058473329405736,8.501056515387727,47.73273489323506,3.422380227896084,113.00839936142022,39.205410178945584,-95.63900231839416,0.6187319755554199,510876,282.82231904,779590,39.17101824540359,-96.06130335133322,0.220213770866394,247.36446268996784,21.979056064881533,288.79359998,2017-12-16 17:00:47.800000+00:00,2017-12-16 17:00:00+00:00,192118.0,201712161100.0,201712161130.0,,0.38893,8.92263,,-1.1737,-1.1737471,,139.53,,-1.4112,,-2.5138,5.6773,,0.0,88.644,,,1.29311,,,452.55,,,,,,,,,8.922634,,0.588143028,139.530007,-1.411226,,689.16,,,,,,2.7508,,,,,,,,1.2931,5.677336,,88.644,,452.55,,,,,402.14,-2.5138,1.8033,,,,US-KFS,-95.1907,39.0561,310.0,KS,CST,GRA,Cfa,12.0,1014.0,2017-12-16 11:00:00,11:00:00,350,,-0.2011047865586214,0.983862431259692,-0.2616666666666666,860.5722401174047,,102.43028767630338,1.1420736025773464,1.012379724268663,16.797494466196643,651.1950347759105,0.1,0.0358894740973119,0.6093791250522297,1.6410145324789231,-0.1247429121138143,-0.0690900589576133,0.7881075584743629,0.6881075584743629,0.719782499379359,2017-12-16 11:00:00-06:00,US-KFS,0.6093791444034126,860.5722674453687,97.40226597342554,335.0000000000014,0.6435772039735977,0.518829225364357,1.1617293433909646,0.2380975876374995,-0.1585824536131611,1.0031468897778035,0.0648023238925239,0.0752837084893545,2.628923468413582,139.9768238838764,33.701071657635765,272.284957308974,41.540718649586005,27.817381872436,18.814872946625574,77.8957982489388,86.7994451326349,-135.08602666874228,97.53193270035798,61.082750220247576,30
12,12,12,-95.1899790817251,39.0542569770962,2018-03-22 06:00:00,119.11199459075928,178.66800540924072,2018-03-22,US-KFS,12,23.972917026877152,5.189231625,23.03576716192753,4.986374054054053,9.185039583333332,152.87580208333333,US-KFS,49,0,0,LC08_027033_20180322,-95.1907426497166,39.056098523428645,2018-03-22 17:00:08.040000000,0.0590775,0.0781075,0.1146275,0.1589575,0.2605975,0.3500825,0.2307325,293.82834344,21824.0,0.1823940925,0.2422566767169976,0.1560296861675629,0.1657975868762607,293.82834344,0.129939167670459,0.9512993916767044,0.9704287992533124,-95.19074124099936,39.05604499404296,-0.2422566711902618,0.2422566711902618,1,1,-0.389019921380505,-293.82834344,293.82834344,296.4495636659751,-296.4495636659751,296.4495636659751,0.7591415560394448,0.7473096277114774,12.290551157199692,402.0453324063732,762.2719682214889,0.7591415560394448,1.4725911226135318,0.7473096277114774,314.25398118221455,520.1423530637917,62.19921430177236,0.0076181816851459,0.4510685544822744,158.2534757128499,12.960108323417396,1.7052185708213727,16.19856673499534,0.0076181816851459,0.4510685544822744,0.5344282639488631,0.4346182644367218,-127.13717651367188,0.4410823045015695,2.753870118364414,299.68966304916944,0.6544254901587467,0,-95.1907426497166,39.056098523428645,119.13082064240214,12.741080303714996,50.747937851558135,3.037484705900852,244.5578758129961,39.25631452328223,-95.33081129106078,0.7294333577156067,485106,292.52607781999995,773687,39.040869559786046,-96.2757280983007,0.2177434265613556,496.1360631715474,76.88190910008642,301.0677098,2018-03-22 17:00:08.040000+00:00,2018-03-22 17:00:00+00:00,196728.0,201803221200.0,201803221230.0,153.64,0.44087,16.09,5.8631,-0.16396,-0.16396,-0.0116,,0.69617,13.322,0.11354,27.392,8.4811,8.7113,0.0,36.36,98.094,363.61,11.62933692,30.40880513,,,,,158.36,288.47,445.83,4.97759,1.54479,-0.104103733,16.0896313,-0.15231,-0.15231,102.38,13.3221147,,,1.1816,42.505,,157.45,,,153.63973,5.863106,-0.0116,0.69617,0.11354,98.094,363.61,,8.481056,8.711327,36.36,157.45,419.45,,,445.83,4.97759,1127.8,27.392,,0.1675923,42.5049581,288.47,US-KFS,-95.1907,39.0561,310.0,KS,CST,GRA,Cfa,12.0,1014.0,2018-03-22 12:00:00,12:00:00,81,,0.0010283755405575,0.996028791182174,0.0,1071.189037704368,,102.43028767630338,1.8287656536571784,0.66493919166975,8.440453040428263,810.56876172441,0.1,0.0229883903775194,0.7773943673638217,1.2863483991928624,-0.1244758596808146,-0.0687701120813624,0.8082060963311762,0.7082060963311763,0.7757626899746719,2018-03-22 12:00:00-05:00,US-KFS,0.7773943835659306,1071.1890600296151,97.40226597342554,335.0000000000014,0.940416167284594,0.919561825834202,2.1130178959099672,0.2189740990401436,-0.27441400511216,1.8386038907978075,0.0648023238925239,0.0965231305251184,2.3565964866568705,253.7727091475801,140.66379968091826,321.0297459526006,46.7062189023638,33.6808084376686,22.9501973352398,76.5709317296054,71.18187800703502,-114.30507906439284,102.86416104233382,67.79574825276981,30
13,13,13,-95.1899790817251,39.0542569770962,2018-04-07 06:00:00,82.24400270462037,113.44,2018-04-07,US-KFS,13,25.7573465646667,6.042389277083333,80.72091889157616,18.93623683333333,-6.021753125,136.18372916666667,US-KFS,50,0,0,LC08_027033_20180407,-95.1907426497166,39.056098523428645,2018-04-07 17:00:00.384999936,0.0497549999999999,0.0749449999999999,0.11823,0.152605,0.24594,0.30699,0.2173125,279.95118224,21824.0,0.1708538,0.234189363810862,0.1458831215721334,0.1558102265328948,279.95118224,0.109199318733965,0.9510919931873396,0.970360357751822,-95.19074124099936,39.05604499404296,-0.234189361333847,0.234189361333847,1,1,-0.3506878655572946,-279.95118224,279.95118224,282.5304605419271,-282.5304605419271,282.5304605419271,0.7942160529044202,0.2750735753344228,5.850990536577838,331.2339227688628,863.961137949905,0.7942160529044202,0.6231673255196503,0.2750735753344228,256.11279070019043,628.7029962977929,29.778894790231565,0.0072023600144379,0.2695608634424902,108.41393712116604,18.858225188457883,1.614119788940343,27.105804561268783,0.0072023600144379,0.2695608634424902,0.343172122930489,0.4654373526573181,-129.8861083984375,0.7123604272754763,4.51157837854753,490.5101643863953,0.818985516114186,0,-95.1907426497166,39.056098523428645,158.04809635289178,0.2757569416121403,44.14120639349037,1.8252291772885243,294.6990551865261,39.07503301382109,-94.3496815730432,0.5089172720909119,419409,279.06249704,678573,39.70802513950344,-95.17343718880558,0.2144545167684555,560.7438005384748,59.87068142535134,291.1212716,2018-04-07 17:00:00.384999936+00:00,2018-04-07 17:00:00+00:00,197496.0,201804071200.0,201804071230.0,10.937,0.42539,1.611,2.8936,,0.13854,-0.079829,,,11.98,0.15595,9.4727,5.3238,6.6671,0.0,,98.441,361.39,11.0265631,27.88045453,,,,,164.2,222.93,394.28,14.10957,0.6972,-0.147383653,1.6109944,,-0.16237,102.27,11.9799067,,,1.6933,35.523,,162.43,,,10.937298,2.893603,-0.079829,-0.053827,0.15595,98.441,361.39,,5.323822,6.667094,91.5327,162.43,444.67,,,394.28,14.10957,958.79,9.4727,,0.06276008,35.5232601,222.93,US-KFS,-95.1907,39.0561,310.0,KS,CST,GRA,Cfa,12.0,1014.0,2018-04-07 12:00:00,12:00:00,97,,0.0558251086852097,1.0006714724253958,0.0,1106.7103004748924,,102.43028767630338,0.6862368668699519,,,837.4476999484297,0.1,,0.8106781641276379,1.2335351366915,,,,,,2018-04-07 12:00:00-05:00,US-KFS,0.810678179208722,1106.710321063076,97.40226597342551,335.0000000000014,0.0,-0.35,2.394900274397137,0.266573560098867,0.1063831819645499,2.5012834563616866,0.0648023238925239,0.0452451867080791,1.4192561538925268,221.0285872397989,182.51720191592705,244.93343090556743,42.7219501657352,33.0986282762352,20.98094135297677,68.85119376010559,65.56158926688428,-98.1754825599868,85.9422134358576,60.83689129052999,30
14,14,14,-95.1899790817251,39.0542569770962,2018-04-23 06:00:00,138.96400270462036,195.68400270462035,2018-04-23,US-KFS,14,65.04134567369745,14.556898241666666,151.62307954736747,33.934749,14.260280708333331,203.5807020833333,US-KFS,51,1,1,LC08_027033_20180423,-95.1907426497166,39.056098523428645,2018-04-23 16:59:50.980999936,0.0553374999999999,0.077035,0.1162225,0.1566199999999999,0.2687925,0.3670775,0.24451,304.30115672,21824.0,0.1863088,0.2636793700232128,0.171964586846543,0.1818202693393487,304.30115672,0.1640520344844321,0.9516405203448444,0.9705413717137986,-95.19074124099936,39.05604499404296,-0.2636793553829193,0.2636793553829193,1,1,-0.3962702751840837,-304.30115672,304.30115672,306.865852714774,-306.865852714774,306.865852714774,0.7707727628584178,0.8938233859259239,14.28845924369145,462.6689956372272,886.4590838217108,0.7707727628584178,1.9357764482640007,0.8938233859259239,326.8281689383604,569.6578887804152,98.99323080783702,0.0083360142350514,0.309324261225366,376.62668727439086,14.260825770269632,4.59837452316475,23.621374065177346,0.0083360142350514,0.309324261225366,0.4194331793612092,0.4150538146495819,-122.76747131347656,0.1398104947043008,1.0869615731625355,94.03797069818734,0.1997982408606217,1,-95.1907426497166,39.056098523428645,152.46661744524923,16.98408956326198,46.17389506559511,2.064548911561147,271.72242748841984,38.886722468146765,-95.5054311582968,0.6322890520095825,469999,295.7868689,754991,39.83264472532797,-95.60502515817224,0.2278752028942108,563.8362212519653,106.01445929813622,308.2455518,2018-04-23 16:59:50.980999936+00:00,2018-04-23 17:00:00+00:00,198264.0,201804231200.0,201804231230.0,46.176,0.30926,21.108,4.3837,0.31106,0.31106,0.0057499,,1.1745,30.336,0.76712,35.745,12.568,13.143,0.0,67.6606,97.707,359.35,8.092205969,24.77761175,,,,,163.09,310.31,491.76,12.46729,1.48494,-0.298939448,21.1077071,0.30531,0.30531,117.71,30.3358293,,,1.7869,48.834,,160.05,,,46.175817,4.38368,0.0057499,1.1745,0.76712,97.707,359.35,,12.56849,13.14287,67.6606,160.05,212.27,,,491.76,12.46729,1366.4,35.745,,0.07683571,48.8336133,310.31,US-KFS,-95.1907,39.0561,310.0,KS,CST,GRA,Cfa,12.0,1014.0,2018-04-23 12:00:00,12:00:00,113,,0.1064178808359051,1.0052635878219691,0.0,1135.2719495835502,,102.43028767630338,2.503551697944199,1.6939181001392327,43.247290754112974,859.0602985862661,0.1,0.0575637887959014,0.8392498975236542,1.19154021102733,-0.1251915704280751,-0.0696275819621383,0.8120806394104402,0.7120806394104402,0.7149532026864884,2018-04-23 12:00:00-05:00,US-KFS,0.8392499115294431,1135.2719685294912,97.40226597342554,335.0000000000014,0.0,-0.35,2.4572645803537823,0.2076408735139578,0.105052428745038,2.56231700909882,0.0648023238925239,0.1226842411306146,1.5958778211912965,394.9068380685232,33.091077577573905,340.57510148549,47.65964716548637,35.3666411868902,23.4418396079252,81.79386866766059,80.23793730126454,-120.58550311226938,111.7021078558858,74.4046758296072,30
15,15,15,-95.1899790817251,39.0542569770962,2018-05-09 06:00:00,192.8480054092408,263.7480054092407,2018-05-09,US-KFS,15,164.17342225592265,36.75423787083333,128.7107291395982,28.81504625,14.501641833333332,256.98025,US-KFS,52,0,0,LC08_027033_20180509,-95.1907426497166,39.056098523428645,2018-05-09 16:59:41.730000128,0.0472525,0.0650175,0.1046174999999999,0.12967,0.271735,0.3390275,0.2149475,313.5434828,21824.0,0.17392104,0.3539193582541323,0.2273587479865151,0.2364059440540045,313.5434828,0.2889229546676686,0.9528892295466768,0.9709534457504032,-95.19074124099936,39.05604499404296,-0.3539193570613861,0.3539193570613861,1,1,-0.4440451438478555,-313.5434828,313.5434828,316.11361792554845,-316.11361792554845,316.11361792554845,0.752601395829195,1.6436664704097022,24.51355742114264,522.1756181632751,895.5530182549176,0.752601395829195,3.240928146460788,1.6436664704097022,364.5598553710207,565.007047489748,121.5872976467935,0.0113288966196567,0.3636280969042537,346.86328855302816,13.31066233009235,4.111062129395336,20.093783027341,0.0113288966196567,0.3636280969042537,0.4768341986028374,0.3228077590465545,-97.932861328125,0.1448610748741737,1.4957964971756013,96.55646128992628,0.2177540836287143,0,-95.1907426497166,39.056098523428645,190.776378094692,25.383828259546306,50.71591828423121,2.353171408717637,327.00686495810294,39.19739175868637,-94.68864643735326,0.8408527374267578,538042,303.37829132,835813,38.0514480887087,-95.16694516187265,0.2359441965818405,521.2510854217599,130.35404414835492,319.1661257,2018-05-09 16:59:41.730000128+00:00,2018-05-09 17:00:00+00:00,199032.0,201805091200.0,201805091230.0,295.29,0.35436,26.713,4.0526,-4.8335,-4.8335,-0.052685,,0.87231,,,32.578,20.664,20.467,0.0,58.8901,97.948,353.56,14.41326309,22.59996367,,,,,157.17,348.96,506.67,14.91982,5.8339,-0.140383362,26.7125902,-4.7808,-4.7808,103.66,92.8212766,,,9.0963,58.841,,155.21,,,295.292315,4.052616,-0.052685,0.87231,0.32323,97.948,353.56,,20.66424,20.46691,58.8901,155.21,622.48,,,506.67,14.91982,1088.3,32.578,,0.1106242,58.8408639,348.96,US-KFS,-95.1907,39.0561,310.0,KS,CST,GRA,Cfa,12.0,1014.0,2018-05-09 12:00:00,12:00:00,129,,0.1489967568987955,1.0094593239115792,0.0,1155.8829774536985,,102.43028767630338,3.505747152335336,2.0645380037574315,63.22265232977242,874.6566623097208,0.1,0.0688470787219066,0.8616343434242411,1.1605851224846455,-0.1254251345295434,-0.0699074075523032,0.8133785703017584,0.7133785703017584,0.6969852104584966,2018-05-09 12:00:00-05:00,US-KFS,0.8616343564971706,1155.882994991041,97.40226597342556,335.0000000000014,0.0,-0.35,2.482472966602632,0.1605122209730418,0.0910291560977648,2.573502122700396,0.0648023238925239,0.1924751571014227,1.7948207692084406,469.907650151902,39.62634139520292,391.8350750123121,40.657183414676,32.80213531182897,20.385813392949,85.200738298658,110.96910821734156,-139.2274609224836,106.299863114977,67.395387769153,30
16,16,16,-95.1899790817251,39.0542569770962,2018-06-10 06:00:00,263.7480054092407,371.5160108184815,2018-06-10,US-KFS,16,275.42002013060386,75.12660000833334,3.2413440937352207,0.8841447368421037,10.997974583333333,324.9304375,US-KFS,54,0,0,LC08_027033_20180610,-95.1907426497166,39.056098523428645,2018-06-10 16:59:27.082000128,0.0296249999999999,0.0377649999999999,0.0743125,0.06356,0.2993725,0.2440425,0.128955,316.0044572,21824.0,0.146158085,0.6497420319205361,0.4218485575977015,0.4099031500146303,316.0044572,0.8186671436623618,0.9581866714366236,0.9727016015740858,-95.19074124099936,39.05604499404296,-0.6497420072555542,0.6497420072555542,1,1,-0.6022719670310556,-316.0044572,316.0044572,318.6668226315405,-318.6668226315405,318.6668226315405,0.7424124831376399,2.2496427782978987,32.77684259317551,541.7588538614164,902.2875680307563,0.7424124831376399,4.618784200269289,2.2496427782978987,350.7560254707774,564.7418396388412,103.56548637586862,0.0300364301133949,0.6119079568129989,245.11715616538507,9.78273309041844,2.17531405106719,11.940789461039715,0.0300364301133949,0.6119079568129989,0.72087200248547,0.1174666956067085,-35.257423400878906,0.3249641975025426,3.4842583769947515,216.0591970975875,0.468495827179556,0,-95.1907426497166,39.056098523428645,206.0300776308122,31.48746679263697,48.70638420748772,3.5650345463828104,326.6249123130352,38.73124583819836,-95.49550179509995,0.878884494304657,499678,300.14826242000004,805321,39.07742318498451,-95.94941712043288,0.3389145135879516,451.2405281123057,128.15373222325437,323.42839664,2018-06-10 16:59:27.082000128+00:00,2018-06-10 17:00:00+00:00,200568.0,201806101200.0,201806101230.0,179.43,0.47221,33.224,4.9505,-13.302,-13.302,-0.0196,,0.65595,,0.16968,20.094,24.607,24.399,0.0,50.6301,97.681,374.75,25.17713167,4.550371781,,,,,143.05,414.38,521.45,18.26121,7.71359,-0.0435,33.2243394,-13.282,-13.282,93.62,168.9316643,,,20.242,57.501,,150.08,,,179.425338,4.950486,-0.0196,0.65595,0.16968,97.681,374.75,,24.60729,24.3992,50.6301,150.08,800.05,,,521.45,18.26121,973.03,20.094,,0.1810322,57.50092,414.38,US-KFS,-95.1907,39.0561,310.0,KS,CST,GRA,Cfa,12.0,1014.0,2018-06-10 12:00:00,12:00:00,161,,0.1981320133508529,1.0154514468044724,0.0,1173.9498552116504,,102.43028767630338,5.093694925157189,2.57894283430201,97.47616573882335,888.3278674436598,0.1,0.084173548041086,0.885522004345405,1.1292774150081335,-0.1257423924444504,-0.0702875039914189,0.8145524291633517,0.7145524291633517,0.6738625009321517,2018-06-10 12:00:00-05:00,US-KFS,0.8855220163124901,1173.9498710765954,97.40226597342551,335.0000000000014,0.0,-0.35,2.5011411385812563,0.1300166710078183,0.0799522178049718,2.581093356386228,0.0648023238925239,0.2619881191649246,2.577126227791336,525.9286092673622,108.35155433775158,379.3973126948336,20.085243299632,23.483081225675,11.933908326157969,94.603044363107,205.3213781170741,-190.320626028425,77.11851774623099,40.750354778226,30
17,17,17,-95.1899790817251,39.0542569770962,2018-07-12 06:00:00,238.22398918151856,326.14,2018-07-12,US-KFS,17,177.6902609559539,39.01640782083333,40.15633439584554,8.817342666666667,6.829584047619048,279.5651977083333,US-KFS,56,0,0,LC08_027033_20180712,-95.1907426497166,39.056098523428645,2018-07-12 16:59:45.914000128,0.0293225,0.0375725,0.0776675,0.0646875,0.34186,0.2623575,0.1294775,313.07179604,21824.0,0.16071829,0.6817715027149349,0.4784804838449341,0.4586177227337783,313.07179604,1.02862781784901,0.96028627817849,0.9733944717989016,-95.19074124099936,39.05604499404296,-0.6817715167999268,0.6817715167999268,1,1,-0.6297382173993361,-313.07179604,313.07179604,315.8775113852912,-315.8775113852912,315.8775113852912,0.7349527186281475,2.5512506215925987,36.88966282529214,523.0696972217004,879.0252424107201,0.7349527186281475,5.242791143860455,2.5512506215925987,384.7325707376352,584.1335198096199,98.1603127283494,0.0394955055048581,0.2931708342436791,149.2337709960751,16.611015610723456,2.222392808064356,24.92288873376065,0.0394955055048581,0.2931708342436791,0.3920352654703273,0.248560294508934,-76.2922134399414,0.5050838272002944,4.478990216434241,336.7394360851954,0.692917698297885,0,-95.1907426497166,39.056098523428645,179.56336509126044,33.74018244356184,48.66206857353508,1.6549248463365516,296.23146347405606,39.63320822478544,-94.75512624573292,0.8850495219230652,476055,306.93645014000003,808288,39.3680923374663,-95.56747195259732,0.3358725011348724,508.3717536362244,136.83981393312692,324.84687494,2018-07-12 16:59:45.914000128+00:00,2018-07-12 17:00:00+00:00,202104.0,201807121200.0,201807121230.0,174.77,0.30438,35.547,2.8537,,-9.7257,,,,,,17.835,26.583,26.099,,33.3424,98.624,,38.68924659,3.046155971,,,,,,445.78,553.15,13.58421,7.68055,-0.171731507,35.5466093,-8.4224,-8.4224,29.322,67.3800997,,,19.005,46.236,,147.06,,,174.767939,2.853719,-0.10946,1.3538,-0.24913,98.624,397.51,,26.58338,26.09893,33.3424,147.06,861.2,,,553.15,13.58421,2070.3,17.835,,0.07489966,46.23626,445.78,US-KFS,-95.1907,39.0561,310.0,KS,CST,GRA,Cfa,12.0,1014.0,2018-07-12 12:00:00,12:00:00,193,,0.1887088210016059,1.0168768530860348,0.0,1164.8213975353844,,102.43028767630338,5.794916622996345,1.932164280105933,55.63582827582383,881.4203637008751,0.1,0.0625889364383034,0.8811047627489921,1.1349388203056152,-0.1252955909842728,-0.0697522056236699,0.8150872820394791,0.7150872820394791,0.7069138008680913,2018-07-12 12:00:00-05:00,US-KFS,0.8811047749304787,1164.821413639322,97.40226597342554,335.0000000000014,0.9972826571874304,0.9963315872030312,2.436657971962516,0.1163831129292446,-0.2098244132459573,2.226833558716559,0.0648023238925239,0.2924604536010056,1.173640979861944,468.7200891189544,171.14566591275698,415.9494334866581,20.251831806337496,24.3155037189367,11.7628900567129,107.0267241942344,213.4434288438544,-197.1532747562381,82.1367337295643,40.5357534717691,30
18,18,18,-95.1899790817251,39.0542569770962,2018-07-28 06:00:00,153.14400270462036,201.35599729537964,2018-07-28,US-KFS,18,149.1765496372198,29.08939134375,86.01655118595177,16.77320681818182,-0.1413997916666666,191.86499791666665,US-KFS,57,1,1,LC08_027033_20180728,-95.1907426497166,39.056098523428645,2018-07-28 16:59:52.544000000,0.0525875,0.064825,0.097605,0.12428,0.2850175,0.3747225,0.2326025,312.1933649,21824.0,0.1809484175,0.3927155675272876,0.2601755572964888,0.2651566181585234,312.1933649,0.3608812628650975,0.9536088126286508,0.9711909081674548,-95.19074124099936,39.05604499404296,-0.392715573310852,0.392715573310852,1,1,-0.4898104528615019,-312.1933649,312.1933649,315.04307161361857,-315.04307161361857,315.04307161361857,0.743457138251172,2.019783497689544,29.64240852309698,513.6271704978153,873.2772478275916,0.743457138251172,2.990446959687352,2.019783497689544,327.22741708564723,513.6788899632027,108.01172847716434,0.0133155892519477,0.322358332453853,284.9670012221899,14.571192644606942,3.6874977089938383,22.666279559827988,0.0133155892519477,0.322358332453853,0.4297320716263012,0.1841109097003936,-54.31536865234375,0.1808926785072309,1.4145810548896671,120.70016026384845,0.2975349540783634,1,-95.1907426497166,39.056098523428645,132.17991232070008,24.03642222696209,67.54119116363493,2.051629852027788,235.0965280736064,38.32957231473415,-95.41817204724812,0.8822260499000549,181898,295.01439638,260819,38.768314912843415,-95.09455461872196,0.3065118789672851,446.5718925720328,113.15265273474292,318.19540802,2018-07-28 16:59:52.544000+00:00,2018-07-28 17:00:00+00:00,202872.0,201807281200.0,201807281230.0,141.97,0.29476,25.179,3.3669,,-2.5058,,-3.0756,-1.5393,88.608,2.7758,8.4497,23.28,23.475,,46.483,98.673,,17.13274374,3.744429781,,239.6856472,616.2121917,281.3067941,73.421,426.77,445.88,10.80844,7.26791,0.00331,25.1786829,,-2.5104,-3.0756,88.6075571,,,11.271,18.987,,56.664,,,141.969505,3.366942,-0.010563,-1.5393,2.7758,98.673,376.57,,23.27962,23.47464,46.483,56.664,320.28,,,445.88,10.80844,,8.4497,,0.0825775,18.98679,426.77,US-KFS,-95.1907,39.0561,310.0,KS,CST,GRA,Cfa,12.0,1014.0,2018-07-28 12:00:00,12:00:00,209,0.2609997395722338,0.1622185330138497,1.015686187977227,0.0,1150.5456527708925,0.244498593708577,102.43028767630338,3.2017105953862988,1.4882511360534132,33.86207548878612,870.617908264651,0.1,0.0498845654122797,0.8682692778134867,1.1517164381518177,-0.1250326105040342,-0.0694371372222245,0.8146436481759836,0.7146436481759836,0.7314605473217722,2018-07-28 12:00:00-05:00,US-KFS,0.8682692905918388,1150.5456697035163,97.40226597342551,335.0000000000014,0.0,-0.35,2.420724530978084,0.1410332777705903,0.0785480966334799,2.499272627611564,0.0648023238925239,0.179435420019006,1.552948542467317,432.2638234960648,42.76209265072398,353.07487721641826,38.799391389772,30.4716333810645,20.2379348796425,88.98057238038575,122.60319447495708,-152.9155734420251,116.98587817874024,72.61695715915225,30
19,19,19,-95.1899790817251,39.0542569770962,2018-08-13 06:00:00,150.3080054092407,192.8480054092408,2018-08-13,US-KFS,19,131.78877184411837,21.4945352125,9.257349586423237,1.5098587222222224,2.6725036170212766,158.3982916666667,US-KFS,58,0,0,LC08_027033_20180813,-95.1907426497166,39.056098523428645,2018-08-13 17:00:02.028999936,0.0507725,0.0624049999999999,0.0952675,0.1139399999999999,0.2848525,0.3672424999999999,0.2229225,315.57036866,21824.0,0.17697794,0.4285750108138945,0.2847677871045783,0.2852368594530996,315.57036866,0.4140884384984282,0.9541408843849842,0.9713664918470448,-95.19074124099936,39.05604499404296,-0.4285750091075897,0.4285750091075897,1,1,-0.4987503946122277,-315.57036866,315.57036866,318.40451116822453,-318.40451116822453,318.40451116822453,0.7318153092924817,2.406651894218597,34.91786870685796,536.5132267375166,836.9442765576657,0.7318153092924817,4.060286588871232,2.406651894218597,352.02272045229336,488.1896456761425,109.15382252871544,0.0149063370679578,0.4592708884402408,345.1439441144793,11.604007140318885,3.607644260872469,15.90926894289693,0.0149063370679578,0.4592708884402408,0.576804499082598,0.1970948576927185,-59.148250579833984,0.0509619512640625,0.4200397861699695,33.89187903294766,0.0894160313173494,0,-95.1907426497166,39.056098523428645,130.170746799449,29.234519538392764,59.27295626902168,2.8887018713654364,212.21062095346355,39.66179049840961,-95.07092714881487,0.8973578214645386,162243,300.10041014,256547,38.8578038602784,-95.16770325750456,0.3817733228206634,456.254040018757,110.3442038441775,319.10801936,2018-08-13 17:00:02.028999936+00:00,2018-08-13 17:00:00+00:00,203640.0,201808131200.0,201808131230.0,134.57,,30.365,3.9943,,-6.5123,0.086864,,0.74723,78.79,-0.099662,12.209,24.798,24.638,,31.9729,97.434,408.88,29.49349754,3.097469341,,,,,92.928,427.04,516.69,9.89633,7.13828,-0.083319283,30.365078,,-7.385,97.127,78.7896527,,,10.312,37.34,,130.47,,,134.574376,3.994315,0.086864,0.74723,-0.099662,97.434,408.88,,24.79778,24.63815,31.9729,130.47,373.33,,,516.69,9.89633,1523.8,12.209,,0.1520679,37.33986,427.04,US-KFS,-95.1907,39.0561,310.0,KS,CST,GRA,Cfa,12.0,1014.0,2018-08-13 12:00:00,12:00:00,225,,0.1235122296640348,1.013314260100585,0.0,1129.5150688755289,,102.43028767630338,4.332708784872409,1.3852926470784703,29.61943329253016,854.7040663532944,0.1,0.0456401498090262,0.8484218085596104,1.1786589994636374,-0.1249447511010468,-0.0693318757152638,0.8132933663023939,0.7132933663023939,0.7353097059902358,2018-08-13 12:00:00-05:00,US-KFS,0.848421822193836,1129.515087026952,97.40226597342556,334.99999999999267,0.979221124018512,0.9719485174249912,2.3200095346178493,0.1228125760393007,-0.2035890826265106,2.1164204519913388,0.0648023238925239,0.2342187806061703,2.1743824771796265,413.0741484869562,12.33246078379192,379.7092428377576,35.95608780512037,30.06360009631655,19.693168856227267,89.89100843872265,135.24557416100416,-157.39084589710117,115.89085111262,70.34773550760885,30
20,20,20,-95.1899790817251,39.0542569770962,2018-10-16 06:00:00,79.40799864768982,116.27599729537964,2018-10-16,US-KFS,20,73.89322933315724,36.8206099,17.300211091350082,8.62060475,-13.528455083333334,98.83475,US-KFS,61,0,0,LC08_027033_20181016,-95.1907426497166,39.056098523428645,2018-10-16 17:00:27.766000128,0.02759,0.033365,0.0627349999999999,0.0621574999999999,0.2774825,0.231145,0.1248575,290.77605158,21824.0,0.1357633875,0.6339800965728419,0.3844567522979025,0.3846737887666144,290.77605158,0.7238920734292776,0.9572389207342928,0.9723888438423166,-95.19074124099936,39.05604499404296,-0.6339800953865051,0.6339800953865051,1,1,-0.6312065076017549,-290.77605158,290.77605158,293.05543572364417,-293.05543572364417,293.05543572364417,0.7459976229817229,0.6715732727938136,11.257786195222966,388.0055585987452,655.3541697334857,0.7459976229817229,1.294970376313415,0.6715732727938136,291.5303870606229,457.439742110634,36.822699000700254,0.026065744261003,0.4094154720277453,414.7378789348372,11.999915700234814,4.048610526170876,17.84657537647684,0.026065744261003,0.4094154720277453,0.540890416352689,0.6361820697784424,-182.38800048828125,0.0086246792420265,0.0435719941319214,5.879164175096548,0.0139774749297544,0,-95.1907426497166,39.056098523428645,88.54012044909504,10.795434312840891,51.86012630695702,2.423710669371101,196.4982874882241,38.757976599705984,-95.27169812018158,0.854886531829834,535751,286.69151768,822055,39.19150916234172,-94.54782338285403,0.1331502050161361,437.4673905606529,46.95011167930759,293.11397726,2018-10-16 17:00:27.766000128+00:00,2018-10-16 17:00:00+00:00,206712.0,201810161200.0,201810161230.0,237.42,,13.762,3.9894,,-3.949,,,2.0782,,,-5.0826,10.649,10.722,,,,,,33.61947253,,,,,,271.81,418.21,,3.33361,-0.121801064,13.7622273,,-3.6855,144.96,63.1094871,,,4.9598,42.366,,145.94,,,237.423863,3.989426,-0.081223,2.0782,0.16315,97.328,413.46,,10.64923,10.72181,70.2862,145.94,74.844,,,418.21,17.30234,,-5.0826,,,42.36647,271.81,US-KFS,-95.1907,39.0561,310.0,KS,CST,GRA,Cfa,12.0,1014.0,2018-10-16 12:00:00,12:00:00,289,,-0.0863360741337779,0.9965998311699767,0.0,990.3425472073552,,102.43028767630338,1.5740813827168436,,,749.392224101252,0.1,,0.7195459641434278,1.3897652823199895,,,,,,2018-10-16 12:00:00-05:00,US-KFS,0.7195459820309142,990.3425718266844,97.40226597342554,335.0000000000014,0.8745142378805085,0.8305942211386866,1.8166417585012224,0.2252705959801118,-0.2481207813185914,1.568520977182631,0.0648023238925239,0.0862172653241571,1.768081011339809,211.2766012185719,2.209675175447565,293.47545729186936,18.073912426083822,18.241835595871272,9.7017429609667,80.68526573254735,184.34622926175803,-183.53973601203955,67.2114304424591,36.30557086014985,30
