,Unnamed: 0.2,Unnamed: 0.1,Unnamed: 0,id,longitude,latitude,date,UB,B,GR,R,NIR,SWIR_1,SWIR_2,ST_B10,pixel_qa,ALFA,NDVI_model,EVI,SAVI,T_LST,LAI,e_0,e_NB,longitude.1,latitude.1,NDVI_neg,pos_NDVI,int,sd_ndvi,NDWI,LST_neg,LST_NW,T_LST_DEM,LST_neg_1,LST_NW_1,Tao_sw,EA,W_ATM,Rl_up,Rs_down,Tao_sw_1,ES,EA_1,Rl_down,Rn,Ginst,zom,u_fr,Hinst,rah,dT,rah_first,zom_1,u_fr_1,ufric_star,constant,constant_1,ET_inst,ET_24h,LEinst,EF,id.1,longitude.2,latitude.2,Rn24h_G,AirT_G,RH_G,ux_G,SW_Down,cold_pixel_lat,cold_pixel_lon,cold_pixel_ndvi,cold_pixel_sum,cold_pixel_temp,hot_pixel_sum,hot_pixel_lat,hot_pixel_lon,hot_pixel_ndvi,hot_pixel_Rn,hot_pixel_G,hot_pixel_temp,LE_daily_orig,Datetime_Local_sebal,Datetime_GMT,Date_daily,LE_closed,LE_unclosed,H_closed,H_unclosed,G_unclosed,Rn_unclosed,Residual_unclosed,Residual_closed,TIMESTAMP_START,TIMESTAMP_END,TAU,H_inst_af,LE_inst_af,FC,WS,WS_MAX,WD,USTAR,MO_LENGTH,ZL,T_SONIC,CO2_MIXING_RATIO,CO2,H2O_MIXING_RATIO,H2O,U_SIGMA,V_SIGMA,W_SIGMA,T_SONIC_SIGMA,FETCH_MAX,FETCH_70,FETCH_80,FETCH_90,TA,PA,Rn_inst_af,G_inst_af,G_2_1_1,SWC_1_1_1,TS_1_1_1,TS_2_1_1,PPFD_IN,P_RAIN,PPFD_IN_1_1_1,P_RAIN_1_1_1,State,Veg,MAT,MAP,Lat,Long,Elev_insitu,Name,Datetime,Datetime_Local_flux,Date
0,0,0,0,LC08_018031_20150110,-80.63695706863942,41.822190946289474,2015-01-10 16:04:14.756999936,,,,,,,,,,,,,,,,,,-80.63683523290953,41.822296024218616,,,1,1,,,,,,,0.711317722346622,0.137444504864384,3.988381735506541,,397.2153689834332,0.711317722346622,0.2007146182548911,0.137444504864384,191.3126633732513,,,,,,,,,,,,0.0479415655136108,-12.328808784484863,,,,,0,-80.63695706863942,41.822190946289474,,-14.365956070880806,68.47757580359234,4.108868816288736,102.49318128789272,41.81771168257573,-79.40298170047888,0.8956158757209778,381,257.1632429,2,42.39984574150011,-79.81697755614476,0.0175620168447494,158.24504607584493,2.32118769807662,274.30119518,,2015-01-10 16:04:14.756999936+00:00,2015-01-10 16:00:00+00:00,,,,,,,,,,,,,,,,,,,,,,,,,,,,,,,,,,,,,,,,,,,,,,,,,,,,,,US-Mi3,,,2015-01-10
1,1,0,0,LC08_018031_20150227,-80.63695706863942,41.822190946289474,2015-02-27 16:03:58.680999936,,,,,,,,,,,,,,,,,,-80.63683523290953,41.822296024218616,,,1,1,,,,,,,0.7691205241294683,0.119684733252322,3.744376139414675,,625.8151618118873,0.7691205241294683,0.2055669337800109,0.119684733252322,199.51720488119244,,,,,,,,,,,,0.4537912607192993,-118.62330627441406,,,,,0,-80.63695706863942,41.822190946289474,,-14.075887951542342,58.221782585132885,1.7736590661263691,201.0407037320333,41.44733853224808,-79.57335143109319,0.9459835290908812,174,261.40500572,185,41.60755472715144,-81.48809085095165,0.0059036798775196,284.92142407565603,-3.813817538906202,269.46469688,,2015-02-27 16:03:58.680999936+00:00,2015-02-27 16:00:00+00:00,,,,,,,,,,,,,,,,,,,,,,,,,,,,,,,,,,,,,,,,,,,,,,,,,,,,,,US-Mi3,,,2015-02-27
2,2,0,0,LC08_018031_20150502,-80.63695706863942,41.822190946289474,2015-05-02 16:03:23.951000064,,,,,,,,,,,,,,,,,,-80.63683523290953,41.822296024218616,,,1,1,,,,,,,0.7729551761296458,0.8350628341156034,13.57312077336356,,890.7145666393632,0.7729551761296458,1.6771792841439397,0.8350628341156034,305.33974697539725,,,,,,,,,,,,0.5013903975486755,-145.84030151367188,,,,,0,-80.63695706863942,41.822190946289474,,14.7415728724581,49.78971789183728,1.5736268454889175,314.3808805991216,41.8464585843753,-80.40505859799087,0.7633761167526245,259539,290.87175614,448283,41.089732076350266,-80.6419702942877,0.0707976594567298,593.9689069816854,93.0781559256915,303.72009332,,2015-05-02 16:03:23.951000064+00:00,2015-05-02 16:00:00+00:00,,,,,,,,,,,,,,,,,,,,,,,,,,,,,,,,,,,,,,,,,,,,,,,,,,,,,,US-Mi3,,,2015-05-02
3,3,1,1,LC08_018031_20150518,-80.63695706863942,41.822190946289474,2015-05-18 16:03:13.723000064,,,,,,,,,,,,,,,,,,-80.63683523290953,41.822296024218616,,,1,1,,,,,,,0.7426737850649401,2.032250130742685,30.021553012700466,,880.6369924741155,0.7426737850649401,2.805213152304624,2.032250130742685,315.9986366278176,,,,,,,,,,,,0.1425362974405288,-41.681453704833984,,,,,1,-80.63695706863942,41.822190946289474,,22.97512309649781,72.44547991203768,2.7102481418559354,232.15051601282835,41.46045477687039,-79.56336530661834,0.8696771264076233,85671,292.42695524,5635,41.68658762964976,-81.29006473165185,0.0956098288297653,408.5479171000478,104.10504846933044,315.04399358,,2015-05-18 16:03:13.723000064+00:00,2015-05-18 16:00:00+00:00,,,,,,,,,,,,,,,,,,,,,,,,,,,,,,,,,,,,,,,,,,,,,,,,,,,,,,US-Mi3,,,2015-05-18
4,4,0,0,LC08_018031_20150705,-80.63695706863942,41.822190946289474,2015-07-05 16:03:38.790999808,0.0288549999999999,0.040185,0.08072,0.06147,0.348185,0.215965,0.1184775,297.36941216,21824.0,0.157120245,0.6998938130866216,0.5063426384598947,0.4727863860474575,297.36941216,1.0980673312799325,0.9609806733127992,0.9736236221932236,-80.63683523290953,41.822296024218616,-0.6998938322067261,0.6998938322067261,1,1,-0.6235996316200557,-297.36941216,297.36941216,299.3195849660398,-299.3195849660398,299.3195849660398,0.7548905998263269,1.5851949793689395,23.879359234555075,426.0718969193312,898.8156840583434,0.7548905998263269,2.835637544487854,1.5851949793689395,316.83096406066164,635.9900798192807,63.17388611306756,0.0427690524980307,0.0622268137636089,89.45105565925068,27.618412255350528,2.0739281750482803,117.41986516610038,0.0427690524980307,0.0622268137636089,0.1277101415999363,0.3277043402194977,-96.01439666748048,0.7133915987964018,5.801509501425761,483.3651380469625,0.8438398623466143,0,-80.63695706863942,41.822190946289474,194.09621330719497,23.15355988381661,55.90259525412097,0.3479860426075877,321.5619736572167,42.06462936232057,-79.67600632263927,0.872681736946106,173315,292.99092854,292602,41.352049545069946,-81.52096410392785,0.3017598688602447,570.7898480027332,113.27235339408628,311.63280962,164.53080946043457,2015-07-05 16:03:38.790999808+00:00,2015-07-05 16:00:00+00:00,2015-07-05,98.90086568442928,80.314655125,44.74179993030851,36.333577125,13.391597291666663,171.461081875,41.42125233333332,14.426818968595532,201507051200.0,201507051230.0,-0.0485,128.159,221.393,-20.2062,0.999087,4.4246,96.86,0.206324,-5.89948,-0.516995,25.0701,355.428,350.09,15.2469,15.0179,0.908421,0.914089,0.380092,0.601732,19.4733,35.6034,42.6082,53.3404,24.8714,-9999.0,572.385,48.0799,-9999.0,39.7456,-9999.0,22.9576,1632.55,0.0,-9999.0,-9999.0,OH,CVM,10.5,1012.7,41.8222,-80.637,270.0,US-Mi3,2015-07-05 12:00:00,2015-07-05 12:00:00-04:00,2015-07-05
5,5,1,1,LC08_018031_20150721,-80.63695706863942,41.822190946289474,2015-07-21 16:03:46.801000192,0.0299274999999999,0.0333374999999999,0.06301,0.042935,0.3625675,0.2070275,0.0998324999999999,302.5374584,21824.0,0.15289652,0.7882380503202816,0.5832087268056239,0.529483629255579,302.5374584,1.430468792443485,0.9643046879244348,0.9747205470150636,-80.63683523290953,41.822296024218616,-0.7882380485534668,0.7882380485534668,1,1,-0.7038847213492254,-302.5374584,302.5374584,304.5237750256108,-304.5237750256108,304.5237750256108,0.7467600063889942,1.830736780088056,27.252914635979625,458.0511241624942,874.1916562149663,0.7467600063889942,2.3289796326736854,1.830736780088056,332.6997879446217,603.3036351906313,58.028999124111614,0.0588183143766299,0.5834605980887705,192.3778568829363,10.249639928832952,1.6919303780682853,12.522977739667915,0.0588183143766299,0.5834605980887705,0.6907287834103917,0.20675690472126,-61.27046203613281,0.5234721348486433,3.825606181770633,352.8967791835835,0.6471908939856365,1,-80.63695706863942,41.822190946289474,166.03924383211265,19.93562625662622,78.60681795599717,3.139806419569985,280.22501397531573,42.26959461062911,-79.43200032433971,0.9120170474052428,204029,296.34058814,5700,42.09476249790494,-80.14662260665438,0.0838257372379303,502.6780600839782,112.92269668210704,315.55669658,108.49419131501514,2015-07-21 16:03:46.801000192+00:00,2015-07-21 16:00:00+00:00,2015-07-21,121.67039734153188,100.55710610416668,57.89864044480968,47.85157160416667,8.475034166666665,174.01263125,17.128919374999988,-14.031440703008222,201507211200.0,201507211230.0,-0.22931,161.078,223.46,-18.4133,3.58061,8.50399,340.823,0.447039,-47.7514,-0.0639,23.0966,356.823,351.011,16.5587,16.289,1.3073,1.52806,0.598549,0.614754,25.1366,45.9578,54.9997,68.8531,22.6183,-9999.0,613.147,13.0621,-9999.0,31.2806,-9999.0,24.3337,1755.67,0.0,-9999.0,-9999.0,OH,CVM,10.5,1012.7,41.8222,-80.637,270.0,US-Mi3,2015-07-21 12:00:00,2015-07-21 12:00:00-04:00,2015-07-21
6,6,0,0,LC08_018031_20150806,-80.63695706863942,41.822190946289474,2015-08-06 16:03:48.964000000,,,,,,,,,,,,,,,,,,-80.63683523290953,41.822296024218616,,,1,1,,,,,,,0.7566592683066489,1.3250598177867507,20.305302284227764,,862.9124501970393,0.7566592683066489,2.392911223449601,1.3250598177867507,299.4600785889502,,,,,,,,,,,,3.125621795654297,-903.129638671875,,,,,0,-80.63695706863942,41.822190946289474,,20.37361918665352,55.37438266834469,1.529130374867609,254.17366516291185,42.31248044695484,-79.46660952929216,0.8878191709518433,69995,288.94399286,1513,42.30049753130582,-80.09216825216805,0.0457723326981067,635.3753080360458,59.01817900448016,290.76921554,,2015-08-06 16:03:48.964000+00:00,2015-08-06 16:00:00+00:00,,,,,,,,,,,,,,,,,,,,,,,,,,,,,,,,,,,,,,,,,,,,,,,,,,,,,,US-Mi3,,,2015-08-06
7,7,1,1,LC08_018031_20150822,-80.63695706863942,41.822190946289474,2015-08-22 16:03:57.690000128,,,,,,,,,,,,,,,,,,-80.63683523290953,41.822296024218616,,,1,1,,,,,,,0.752887323891124,1.2835931782019665,19.735582564243305,,826.3209967456315,0.752887323891124,2.6348503005115305,1.2835931782019665,324.562804996142,,,,,,,,,,,,0.2948339283466339,-86.88753509521484,,,,,1,-80.63695706863942,41.822190946289474,,21.943565372666622,48.7159812438972,0.942433490966092,290.8063258104846,41.82572094049013,-79.47539238949584,0.9339460134506226,284784,294.69993854,405449,42.14362366154074,-80.00691684701356,0.1866725534200668,491.4100647840388,100.77856761674975,313.71780182,,2015-08-22 16:03:57.690000128+00:00,2015-08-22 16:00:00+00:00,,,,,,,,,,,,,,,,,,,,,,,,,,,,,,,,,,,,,,,,,,,,,,,,,,,,,,US-Mi3,,,2015-08-22
8,8,0,0,LC08_018031_20150907,-80.63695706863942,41.822190946289474,2015-09-07 16:04:03.328999936,0.005865,0.0095774999999999,0.0233275,0.0103199999999999,0.1128124999999999,0.0406249999999999,0.018625,301.95297698,21824.0,0.0439273575,0.832375692851197,0.2323247434890476,0.246719196960518,301.95297698,0.3141968140188178,0.953141968140188,0.971036849486262,-80.63683523290953,41.822296024218616,-0.832375705242157,0.832375705242157,1,1,-0.6573013074775965,-301.95297698,301.95297698,303.65893031390954,-303.65893031390954,303.65893031390954,0.7258684024537428,2.0552369412607665,30.337374101238883,449.2601670769057,754.5255879136807,0.7258684024537428,3.8627865252428495,2.0552369412607665,350.40394400076605,606.1058104225675,40.3944472095071,0.0120049272046262,0.3668582495208529,78.76393248244422,15.949142524137796,1.0768467145071554,19.916859144866187,0.0120049272046262,0.3668582495208529,0.4359018087773834,0.2640586197376251,-79.1069107055664,0.7217099816625384,4.632457125487477,486.9474307306162,0.8607701071530716,0,-80.63695706863942,41.822190946289474,151.29771088061446,28.3729224377014,53.206071001595305,2.360003281262677,235.62493421560765,42.3629299689173,-79.34479778454623,0.8902174234390259,292191,299.5808711,413263,42.14362366154074,-80.00691684701356,0.2684855461120605,464.2813904852301,93.254568590626,314.35355354,131.37648407882483,2015-09-07 16:04:03.328999936+00:00,2015-09-07 16:00:00+00:00,2015-09-07,108.8262806685036,82.48387391666667,21.891344604812502,16.592342375,6.918216291666667,142.43840291666666,36.44397033333334,4.802561351683902,201509071200.0,201509071230.0,-0.153608,44.591,262.857,-11.4337,2.06223,7.37127,248.663,0.369205,-97.7196,-0.0312,30.8429,395.188,386.287,23.0442,22.5251,1.08287,1.24411,0.530089,0.560049,23.7709,43.4608,52.0115,65.1122,29.1458,98.6209,267.846,21.2802,-9999.0,19.8244,-9999.0,23.6296,820.605,0.0,-9999.0,-9999.0,OH,CVM,10.5,1012.7,41.8222,-80.637,270.0,US-Mi3,2015-09-07 12:00:00,2015-09-07 12:00:00-04:00,2015-09-07
9,9,1,1,LC08_018031_20150923,-80.63695706863942,41.822190946289474,2015-09-23 16:04:10.952000000,0.02121,0.0251424999999999,0.0602325,0.036555,0.405825,0.1832675,0.0769524999999999,297.6155096,21824.0,0.157903555,0.8347348433473485,0.6426171766575101,0.5877724484815043,297.6155096,1.926287155089873,0.9692628715508986,0.9763567476117966,-80.63683523290953,41.822296024218616,-0.8347348570823669,0.8347348570823669,1,1,-0.7415233098920198,-297.6155096,297.6155096,299.13109530779286,-299.13109530779286,299.13109530779286,0.7306413307663107,1.4604250195401989,22.16511599498025,431.1683512327668,705.0503557798925,0.7306413307663107,2.497204925645613,1.4604250195401989,324.6329399597557,477.2067025008691,32.29155143679312,0.0816169074335746,0.2574821098206141,80.79841220605205,19.252047993921604,1.308764105896728,28.377366050517068,0.0816169074335746,0.2574821098206141,0.3455271740187053,0.2576012909412384,-75.74779510498047,0.5372965879867211,3.2384258402013657,364.116738858024,0.8183959075953887,1,-80.63695706863942,41.822190946289474,111.73412367567204,21.06664769172435,58.48238582833281,1.3297825608606963,225.4431642761993,42.00953253358576,-79.72569596870994,0.8979082703590393,204685,294.05051474,361971,42.14374843061526,-80.02143707927405,0.0500748306512832,401.41756387007615,78.52699316176827,311.6806619,91.84175682811072,2015-09-23 16:04:10.952000+00:00,2015-09-23 16:00:00+00:00,,,,,,,,,,,,,,,,,,,,,,,,,,,,,,,,,,,,,,,,,,,,,,,,,,,,,,US-Mi3,,,2015-09-23
10,10,0,0,LC08_018031_20151025,-80.63695706863942,41.822190946289474,2015-10-25 16:04:16.966000128,0.0184324999999999,0.031055,0.084515,0.10547,0.3942199999999999,0.2246274999999999,0.11757,287.10168008,21824.0,0.177011325,0.5778582721287198,0.4023543477261231,0.4332593103862197,287.10168008,0.9143471991286768,0.9591434719912868,0.9730173457571246,-80.63683523290953,41.822296024218616,-0.5778582692146301,0.5778582692146301,1,1,-0.6469236634045975,-287.10168008,287.10168008,288.38287736745286,-288.38287736745286,288.38287736745286,0.724035219202447,0.7808502942479635,12.828282191257395,369.49585422349975,564.0270506507686,0.724035219202447,1.2067071140543413,0.7808502942479635,281.9947096513236,365.1654057538795,25.317883271539056,0.0342495218269106,0.5856474131811201,262.0305895960032,10.03655274590797,2.11758230951844,12.47621677717427,0.0342495218269106,0.5856474131811201,0.6992075758130983,0.4519393742084503,-128.2139892578125,0.1136458258516806,0.2033420034801435,77.81693288633721,0.2289760193569774,0,-80.63695706863942,41.822190946289474,25.33649153024165,9.73970058066104,64.7091813045199,3.3611649856855963,82.86720730086218,41.78571918110893,-80.47205019404386,0.7959142923355103,50082,283.69733216,76818,41.120343040137925,-81.48553569220289,0.2755284309387207,389.0694529584501,34.693158694765906,292.00653878,5.766779218696869,2015-10-25 16:04:16.966000128+00:00,2015-10-25 16:00:00+00:00,,,,,,,,,,,,,,,,,,,,,,,,,,,,,,,,,,,,,,,,,,,,,,,,,,,,,,US-Mi3,,,2015-10-25
11,11,0,0,LC08_018031_20151126,-80.63695706863942,41.822190946289474,2015-11-26 16:04:20.920999936,,,,,,,,,,,,,,,,,,-80.63683523290953,41.822296024218616,,,1,1,,,,,,,0.6899239569133901,0.686271994156578,11.528849124478532,,416.8752789952038,0.6899239569133901,1.272167512370163,0.686271994156578,272.9272744941274,,,,,,,,,,,,0.6100512146949768,-171.1244354248047,,,,,0,-80.63695706863942,41.822190946289474,,10.528894398873998,53.94509665460575,4.391797781034532,71.81768203249126,41.810128043125154,-79.9095146267746,0.6894946098327637,52149,280.5083195,80476,40.94790362428432,-80.76713170763222,0.2082109749317169,258.3313295635255,19.264691964480942,284.80818866,,2015-11-26 16:04:20.920999936+00:00,2015-11-26 16:00:00+00:00,,,,,,,,,,,,,,,,,,,,,,,,,,,,,,,,,,,,,,,,,,,,,,,,,,,,,,US-Mi3,,,2015-11-26
12,12,0,0,LC08_018031_20160113,-80.63695706863942,41.822190946289474,2016-01-13 16:04:16.525000192,,,,,,,,,,,,,,,,,,-80.63683523290953,41.822296024218616,,,1,1,,,,,,,0.7065123518677746,0.21869800199671,5.10474226284893,,399.9942465261129,0.7065123518677746,0.3089917872528769,0.21869800199671,202.7681937911558,,,,,,,,,,,,0.0526407733559608,-13.7294340133667,,,,,0,-80.63695706863942,41.822190946289474,,-9.008141291336276,70.77793359527998,3.720381953711489,57.50919701747034,41.21580721450379,-79.86970059809519,0.9380457997322084,712,260.81368826,340,42.51498199188647,-81.46185725843392,0.0127106448635458,88.90554216908548,-0.6404379995225444,270.90026528,,2016-01-13 16:04:16.525000192+00:00,2016-01-13 16:00:00+00:00,,,,,,,,,,,,,,,,,,,,,,,,,,,,,,,,,,,,,,,,,,,,,,,,,,,,,,US-Mi3,,,2016-01-13
13,13,0,0,LC08_018031_20160214,-80.63695706863942,41.822190946289474,2016-02-14 16:04:08.158999808,,,,,,,,,,,,,,,,,,-80.63683523290953,41.822296024218616,,,1,1,,,,,,,0.7499369805534739,0.1522432828885932,4.191705558138127,,543.8658895219096,0.7499369805534739,0.2547341022323278,0.1522432828885932,194.6982305101948,,,,,,,,,,,,0.4025737643241882,-104.37754821777344,,,,,0,-80.63695706863942,41.822190946289474,,-11.437625007464089,59.76556792138541,0.78889596123403,147.8555819396031,42.37120649131555,-79.31944010089212,0.9050276279449464,800,259.27557926,1,42.369106108716935,-81.52017673619605,0.0233302041888237,359.9655487223841,-2.013110840494155,270.6302417,,2016-02-14 16:04:08.158999808+00:00,2016-02-14 16:00:00+00:00,,,,,,,,,,,,,,,,,,,,,,,,,,,,,,,,,,,,,,,,,,,,,,,,,,,,,,US-Mi3,,,2016-02-14
14,14,0,0,LC08_018031_20160317,-80.63695706863942,41.822190946289474,2016-03-17 16:04:00.380999936,,,,,,,,,,,,,,,,,,-80.63683523290953,41.822296024218616,,,1,1,,,,,,,0.7631017507641824,0.4756591609623658,8.63519085956891,,717.2420080906053,0.7631017507641824,1.2329688215528287,0.4756591609623658,282.9654909457888,,,,,,,,,,,,0.2532783448696136,-72.20413970947266,,,,,0,-80.63695706863942,41.822190946289474,,10.060730137233868,38.578360835054205,4.44198409009161,225.16710948203863,40.88444968486623,-79.92129230414105,0.7684211730957031,93886,285.07821224,149501,42.109593555785786,-80.10723473739397,0.1758281886577606,463.23560074286087,57.231394951527406,296.31324398000004,,2016-03-17 16:04:00.380999936+00:00,2016-03-17 16:00:00+00:00,2016-03-17,48.88514575363882,34.349738583333334,66.54181168647038,46.75640833333333,-1.1581201458333334,114.63709645833336,34.689069687500016,0.368259164057477,201603171200.0,201603171230.0,-0.794664,172.043,81.4027,-0.154699,5.07536,17.7626,263.258,0.817536,-272.179,-0.0112,12.5779,402.993,400.849,5.35047,5.32199,2.51921,2.45895,1.18524,0.541201,23.587,43.1245,51.609,64.6084,12.4488,97.6661,269.702,22.5976,33.1395,53.3961,9.65342,9.7068,825.62,0.0,-9999.0,-9999.0,OH,CVM,10.5,1012.7,41.8222,-80.637,270.0,US-Mi3,2016-03-17 12:00:00,2016-03-17 12:00:00-04:00,2016-03-17
15,15,0,0,LC08_018031_20160418,-80.63695706863942,41.822190946289474,2016-04-18 16:03:45.365999872,0.0805825,0.1083299999999999,0.162285,0.220915,0.350605,0.431345,0.3014075,305.79483145999995,21824.0,0.24366951,0.2269211926091824,0.1739759178373273,0.1815505076900104,305.79483145999995,0.1634688496356029,0.951634688496356,0.9705394472037976,-80.63683523290953,41.822296024218616,-0.2269211858510971,0.2269211858510971,1,1,-0.3671742478894109,-305.79483145999995,305.79483145999995,307.4712759465256,-307.4712759465256,307.4712759465256,0.7691986175089132,0.8028828113912477,13.130992023139472,471.8173271803177,852.7617218525346,0.7691986175089132,1.929101046363101,0.8028828113912477,339.24338388555645,495.9881357100346,95.13433982727874,0.0083233859084704,0.1896037981346838,315.47300504646137,17.369291747479718,4.700648362173297,38.536485839006026,0.0083233859084704,0.1896037981346838,0.2855316642192221,0.5242116451263428,-156.4793701171875,0.1270144541775326,1.1006305821421227,85.38079083629458,0.2129973364684496,0,-80.63695706863942,41.822190946289474,144.73154176730137,16.929598242336233,41.61953117515061,1.265678793231189,301.3600946725248,40.98075693719163,-80.62116382258976,0.7480683922767639,363394,298.5041948,505590,41.186490131692736,-80.97018984407842,0.1729410588741302,558.8718093698396,104.80680002306266,310.1938232,31.2138833095506,2016-04-18 16:03:45.365999872+00:00,2016-04-18 16:00:00+00:00,2016-04-18,55.77795990906707,40.13769308333333,77.90220252768886,56.05824775,16.133808541666667,159.49506020833334,47.16531083333334,9.68108922991074,201604181200.0,201604181230.0,-0.161748,191.983,90.9505,0.596469,2.69351,7.4695,312.871,0.372771,-23.4171,-0.130247,23.2108,412.98,410.088,7.05138,7.00201,1.25069,1.58173,0.534666,0.786005,23.7902,43.4961,52.0537,65.165,23.3808,99.339,584.359,55.1117,48.0669,43.5292,14.1883,14.6749,1687.56,0.0,-9999.0,-9999.0,OH,CVM,10.5,1012.7,41.8222,-80.637,270.0,US-Mi3,2016-04-18 12:00:00,2016-04-18 12:00:00-04:00,2016-04-18
16,16,0,0,LC08_018031_20160504,-80.63695706863942,41.822190946289474,2016-05-04 16:03:48.750000128,,,,,,,,,,,,,,,,,,-80.63683523290953,41.822296024218616,,,1,1,,,,,,,0.774333303114789,0.8226289126022202,13.40228825947177,,898.329526072652,0.774333303114789,1.621557063770173,0.8226289126022202,300.8120508681111,,,,,,,,,,,,0.4114807546138763,-119.26056671142578,,,,,0,-80.63695706863942,41.822190946289474,,14.219866340598106,50.73080257130027,0.7308094862347458,267.9054541822194,41.62980528825137,-79.98783155461143,0.8600283265113831,82321,289.83267806000003,14225,41.52537873363224,-81.6568348990155,0.0340721830725669,259.4448544238211,53.19141883111708,297.5642393,,2016-05-04 16:03:48.750000128+00:00,2016-05-04 16:00:00+00:00,,,,,,,,,,,,,,,,,,,,,,,,,,,,,,,,,,,,,,,,,,,,,,,,,,,,,,US-Mi3,,,2016-05-04
17,17,1,1,LC08_018031_20160520,-80.63695706863942,41.822190946289474,2016-05-20 16:03:47.411000064,0.0602874999999999,0.0868249999999999,0.1384699999999999,0.1659425,0.3366625,0.329815,0.2220425,293.89328582,21824.0,0.2070410775,0.3396703176450693,0.2538768566380947,0.2554146448501654,293.89328582,0.3359672164323658,0.9533596721643236,0.9711086918142268,-80.63683523290953,41.822296024218616,-0.339670330286026,0.339670330286026,1,1,-0.4171310108232967,-293.89328582,293.89328582,295.64426921276635,-295.64426921276635,295.64426921276635,0.7703058026853707,1.0299870166144387,16.251229049882426,403.27239426150953,916.7613895448758,0.7703058026853707,2.000885872326266,1.0299870166144387,297.5108839100208,607.3166081313735,71.89237708660525,0.0126061599957262,0.1275764938965705,-8.506914485087117e-75,3.6059337360777058e+78,-28.785030428194432,57.272808325981245,0.0126061599957262,0.1275764938965705,8.904344273969603e-41,-4.269957065582275,1233.603271484375,0.7874236262286262,5.8622495319166905,535.4242310447682,1.0,1,-80.63695706863942,41.822190946289474,166.0896764708215,17.50711879187008,51.47655000517131,0.8165751845346572,302.5470575129609,42.00949226121916,-79.72207391200013,0.8150776028633118,183667,288.90297662,4467,42.24002908306876,-79.48363649647476,0.0655486360192298,793.4732270884548,50.99967344289544,285.50888276,166.25339672515733,2016-05-20 16:03:47.411000064+00:00,2016-05-20 16:00:00+00:00,,,,,,,,,,,,,,,,,,,,,,,,,,,,,,,,,,,,,,,,,,,,,,,,,,,,,,US-Mi3,,,2016-05-20
18,18,0,0,LC08_018031_20160605,-80.63695706863942,41.822190946289474,2016-06-05 16:03:52.428000000,,,,,,,,,,,,,,,,,,-80.63683523290953,41.822296024218616,,,1,1,,,,,,,0.7450391292085239,2.026634751577108,29.94440202390915,,895.697551837703,0.7450391292085239,2.330295518486217,2.026634751577108,325.9711022937013,,,,,,,,,,,,0.509874701499939,-150.30014038085938,,,,,0,-80.63695706863942,41.822190946289474,,19.944746730615023,86.96900180684509,2.786968358999608,210.3178621665666,41.60930302034927,-81.29115846626473,0.9136167764663696,52300,294.778553,21980,41.08096593518729,-81.52917488032809,0.1093785390257835,514.9058797963343,97.55417329326268,303.04332536,,2016-06-05 16:03:52.428000+00:00,2016-06-05 16:00:00+00:00,2016-06-05,85.97422967805367,67.51763739130435,-20.031116509985285,-15.730919208333331,2.337700125,83.5710294375,29.44661112952899,15.290216144431614,201606051200.0,201606051230.0,-0.203493,120.372,225.873,-14.9854,2.62971,6.93153,206.17,0.422953,-53.792,-0.0474,23.9933,401.692,393.824,19.9773,19.586,1.16227,1.10784,0.617315,0.683881,19.6146,35.8618,42.9174,53.7275,22.0784,97.1167,519.145,12.0947,12.6976,25.4694,21.0003,21.2091,1440.81,0.0,-9999.0,-9999.0,OH,CVM,10.5,1012.7,41.8222,-80.637,270.0,US-Mi3,2016-06-05 12:00:00,2016-06-05 12:00:00-04:00,2016-06-05
19,19,1,1,LC08_018031_20160621,-80.63695706863942,41.822190946289474,2016-06-21 16:03:56.908000000,0.0277,0.0343825,0.0728274999999999,0.0537699999999999,0.4009025,0.2247374999999999,0.11207,301.32747932,21824.0,0.1692801125,0.7634781078688507,0.5921120523861794,0.5454213355889062,301.32747932,1.5453832825118423,0.9654538328251184,0.9750997648322892,-80.63683523290953,41.822296024218616,-0.7634781002998352,0.7634781002998352,1,1,-0.6925358326472886,-301.32747932,301.32747932,303.21810761468834,-303.21810761468834,303.21810761468834,0.7682864074915883,1.1468677180828255,17.85707995024307,451.30435499422254,922.4421250386256,0.7682864074915883,2.635935516886399,1.1468677180828255,330.7749631341979,634.3346193036241,64.2817067126856,0.0643298134155366,0.1342144631582375,67.52459094102969,26.84570022885947,1.5483178697584208,54.44021389277934,0.0643298134155366,0.1342144631582375,0.210299562249496,0.2337229698896408,-69.32071685791016,0.7444835844600572,6.670929108042981,502.5283216499088,0.8815468012712631,1,-80.63695706863942,41.822190946289474,212.83111805646075,21.95031855040142,43.50894438561686,0.7142995177041618,348.50311550914654,42.26934452821352,-79.41381819907976,0.947780966758728,257151,296.59352162,585852,41.46269960406922,-81.49203233360903,0.2195452153682708,471.483685525149,122.003726674375,316.95808478000004,189.1875495040989,2016-06-21 16:03:56.908000+00:00,2016-06-21 16:00:00+00:00,2016-06-21,183.31609759632065,148.9856054888889,44.81656849212613,36.423552979166665,13.8027509375,220.15047491666667,20.9385655111111,-21.784942109280088,201606211200.0,201606211230.0,-0.0336,138.996,375.634,-21.7283,1.3579,4.39487,238.706,0.171603,-3.13007,-0.814678,25.3257,390.497,386.079,11.4441,11.3146,0.920046,0.742674,0.403638,0.720714,-9999.0,-9999.0,-9999.0,-9999.0,24.7341,98.1265,662.65,47.173,36.3817,25.0222,25.8003,24.8839,1924.73,0.0,-9999.0,-9999.0,OH,CVM,10.5,1012.7,41.8222,-80.637,270.0,US-Mi3,2016-06-21 12:00:00,2016-06-21 12:00:00-04:00,2016-06-21
20,20,0,0,LC08_018031_20160808,-80.63695706863942,41.822190946289474,2016-08-08 16:04:13.479000064,0.027535,0.03067,0.06433,0.0354275,0.4716325,0.19072,0.0808575,302.59898276,21824.0,0.1792052475,0.8602630852364612,0.7499196278295733,0.6497204734573908,302.59898276,2.949757388213369,0.9794975738821337,0.979734199381104,-80.63683523290953,41.822296024218616,-0.8602631092071533,0.8602631092071533,1,1,-0.7599458917368286,-302.59898276,302.59898276,304.5443714706351,-304.5443714706351,304.5443714706351,0.7473182233083667,1.6424493947062295,24.66599084494011,465.6464308329624,847.9550345314724,0.7473182233083667,3.2222003503943584,1.6424493947062295,346.20804971627103,569.460556621979,42.45644926592696,0.1156055932765104,0.3329103364300048,111.04692197646816,15.689426355649818,1.4962520807626165,21.947843855473817,0.1156055932765104,0.3329103364300048,0.435091969366791,0.2864588797092438,-85.7431869506836,0.6170256337081498,4.954305942980891,415.9571853795839,0.7892864203021416,0,-80.63695706863942,41.822190946289474,176.31220368690484,25.28628654282024,50.972913416299946,1.6426346191387626,304.37174217253647,41.39243035306666,-80.0363778943681,0.9313635230064392,359613,299.32110158,517466,41.46269960406922,-81.49203233360903,0.2520050704479217,493.355024503472,115.77900641107964,317.34090302,140.50411654293808,2016-08-08 16:04:13.479000064+00:00,2016-08-08 16:00:00+00:00,,,,,,,,,,,,,,,,,,,,,,,,,,,,,,,,,,,,,,,,,,,,,,,,,,,,,,US-Mi3,,,2016-08-08
21,21,1,1,LC08_018031_20160824,-80.63695706863942,41.822190946289474,2016-08-24 16:04:20.032999936,0.0238224999999999,0.027205,0.059435,0.0327325,0.4296125,0.1717449999999999,0.0727999999999999,300.32941748,21824.0,0.1629437275,0.8584066011311899,0.6977643691498414,0.6186139066550977,300.32941748,2.3209005028619534,0.9732090050286196,0.9776589716594444,-80.63683523290953,41.822296024218616,-0.8584066033363342,0.8584066033363342,1,1,-0.7569356759823943,-300.32941748,300.32941748,302.15436597343825,-302.15436597343825,302.15436597343825,0.7360740330975158,1.8817353094934013,27.95359518746309,448.9321131582382,801.845924124819,0.7360740330975158,3.247300012272317,1.8817353094934013,342.4541886553084,555.5375474181163,37.7395058383113,0.0970635029980877,0.4839068526254258,65.96021592930435,12.778824667219189,0.7192742576593503,15.099319305351557,0.0970635029980877,0.4839068526254258,0.5600217912848169,0.1803345382213592,-53.76959609985352,0.6686957186977642,4.749498057452011,451.8378256505007,0.8726140104198553,1,-80.63695706863942,41.822190946289474,153.23865573125252,25.41690341702872,57.94768892254727,2.443660454739339,272.4638354615604,41.60766534087544,-80.12138982425714,0.9174022674560548,200743,298.16581082,158907,41.63129854817468,-81.42920224590476,0.0616851039230823,384.2534171218117,97.12107053531238,316.23346454,134.69576490933903,2016-08-24 16:04:20.032999936+00:00,2016-08-24 16:00:00+00:00,2016-08-24,134.87117756709736,110.08910380952382,16.093785523781676,13.136612708333333,3.6652808333333335,185.1350114583333,58.24401410714286,30.504767534120973,201608241200.0,201608241230.0,-0.256639,130.438,316.445,-30.0433,2.16556,8.30582,200.336,0.474327,-70.9385,-0.0359,28.4545,383.337,376.484,18.203,17.8776,1.22655,1.24453,0.667271,0.573419,20.2009,36.9337,44.2002,55.3335,26.9868,98.9407,633.927,36.637,21.0685,22.8272,24.3617,23.4969,1684.05,0.0,-9999.0,-9999.0,OH,CVM,10.5,1012.7,41.8222,-80.637,270.0,US-Mi3,2016-08-24 12:00:00,2016-08-24 12:00:00-04:00,2016-08-24
22,22,0,0,LC08_018031_20160909,-80.63695706863942,41.822190946289474,2016-09-09 16:04:24.874000128,0.0191474999999999,0.0226949999999999,0.053495,0.0259675,0.418915,0.1503499999999999,0.05784,300.75325196,21824.0,0.15380523,0.8832613105707687,0.6994400172302391,0.6238037533767427,300.75325196,2.4038448056022483,0.9740384480560224,0.9779326878584874,-80.63683523290953,41.822296024218616,-0.8832613229751587,0.8832613229751587,1,1,-0.7735229990897736,-300.75325196,300.75325196,302.4044473485838,-302.4044473485838,302.4044473485838,0.7188430223248342,2.315973790198068,33.91969777283673,451.8564507625792,739.2402667644739,0.7188430223248342,3.0894729732459303,2.315973790198068,344.2670530979063,509.0141428632283,29.673654979374223,0.0999362390330831,0.2259188791275647,71.91705381552322,20.935711412845667,1.2832292785127493,32.341980936056736,0.0999362390330831,0.2259188791275647,0.3127786994291648,0.2953622341156006,-88.0356216430664,0.6031111964500568,2.9570510785815864,407.4234340683308,0.8499666612077447,0,-80.63695706863942,41.822190946289474,97.92516392830106,24.580464701903345,74.96339376501516,1.1364973407823835,193.42069984051423,42.63288154508116,-80.56483557675297,0.9283323287963868,81356,298.0598522,83253,41.52103693216015,-81.66002698845804,0.098809115588665,380.9324723033829,87.55424643607503,313.06154198,83.86196858857379,2016-09-09 16:04:24.874000128+00:00,2016-09-09 16:00:00+00:00,2016-09-09,148.12985774672794,110.88049853846154,17.43380271141159,13.0498251025641,7.096258625,138.094566875,7.067984608974369,-34.565352208139515,201609091200.0,201609091230.0,-0.0899,88.8789,291.305,-27.8086,1.39062,4.32518,339.308,0.281649,-21.7293,-0.117353,28.2098,397.604,388.276,24.025,23.4613,0.647246,0.910414,0.371566,0.647484,21.2662,38.8813,46.531,58.2513,26.7261,98.3814,484.517,32.8731,18.0963,23.9404,25.4865,24.3403,1280.8,0.0,-9999.0,-9999.0,OH,CVM,10.5,1012.7,41.8222,-80.637,270.0,US-Mi3,2016-09-09 12:00:00,2016-09-09 12:00:00-04:00,2016-09-09
23,23,1,1,LC08_018031_20160925,-80.63695706863942,41.822190946289474,2016-09-25 16:04:25.686000128,0.0172499999999999,0.0243724999999999,0.0573175,0.0328974999999999,0.403295,0.155905,0.0666399999999999,292.65254456,21824.0,0.152125805,0.8491606343529521,0.6530804216487749,0.5934636840179771,292.65254456,1.989234360362425,0.9698923436036242,0.976564473389196,-80.63683523290953,41.822296024218616,-0.8491606116294861,0.8491606116294861,1,1,-0.7511248609188851,-292.65254456,292.65254456,294.1087299981155,-294.1087299981155,294.1087299981155,0.745399069541312,0.9388417337397048,14.99896299800896,403.381343589335,708.9696102850539,0.745399069541312,2.006038728049212,0.9388417337397048,304.29197511955067,492.8661508990455,24.95518258950748,0.0842696000031897,0.3018654773023794,110.90257018813502,16.791511217633712,1.5354795367888698,24.20503380225854,0.0842696000031897,0.3018654773023794,0.3999835457745146,0.3531599342823028,-102.33194732666016,0.5242592760409288,2.9355686309258413,357.008398121403,0.7629836064993256,1,-80.63695706863942,41.822190946289474,109.1686899505602,17.547872726226842,46.80077810126273,1.5526137003667473,221.5241048650715,42.14325365316728,-79.52116373289292,0.9247807264328004,356912,289.76089964,533808,41.170376692413335,-81.92149877924494,0.4067393243312835,414.5220705490574,67.02888780599827,303.61755272,83.25272637305686,2016-09-25 16:04:25.686000128+00:00,2016-09-25 16:00:00+00:00,,,,,,,,,,,,,,,,,,,,,,,,,,,,,,,,,,,,,,,,,,,,,,,,,,,,,,US-Mi3,,,2016-09-25
24,24,0,0,LC08_018031_20161011,-80.63695706863942,41.822190946289474,2016-10-11 16:04:30.416999936,,,,,,,,,,,,,,,,,,-80.63683523290953,41.822296024218616,,,1,1,,,,,,,0.7357652814986142,0.8341097800962091,13.56002654449678,,632.8627232759228,0.7357652814986142,1.7332055098895562,0.8341097800962091,277.4694559813004,,,,,,,,,,,,0.8350309133529663,-236.21104431152344,,,,,0,-80.63695706863942,41.822190946289474,,15.2519484475366,48.12526704633892,1.7128616048380634,144.48968207862632,42.31335745558804,-79.57652277048001,0.8574167490005493,26933,282.87700736,7826,41.212724447418,-80.75867997001671,0.2232385426759719,466.8848899388301,36.35350141341701,289.12856594,,2016-10-11 16:04:30.416999936+00:00,2016-10-11 16:00:00+00:00,,,,,,,,,,,,,,,,,,,,,,,,,,,,,,,,,,,,,,,,,,,,,,,,,,,,,,US-Mi3,,,2016-10-11
25,25,0,0,LC08_018031_20161112,-80.63695706863942,41.822190946289474,2016-11-12 16:04:31.493999872,,,,,,,,,,,,,,,,,,-80.63683523290953,41.822296024218616,,,1,1,,,,,,,0.712283624361325,0.5501379800394743,9.65847252343813,,476.6015284648916,0.712283624361325,0.9427410256736845,0.5501379800394743,269.9910172223722,,,,,,,,,,,,0.7608537077903748,-213.28016662597656,,,,,0,-80.63695706863942,41.822190946289474,,6.117460546370166,58.35515428495803,1.680580780829572,118.22839564532744,41.02190788613813,-80.29264676826507,0.7699902057647705,196346,280.31691038,289126,41.0365663945784,-81.22187836389993,0.2375669032335281,295.9291640024769,20.43613845839334,285.11922848,,2016-11-12 16:04:31.493999872+00:00,2016-11-12 16:00:00+00:00,2016-11-12,23.576486204957927,13.81737875,21.268791387246985,12.464917104166666,-17.749888541666667,36.191930625,27.659523312499992,9.09654157446175,201611121100.0,201611121130.0,-0.0906,90.0792,48.7036,0.368387,1.16344,4.98806,221.756,0.270612,-19.1372,-0.133248,6.8025,399.269,396.638,6.63458,6.59085,0.728804,0.76429,0.402337,0.425643,19.3267,35.3353,42.2874,52.9387,6.8253,99.718,155.351,-10.8193,-10.7237,46.8398,6.15939,6.54618,446.802,0.0,-9999.0,-9999.0,OH,CVM,10.5,1012.7,41.8222,-80.637,270.0,US-Mi3,2016-11-12 11:00:00,2016-11-12 11:00:00-05:00,2016-11-12
26,26,0,0,LC08_018031_20161214,-80.63695706863942,41.822190946289474,2016-12-14 16:04:28.212000000,-0.0461925,-0.0214975,0.0697749999999999,0.1470775,0.4008474999999999,0.19204,0.1262599999999999,266.12187332,21824.0,0.166655925,0.4631473285577404,0.2595269567173832,0.3632464155354628,266.12187332,0.6493584773664429,0.9564935847736644,0.9721428829753092,-80.63683523290953,41.822296024218616,-0.4631473422050476,0.4631473422050476,1,1,-0.7034778405197373,-266.12187332,266.12187332,267.6896840366914,-267.6896840366914,267.6896840366914,0.6978538056718433,0.2638551904174036,5.725167284020964,272.0115894340121,382.0134874722914,0.6978538056718433,0.3996536549112308,0.2638551904174036,216.70714366320024,253.61607960958457,-6.6558691003931365,0.0231084911974743,0.7190743452366453,22.18727795184475,9.765754297370552,0.1631014886917228,10.161208128534192,0.0231084911974743,0.7190743452366453,0.7459143872791065,0.0601218789815902,-15.93090534210205,0.3409473759718768,0.1450935409900471,238.08467075813297,0.9147534797283584,0,-80.63695706863942,41.822190946289474,4.615054663380263,-5.68864398638902,66.02096269481382,4.314174430500754,72.62744047433631,41.652318080752224,-80.33226954900255,0.898685872554779,6016,264.97683662,5009,42.4894925229636,-80.7790214079282,0.0068515823222696,148.3644882854691,2.8411379899233995,275.03265146,4.114852822477736,2016-12-14 16:04:28.212000+00:00,2016-12-14 16:00:00+00:00,,,,,,,,,,,,,,,,,,,,,,,,,,,,,,,,,,,,,,,,,,,,,,,,,,,,,,US-Mi3,,,2016-12-14
27,27,0,0,LC08_018031_20170115,-80.63695706863942,41.822190946289474,2017-01-15 16:04:21.148000000,-0.0005975,0.0176349999999999,0.0497549999999999,0.0758524999999999,0.1656125,0.1112449999999999,0.0716999999999999,270.2542595,21824.0,0.0842817375,0.3717308926759572,0.1507593393193659,0.1815864538447533,270.2542595,0.1635465420434703,0.9516354654204346,0.9705397035887434,-80.63683523290953,41.822296024218616,-0.3717308938503265,0.3717308938503265,1,1,-0.5379525694452506,-270.2542595,270.2542595,271.9696782382771,-271.9696782382771,271.9696782382771,0.6989045503208444,0.3608503702106544,7.0578064181535005,287.8351765611355,401.9311795865156,0.6989045503208444,0.5754008442326921,0.3608503702106544,227.9047006079656,297.1027406889702,-1.5222547926744086,0.0083250675470191,0.0595658146526334,42.34933107646157,35.027229695057265,1.1296196237070577,122.66539330400931,0.0083250675470191,0.0595658146526334,0.1033054945143949,0.3130005598068237,-83.9970474243164,0.3684788233908384,0.7375096272802267,256.275664405183,0.8581855781758744,0,-80.63695706863942,41.822190946289474,24.904055440636995,-0.817523550046042,62.71286770387957,0.3976169214571668,105.61424170760588,41.631132296665534,-79.53437056924713,0.6870304942131042,140234,268.36067642,194490,42.645526436441735,-81.44891515872847,0.2570284605026245,251.9316705351986,4.646679531892606,274.954037,20.91577302966723,2017-01-15 16:04:21.148000+00:00,2017-01-15 16:00:00+00:00,2017-01-15,11.342958918397953,8.824470937500001,25.91270811681824,20.15928483333333,-10.872635416666666,38.179395,20.06827464583333,11.796363381450476,201701151100.0,201701151130.0,0.0217,97.7319,50.6322,-0.234202,0.260608,2.27631,165.642,0.130692,-1.9869,-1.28341,-0.797932,413.852,411.959,4.59439,4.57338,0.53387,0.508379,0.280633,0.542589,-9999.0,-9999.0,-9999.0,-9999.0,-0.351616,99.7786,250.502,-11.1133,-10.2654,55.5934,0.54163,0.639514,701.714,0.0,-9999.0,-9999.0,OH,CVM,10.5,1012.7,41.8222,-80.637,270.0,US-Mi3,2017-01-15 11:00:00,2017-01-15 11:00:00-05:00,2017-01-15
28,28,0,0,LC08_018031_20170304,-80.63695706863942,41.822190946289474,2017-03-04 16:04:01.358000128,,,,,,,,,,,,,,,,,,-80.63683523290953,41.822296024218616,,,1,1,,,,,,,0.7667493909881491,0.2178411993297302,5.092970453500463,,653.1966401091995,0.7667493909881491,0.4487000034494759,0.2178411993297302,232.95853468448604,,,,,,,,,,,,0.5845054388046265,-158.7862091064453,,,,,0,-80.63695706863942,41.822190946289474,,-4.1634522669096015,48.549408882333424,2.6399983826734994,172.04894656985792,41.27131522824991,-80.91284177345143,0.7316341400146484,35732,271.65906572,53893,40.93705467570325,-81.02981653075042,0.0730863660573959,423.8962286130115,20.47538507982083,279.62988836,,2017-03-04 16:04:01.358000128+00:00,2017-03-04 16:00:00+00:00,2017-03-04,25.04754225451432,17.786506145833332,72.1315149707352,51.22129833333333,-10.278673541666668,50.95969458333334,-7.76943635416665,-35.940689100249514,201703041100.0,201703041130.0,-0.264013,128.458,34.866,-0.15846,2.2419,6.74486,327.293,0.45046,-62.2084,-0.041,-4.39697,405.798,404.671,2.78363,2.7759,1.02491,1.17205,0.580223,0.435785,21.6771,39.6326,47.4301,59.3769,-4.25462,100.53,116.763,-9.8689,-17.1026,63.591,2.59175,2.86522,757.89,0.0,-9999.0,-9999.0,OH,CVM,10.5,1012.7,41.8222,-80.637,270.0,US-Mi3,2017-03-04 11:00:00,2017-03-04 11:00:00-05:00,2017-03-04
29,29,0,0,LC08_018031_20170507,-80.63695706863942,41.822190946289474,2017-05-07 16:03:31.824999936,0.0761,0.1115749999999999,0.168335,0.2286699999999999,0.3923775,0.3562424999999999,0.2376349999999999,285.37216196,21824.0,0.2466695675,0.2635990000764837,0.2123220247096756,0.2190462491553658,285.37216196,0.2476512541103921,0.952476512541104,0.9708172491385644,-80.63683523290953,41.822296024218616,-0.2635990083217621,0.2635990083217621,1,1,-0.3995675145462247,-285.37216196,285.37216196,287.0549731954405,-287.0549731954405,287.0549731954405,0.7892265728047627,0.5044115218805156,9.030226174106216,358.1655043251517,921.1239522081804,0.7892265728047627,1.0253286842231473,0.5044115218805156,282.70984707172875,605.0196901778552,47.10096796339366,0.0102758368182888,0.659471411667238,71.7380926295667,10.129737987979354,0.5855736579489985,11.079576692136982,0.0102758368182888,0.659471411667238,0.7133633235118185,0.4932399690151214,-141.00140380859375,0.7091286307001013,4.632877563679352,486.1806295848948,0.8714183808981572,0,-80.63695706863942,41.822190946289474,151.87472217088967,7.337699337647635,49.19510491045017,4.31026084921888,313.0992183547487,42.13379234708636,-79.62955543426986,0.8798347115516663,236719,285.86777486,374152,41.36099318883282,-81.6243333820952,0.1850433349609375,635.3131743283355,75.48165234157196,295.3596164,131.3884077059464,2017-05-07 16:03:31.824999936+00:00,2017-05-07 16:00:00+00:00,2017-05-07,108.16439849384383,89.5509816,99.97898618571244,82.7741519111111,6.778736833333333,183.10304604166663,3.999175697222213,-31.81907547122296,201705071200.0,201705071230.0,-0.369861,216.049,166.961,0.113866,4.77509,12.1252,295.789,0.552973,-67.1574,-0.038,8.02885,401.667,398.971,6.75695,6.7116,1.93212,2.22736,0.975698,0.539982,16.8524,30.8116,36.8736,46.1613,7.89331,97.825,578.157,32.1479,18.427,57.3051,11.5418,11.7742,1915.41,0.0,-9999.0,-9999.0,OH,CVM,10.5,1012.7,41.8222,-80.637,270.0,US-Mi3,2017-05-07 12:00:00,2017-05-07 12:00:00-04:00,2017-05-07
30,30,1,1,LC08_018031_20170523,-80.63695706863942,41.822190946289474,2017-05-23 16:03:43.206000128,0.0743125,0.1018399999999999,0.1581325,0.201335,0.38267,0.3850075,0.2527875,300.87288266,21824.0,0.2399536275,0.3105024785746698,0.2481484826589595,0.2509236581012081,300.87288266,0.324669493848021,0.95324669493848,0.9710714093296984,-80.63683523290953,41.822296024218616,-0.3105024695396423,0.3105024695396423,1,1,-0.415193162013859,-300.87288266,300.87288266,302.6157301198555,-302.6157301198555,302.6157301198555,0.7661296374911275,1.1699297109713809,18.173933986700185,442.9151698825412,914.483640694636,0.7661296374911275,2.287049412596811,1.1699297109713809,318.5000187640331,555.7438941626687,90.47189429089896,0.0122919704161747,0.1747831072939354,385.3256381537903,16.647764257563633,5.384787658323148,41.80417773184038,0.0122919704161747,0.1747831072939354,0.2782107610758049,0.6061840057373047,-178.05601501464844,0.1183693279853693,1.0476053067702666,79.94636171797941,0.1718271500112039,1,-80.63695706863942,41.822190946289474,171.57506947855853,19.642619430497177,51.15454456416812,1.1216485813994312,324.54911088190005,41.44039976316746,-79.98970302232756,0.8937064409255981,407758,293.73263888,449962,41.47993518281805,-80.63767506714329,0.2376414686441421,608.7352437788734,99.68851735682004,303.50475806,29.71008650000476,2017-05-23 16:03:43.206000128+00:00,2017-05-23 16:00:00+00:00,2017-05-23,79.4586259600064,61.743017979166666,74.22445117702934,57.67582270833333,12.3833659375,167.10034562500002,35.29813900000002,1.0339025504642765,201705231200.0,201705231230.0,-0.108789,215.056,164.934,-2.07819,0.973621,6.75558,137.742,0.307706,-11.6418,-0.219038,22.2725,403.199,398.445,11.932,11.7913,0.785076,1.40098,0.506344,0.720223,17.8198,32.5803,38.9903,48.8113,22.2645,97.8653,502.169,38.3961,25.8123,43.9351,19.0646,18.9679,1714.7,0.0,-9999.0,-9999.0,OH,CVM,10.5,1012.7,41.8222,-80.637,270.0,US-Mi3,2017-05-23 12:00:00,2017-05-23 12:00:00-04:00,2017-05-23
31,31,0,0,LC08_018031_20170608,-80.63695706863942,41.822190946289474,2017-06-08 16:03:51.444999936,,,,,,,,,,,,,,,,,,-80.63683523290953,41.822296024218616,,,1,1,,,,,,,0.7663692685135839,1.2063364290581156,18.67413427882944,,921.9070572850416,0.7663692685135839,2.1231227908446604,1.2063364290581156,305.85084431348963,,,,,,,,,,,,0.2796748876571655,-81.32371520996094,,,,,0,-80.63695706863942,41.822190946289474,,18.45004400747495,56.81896658356666,1.0227620946950586,258.1584241085453,42.26520921254333,-79.52922858330857,0.9314873218536376,99389,290.7794696,1588,42.118426520299074,-80.09658634149085,0.0461227670311927,568.0278270837392,114.03423394725252,313.43068814000003,,2017-06-08 16:03:51.444999936+00:00,2017-06-08 16:00:00+00:00,,,,,,,,,,,,,,,,,,,,,,,,,,,,,,,,,,,,,,,,,,,,,,,,,,,,,,US-Mi3,,,2017-06-08
32,32,1,1,LC08_018031_20170624,-80.63695706863942,41.822190946289474,2017-06-24 16:03:56.931000064,,,,,,,,,,,,,,,,,,-80.63683523290953,41.822296024218616,,,1,1,,,,,,,0.7536440110361327,1.663367659880042,24.953391712160563,,903.7945777698236,0.7536440110361327,2.4448783074653018,1.663367659880042,322.2371866345777,,,,,,,,,,,,0.1759334057569503,-51.75856399536133,,,,,1,-80.63695706863942,41.822190946289474,,20.722169102476656,68.03478335919789,3.14890352506496,307.48603415252705,41.524023311100144,-79.59072471586035,0.91989928483963,349590,294.19407158,50502,41.597502825370725,-81.50061442691694,0.0504697263240814,369.64144886544665,92.5260532472682,308.71040252,,2017-06-24 16:03:56.931000064+00:00,2017-06-24 16:00:00+00:00,2017-06-24,139.7735061710422,121.3761925625,46.71310242008125,40.56461535416667,13.551883062500002,206.88052479166663,31.387833812499984,6.842033138043227,201706241200.0,201706241230.0,-0.33291,121.979,268.662,-17.3116,3.09617,9.24201,274.198,0.540248,-111.23,-0.0229,24.5894,400.584,393.861,17.069,16.7826,1.56398,1.76017,0.795323,0.68523,19.4801,35.6158,42.6231,53.359,24.0333,97.92,600.15,30.8926,25.6843,38.4017,24.4314,23.5258,1843.05,0.0,-9999.0,-9999.0,OH,CVM,10.5,1012.7,41.8222,-80.637,270.0,US-Mi3,2017-06-24 12:00:00,2017-06-24 12:00:00-04:00,2017-06-24
33,33,0,0,LC08_018031_20170912,-80.63695706863942,41.822190946289474,2017-09-12 16:04:18.130000128,,,,,,,,,,,,,,,,,,-80.63683523290953,41.822296024218616,,,1,1,,,,,,,0.739548447291842,1.3898188813709045,21.195041986818893,,751.136661842239,0.739548447291842,2.325755088717007,1.3898188813709045,314.80459328548966,,,,,,,,,,,,0.3857752382755279,-112.66867065429688,,,,,0,-80.63695706863942,41.822190946289474,,19.913257707149672,59.75774870335088,1.1644784173153362,226.50540007806944,41.55361176412761,-80.41746461290936,0.8685861229896545,110530,292.05780908,169760,41.43920618215171,-81.54823420532904,0.3208014070987701,451.60994315038766,78.57143764740988,304.99159676,,2017-09-12 16:04:18.130000128+00:00,2017-09-12 16:00:00+00:00,,,,,,,,,,,,,,,,,,,,,,,,,,,,,,,,,,,,,,,,,,,,,,,,,,,,,,US-Mi3,,,2017-09-12
34,34,1,1,LC08_018031_20170928,-80.63695706863942,41.822190946289474,2017-09-28 16:04:24.872999936,,,,,,,,,,,,,,,,,,-80.63683523290953,41.822296024218616,,,1,1,,,,,,,0.740669947470846,1.01031026190749,15.980885581154393,,693.0487311685353,0.740669947470846,1.6792371152482557,1.01031026190749,306.9417365461887,,,,,,,,,,,,0.2282590866088867,-66.25212860107422,,,,,1,-80.63695706863942,41.822190946289474,,14.76058150967961,60.16483632557915,2.7567405383048094,128.0901836181752,41.44816594929134,-79.68825892490645,0.9156699776649476,65212,290.2496765,102012,41.14499708516715,-81.84821531007675,0.3271434903144836,386.8187265550116,70.18594774078635,306.03751088,,2017-09-28 16:04:24.872999936+00:00,2017-09-28 16:00:00+00:00,2017-09-28,68.25227343697917,50.49710236956521,25.022633952190272,18.513236916666667,-3.4287245,70.735834375,5.154219588768118,-19.11034851416944,201709281200.0,201709281230.0,-0.229744,112.264,110.595,-17.5878,2.38677,7.69286,344.872,0.441607,-66.3113,-0.0385,16.9394,397.702,392.669,12.8165,12.6543,1.06976,1.33442,0.568658,0.501426,21.682,39.6416,47.4409,59.3904,17.2485,98.6714,236.031,-0.0362,0.773035,24.8751,18.0786,18.0077,688.628,0.0,-9999.0,-9999.0,OH,CVM,10.5,1012.7,41.8222,-80.637,270.0,US-Mi3,2017-09-28 12:00:00,2017-09-28 12:00:00-04:00,2017-09-28
35,35,0,0,LC08_018031_20171014,-80.63695706863942,41.822190946289474,2017-10-14 16:04:29.140999936,0.0223649999999999,0.0302024999999999,0.0586099999999999,0.0529999999999999,0.2718175,0.1866225,0.0938924999999999,296.829365,21824.0,0.1247813999999999,0.6736629030147698,0.4012647631342726,0.3979380287154431,296.829365,0.7726994799149559,0.9577269947991496,0.9725499082837192,-80.63683523290953,41.822296024218616,-0.6736629009246826,0.6736629009246826,1,1,-0.6452474445982855,-296.829365,296.829365,298.195112094388,-298.195112094388,298.195112094388,0.7068375516114379,1.6543864002505613,24.82999611578596,421.553053716867,595.9158377558994,0.7068375516114379,2.426393651112906,1.6543864002505613,323.39410598207536,409.7268367796492,38.68682970477712,0.0280830727155523,0.2374723459467683,191.91046009603656,17.77229582661239,2.842340798400329,30.768484021616818,0.0280830727155523,0.2374723459467683,0.3376417280273214,0.5586393475532532,-163.74118041992188,0.2640872641886861,1.1631247320257845,179.1295469788355,0.4827769069729696,0,-80.63695706863942,41.822190946289474,68.0907833826629,20.5989387797462,68.18293476376965,1.394104409975709,141.1969487224057,42.31505903239822,-79.34132075741547,0.8313137292861938,281515,293.10714122,442684,41.360730795658704,-81.67095815446172,0.1952608078718185,426.7126828607859,54.80378906074116,301.59408488,32.98621740025125,2017-10-14 16:04:29.140999936+00:00,2017-10-14 16:00:00+00:00,2017-10-14,77.74743143453347,44.68254258536585,21.869529371905603,12.5687261875,-1.325878,107.07636645833334,51.15097568546749,8.785283651894272,201710141200.0,201710141230.0,0.0696,122.953,164.479,-11.3211,0.792527,3.67965,133.959,0.246118,-10.5068,-0.2427,23.8718,424.546,417.443,17.0159,16.7312,0.702448,0.763343,0.379039,0.673756,18.7897,34.3535,41.1124,51.4678,24.6409,98.8888,452.897,3.25753,1.70399,36.651,16.4702,16.272,1272.99,0.0,-9999.0,-9999.0,OH,CVM,10.5,1012.7,41.8222,-80.637,270.0,US-Mi3,2017-10-14 12:00:00,2017-10-14 12:00:00-04:00,2017-10-14
36,36,0,0,LC08_018031_20171201,-80.63695706863942,41.822190946289474,2017-12-01 16:04:20.466000128,,,,,,,,,,,,,,,,,,-80.63683523290953,41.822296024218616,,,1,1,,,,,,,0.6912430080530145,0.5392395408485132,9.508736355127535,,402.7129349744865,0.6912430080530145,0.9321025054751918,0.5392395408485132,251.952479535432,,,,,,,,,,,,0.3373610973358154,-92.77033233642578,,,,,0,-80.63695706863942,41.822190946289474,,5.95348783488982,57.851957019856464,1.2553410889873091,89.42020897450972,41.66046673018014,-79.48362126068503,0.8385688662528992,191914,274.9882172,356213,42.67467002778068,-80.70733642830835,0.2059728801250457,239.6267808050528,14.475008722486743,284.36042804,,2017-12-01 16:04:20.466000128+00:00,2017-12-01 16:00:00+00:00,,,,,,,,,,,,,,,,,,,,,,,,,,,,,,,,,,,,,,,,,,,,,,,,,,,,,,US-Mi3,,,2017-12-01
37,37,0,0,LC08_018031_20180118,-80.63695706863942,41.822190946289474,2018-01-18 16:04:13.052999936,,,,,,,,,,,,,,,,,,-80.63683523290953,41.822296024218616,,,1,1,,,,,,,0.7096438019926575,0.2445827293633456,5.460378498986206,,414.9860847444988,0.7096438019926575,0.369490358085109,0.2445827293633456,216.1801019202756,,,,,,,,,,,,0.4835269749164581,-128.18295288085938,,,,,0,-80.63695706863942,41.822190946289474,,-6.711305033603514,66.1946175350557,4.342855404919602,111.34890296281208,41.55801705351744,-81.26826313481595,0.9938398599624634,111,265.09988534,151,41.47826112046177,-81.67396554131774,0.0185127891600132,271.688276076068,-8.283636753905835,269.77231868,,2018-01-18 16:04:13.052999936+00:00,2018-01-18 16:00:00+00:00,,,,,,,,,,,,,,,,,,,,,,,,,,,,,,,,,,,,,,,,,,,,,,,,,,,,,,US-Mi3,,,2018-01-18
38,38,0,0,LC08_018031_20180323,-80.63695706863942,41.822190946289474,2018-03-23 16:03:42.444000000,,,,,,,,,,,,,,,,,,-80.63683523290953,41.822296024218616,,,1,1,,,,,,,0.7718432220096263,0.4029911018877951,7.636787644783938,,752.0179473064229,0.7718432220096263,0.6051924939897197,0.4029911018877951,253.2749132174412,,,,,,,,,,,,0.3057495951652527,-84.86237335205078,,,,,0,-80.63695706863942,41.822190946289474,,-0.1266617419913443,66.5889127657688,3.647688474407839,190.90643502647333,41.71090117901027,-81.15278015542287,0.6299583315849304,34255,277.55515022,56792,41.49183536285696,-81.61444686207646,0.0797833278775215,481.997049925374,44.63119433917363,290.05826738,,2018-03-23 16:03:42.444000+00:00,2018-03-23 16:00:00+00:00,2018-03-23,22.7050967211364,17.182616270833332,59.46997014806668,45.00529943750001,-4.462528125,78.64164354166667,20.91625595833333,0.9291047974635944,201803231200.0,201803231230.0,-0.328018,200.634,65.8433,1.57228,3.04788,8.53654,300.923,0.51233,-57.9972,-0.044,1.27616,408.118,406.112,4.94071,4.91642,1.33195,1.73318,0.68302,0.625672,21.0884,38.5564,46.1421,57.7644,2.40821,99.029,472.991,-5.34437,-14.5022,-9999.0,0.838959,0.806805,1459.55,0.0,-9999.0,-9999.0,OH,CVM,10.5,1012.7,41.8222,-80.637,270.0,US-Mi3,2018-03-23 12:00:00,2018-03-23 12:00:00-04:00,2018-03-23
39,39,0,0,LC08_018031_20180408,-80.63695706863942,41.822190946289474,2018-04-08 16:03:34.632000000,,,,,,,,,,,,,,,,,,-80.63683523290953,41.822296024218616,,,1,1,,,,,,,0.7898967499323079,0.2903497068486281,6.08918155268284,,839.2230274263324,0.7898967499323079,0.562596780478729,0.2903497068486281,251.3130056483325,,,,,,,,,,,,0.3341045081615448,-92.74727630615234,,,,,0,-80.63695706863942,41.822190946289474,,-1.124213154352702,51.60884614404684,3.114672382058588,239.86673906728845,41.436616981245535,-81.16075339979976,0.6704341173171997,15389,277.59958448,23462,41.59739034377094,-81.52581214344036,0.1345081627368927,538.3711259355202,53.549210463635895,291.03240308,,2018-04-08 16:03:34.632000+00:00,2018-04-08 16:00:00+00:00,2018-04-08,34.98922827098618,32.151660291666666,71.56398062650376,65.76026131249999,-3.815839895833333,94.0740125,-0.0220692083333204,-8.663356501656615,201804081200.0,201804081230.0,-0.316781,225.21,98.2929,1.66159,2.57269,7.45901,327.75,0.502466,-48.5563,-0.0525,-0.711215,405.997,404.233,4.36326,4.34431,1.2298,1.28547,0.587474,0.849456,23.4232,42.825,51.2506,64.1597,-0.0462,98.5211,381.749,-0.135791,-8.87494,-9999.0,3.53389,3.61937,1106.14,0.0,-9999.0,-9999.0,OH,CVM,10.5,1012.7,41.8222,-80.637,270.0,US-Mi3,2018-04-08 12:00:00,2018-04-08 12:00:00-04:00,2018-04-08
40,40,0,0,LC08_018031_20180510,-80.63695706863942,41.822190946289474,2018-05-10 16:03:15.880000000,,,,,,,,,,,,,,,,,,-80.63683523290953,41.822296024218616,,,1,1,,,,,,,0.7515781944036006,1.589788621139106,23.942472337743897,,881.0422007032663,0.7515781944036006,1.7268600887093135,1.589788621139106,313.8969505805685,,,,,,,,,,,,0.3248012363910675,-94.90959167480467,,,,,0,-80.63695706863942,41.822190946289474,122.088099837692,15.194876877223749,92.06238719242988,3.136021408322935,218.43723956219708,41.49420196081816,-80.37343073607555,0.8249196410179138,87455,292.20820196,135283,41.072907595438,-80.62027821481742,0.1270954459905624,514.4925559537937,98.81520513557618,308.8095251,,2018-05-10 16:03:15.880000+00:00,2018-05-10 16:00:00+00:00,2018-05-10,41.78183600136496,38.1034522,51.4528918209863,46.923088875,18.054609375,117.21069270833334,14.129542258333345,5.921355510982082,201805101200.0,201805101230.0,-0.44972,202.883,96.7601,1.52977,3.16927,10.0016,286.007,0.623919,-102.977,-0.0248,20.594,422.346,415.409,16.6984,16.4241,1.47647,1.56988,0.836782,0.593433,20.9877,38.3721,45.9216,57.4884,20.2483,97.9019,325.918,31.8121,34.6937,44.0991,18.5879,17.9171,981.111,0.0,-9999.0,-9999.0,OH,CVM,10.5,1012.7,41.8222,-80.637,270.0,US-Mi3,2018-05-10 12:00:00,2018-05-10 12:00:00-04:00,2018-05-10
41,41,0,0,LC08_018031_20180611,-80.63695706863942,41.822190946289474,2018-06-11 16:03:02.580000000,,,,,,,,,,,,,,,,,,-80.63683523290953,41.822296024218616,,,1,1,,,,,,,0.7540089515020885,1.6506720492293072,24.778963790887136,,906.37643303754,0.7540089515020885,2.3001472118449806,1.6506720492293072,319.9474190296099,,,,,,,,,,,,-inf,inf,,,,,0,-80.63695706863942,41.822190946289474,,19.73464741056033,71.76375671647902,2.7221212699824413,284.03518630764086,41.84601928255938,-80.32556140684333,0.9246134161949158,141799,293.68136858,5094,42.23357034946202,-79.46524950092521,0.0290150586515665,763.608481748803,74.18715455229369,293.04903488,,2018-06-11 16:03:02.580000+00:00,2018-06-11 16:00:00+00:00,,,,,,,,,,,,,,,,,,,,,,,,,,,,,,,,,,,,,,,,,,,,,,,,,,,,,,US-Mi3,,,2018-06-11
42,42,0,0,LC08_018031_20180713,-80.63695706863942,41.822190946289474,2018-07-13 16:03:21.122999808,0.0227499999999999,0.030505,0.0650175,0.0464549999999999,0.331135,0.192315,0.0925725,301.44711002,21824.0,0.1418319775,0.7539394581424298,0.515322275542104,0.4865825727275836,301.44711002,1.1701784364288133,0.961701784364288,0.973861588840215,-80.63683523290953,41.822296024218616,-0.7539394497871399,0.7539394497871399,1,1,-0.6717551952846441,-301.44711002,301.44711002,303.4324280355942,-303.4324280355942,303.4324280355942,0.748145181244609,1.81898294542666,27.09142599211828,450.26478182922,883.5784214177468,0.748145181244609,3.340749974284757,1.81898294542666,346.105341007863,640.8440888277918,64.31196765294496,0.0462170758855178,0.1237271159246362,35.85922093939787,32.064568905661176,0.9851078243935802,59.05467065351774,0.0462170758855178,0.1237271159246362,0.1834871813126051,0.2398076355457306,-71.78030395507812,0.8011606862406527,6.933703239446387,540.6729002354489,0.9378018680618788,0,-80.63695706863942,41.822190946289474,207.90162660713744,25.89559735803563,54.44834122362293,0.685560722066016,328.6263221894768,41.98087489035072,-80.48709922335422,0.8939223289489746,289774,299.32451960000003,594480,41.46269960406922,-81.49203233360903,0.2958589494228363,502.5736658519394,121.93545270067104,317.33406698,196.63982387069956,2018-07-13 16:03:21.122999808+00:00,2018-07-13 16:00:00+00:00,2018-07-13,109.65271867071318,95.30795685416666,59.25306487596505,51.501582625,11.698091791666668,215.19395145833332,56.68632018750003,34.59007611998845,201807131200.0,201807131230.0,-0.0683,139.248,247.743,-16.3577,0.91547,4.10724,166.022,0.245942,-9.2663,-0.275191,29.9576,389.758,382.641,18.6002,18.2606,0.68916,0.886053,0.431021,0.771294,16.9441,30.9793,37.0743,46.4126,30.0748,98.965,641.545,36.3572,34.3826,30.7706,26.115,25.3574,1701.89,0.0,-9999.0,-9999.0,OH,CVM,10.5,1012.7,41.8222,-80.637,270.0,US-Mi3,2018-07-13 12:00:00,2018-07-13 12:00:00-04:00,2018-07-13
43,43,1,1,LC08_018031_20180729,-80.63695706863942,41.822190946289474,2018-07-29 16:03:27.956999936,,,,,,,,,,,,,,,,,,-80.63683523290953,41.822296024218616,,,1,1,,,,,,,0.7458458719939433,1.8015306855447035,26.851645370572747,,862.1330346487196,0.7458458719939433,2.8446073073001155,1.8015306855447035,316.4156057069932,,,,,,,,,,,,1.175853252410889,-344.0762634277344,,,,,1,-80.63695706863942,41.822190946289474,,23.205847875068766,63.331437028985874,1.0936074669900044,270.0026901925443,41.660179510251005,-79.46200904853289,0.915557324886322,27625,292.61836436,4409,42.10625104466921,-81.56918344151623,0.0601380318403244,664.7116066771806,76.84945706746119,297.88553318000004,,2018-07-29 16:03:27.956999936+00:00,2018-07-29 16:00:00+00:00,,,,,,,,,,,,,,,,,,,,,,,,,,,,,,,,,,,,,,,,,,,,,,,,,,,,,,US-Mi3,,,2018-07-29
44,44,0,0,LC08_018031_20180814,-80.63695706863942,41.822190946289474,2018-08-14 16:03:37.309999872,,,,,,,,,,,,,,,,,,-80.63683523290953,41.822296024218616,,,1,1,,,,,,,0.7346046846570349,2.1104863232723843,31.09645809657,,822.3582435373479,0.7346046846570349,3.093344922504553,2.1104863232723843,350.5784118631792,,,,,,,,,,,,0.4547106027603149,-136.35626220703125,,,,,0,-80.63695706863942,41.822190946289474,,24.60142628818716,68.22667294288058,1.6881189077721062,247.3144952025013,41.08034313149407,-80.77666494686964,0.903045415878296,36790,299.87482082,14469,41.10099167429729,-81.38607594035444,0.1499380469322204,463.6620223738481,105.14054174350645,311.01072998,,2018-08-14 16:03:37.309999872+00:00,2018-08-14 16:00:00+00:00,2018-08-14,127.25726471158538,112.838981375,43.85744333008133,38.888382854166665,3.916814458333333,175.03152250000002,19.38734381250002,-2.131628207280301e-14,201808141200.0,201808141230.0,-0.158958,192.167,431.206,-32.3269,1.69546,5.14758,292.8,0.376024,-23.8858,-0.106758,28.3215,390.353,382.493,20.5486,20.1349,0.843392,1.38733,0.468637,0.849006,22.2564,40.6917,48.6976,60.9636,29.093,98.2809,659.9,15.2944,15.1232,29.9782,22.8985,22.8746,1589.18,0.0,-9999.0,-9999.0,OH,CVM,10.5,1012.7,41.8222,-80.637,270.0,US-Mi3,2018-08-14 12:00:00,2018-08-14 12:00:00-04:00,2018-08-14
45,45,0,0,LC08_018031_20180915,-80.63695706863942,41.822190946289474,2018-09-15 16:03:49.138000128,0.0010249999999999,0.0027299999999999,0.0129324999999999,0.002895,0.08578,0.0282499999999999,0.0103749999999999,300.98567732000004,21824.0,0.0304085775,0.9347053848322524,0.1913893827787655,0.2111988788380685,300.98567732000004,0.2294914523193897,0.9522949145231938,0.970757321792654,-80.63683523290953,41.822296024218616,-0.934705376625061,0.934705376625061,1,1,-0.7379764467519314,-300.98567732000004,300.98567732000004,302.6058382019596,-302.6058382019596,302.6058382019596,0.7155136348181337,2.312230433972821,33.86826693875409,443.1368264324439,717.2722835761668,0.7155136348181337,3.136160698355263,2.312230433972821,349.72366733235145,585.3642972089946,17.48626041431031,0.0098324975687008,0.2183271997149684,55.075634313423095,23.292661872930164,1.095039450010418,33.46657718954869,0.0098324975687008,0.2183271997149684,0.2791581418237085,0.3159473836421966,-94.51248931884766,0.759252721762792,3.756205434936025,512.8024024812612,0.903015030085878,0,-80.63695706863942,41.822190946289474,117.05953910601696,24.83170532862057,73.72805976382058,1.4333440123943229,188.2890453962517,41.078071063106,-81.44701138639114,0.9106886982917786,105412,299.13994652,157415,42.097396346217984,-80.13751751013186,0.0843705758452415,374.9913335069162,85.69934737643638,313.7143838,106.52598613478568,2018-09-15 16:03:49.138000128+00:00,2018-09-15 16:00:00+00:00,,,,,,,,,,,,,,,,,,,,,,,,,,,,,,,,,,,,,,,,,,,,,,,,,,,,,,US-Mi3,,,2018-09-15
46,46,0,0,LC08_018031_20190105,-80.63695706863942,41.822190946289474,2019-01-05 16:04:03.644000000,,,,,,,,,,,,,,,,,,-80.63683523290953,41.822296024218616,,,1,1,,,,,,,0.6759996541272656,0.6379103563166884,10.8643974340589,,370.0683582731554,0.6759996541272656,0.7794822137491425,0.6379103563166884,253.8779609757744,,,,,,,,,,,,0.5390344262123108,-148.31471252441406,,,,,0,-80.63695706863942,41.822190946289474,,3.3987767972759526,81.83770521824688,1.7379641273457849,96.41328557194744,41.94706559617974,-79.65021140804379,0.7790577411651611,156139,275.14886414,242871,40.85116989137283,-80.21794556213997,0.3448850810527801,235.39317452526697,10.236431211924517,280.3203284,,2019-01-05 16:04:03.644000+00:00,2019-01-05 16:00:00+00:00,,,,,,,,,,,,,,,,,,,,,,,,,,,,,,,,,,,,,,,,,,,,,,,,,,,,,,US-Mi3,,,2019-01-05
47,47,1,1,LC08_018031_20190121,-80.63695706863942,41.822190946289474,2019-01-21 16:04:00.249999872,,,,,,,,,,,,,,,,,,-80.63683523290953,41.822296024218616,,,1,1,,,,,,,0.7201488528478439,0.1527839254364056,4.199133570729346,,428.8623283526864,0.7201488528478439,0.2357110698850562,0.1527839254364056,183.33592746964848,,,,,,,,,,,,0.091323435306549,-23.255603790283203,,,,,1,-80.63695706863942,41.822190946289474,,-12.39963853823783,64.81830722286833,3.700915666640909,107.36434886029232,41.550880524935096,-79.53438648061096,0.9489375352859496,438,254.6509982,3,42.50835262516379,-80.00517995308292,0.0291476529091596,256.92628733883225,1.3605557480437966,272.96816738,,2019-01-21 16:04:00.249999872+00:00,2019-01-21 16:00:00+00:00,,,,,,,,,,,,,,,,,,,,,,,,,,,,,,,,,,,,,,,,,,,,,,,,,,,,,,US-Mi3,,,2019-01-21
48,48,0,0,LC08_018031_20190222,-80.63695706863942,41.822190946289474,2019-02-22 16:03:54.580000000,,,,,,,,,,,,,,,,,,-80.63683523290953,41.822296024218616,,,1,1,,,,,,,0.7410497855601044,0.4182249952145022,7.846089616857636,,577.8977266095018,0.7410497855601044,0.6367704328423222,0.4182249952145022,240.07678873841627,,,,,,,,,,,,1.0291935205459597,-280.93707275390625,,,,,0,-80.63695706863942,41.822190946289474,,0.573535949624346,65.67908521563902,1.2430873219846317,159.94607517657704,42.40455142057787,-79.25475481216266,0.5634008646011353,15869,272.96816738,21885,42.58890782734188,-80.51358756622228,0.1651768386363983,402.66548146876806,11.933493547497482,277.44577358000004,,2019-02-22 16:03:54.580000+00:00,2019-02-22 16:00:00+00:00,,,,,,,,,,,,,,,,,,,,,,,,,,,,,,,,,,,,,,,,,,,,,,,,,,,,,,US-Mi3,,,2019-02-22
49,49,0,0,LC08_018031_20190326,-80.63695706863942,41.822190946289474,2019-03-26 16:03:45.594000128,0.0752475,0.1028025,0.156675,0.2222625,0.351265,0.375575,0.2490474999999999,285.891701,21824.0,0.2337437975,0.2249281856580547,0.1685143009045384,0.1802503894869949,285.891701,0.1606625181538779,0.9516066251815388,0.9705301863099076,-80.63683523290953,41.822296024218616,-0.2249281853437423,0.2249281853437423,1,1,-0.3830964287120525,-285.891701,285.891701,287.5437129156901,-287.5437129156901,287.5437129156901,0.7785538484407473,0.3293901795237557,6.625567606224927,360.4513948030408,771.4345907550195,0.7785538484407473,0.6782550763364547,0.3293901795237557,254.89768082240352,473.2274670000504,37.57109977847465,0.0082627913633713,0.3225482745981061,534.8376166637178,13.118828708088843,5.56107354915423,22.65293184700205,0.0082627913633713,0.3225482745981061,0.4444472280355749,0.5958951115608215,-165.78482055664062,-0.1447304896925856,-0.9077779682304752,-99.18124944214208,-0.2276593593126536,0,-80.63695706863942,41.822190946289474,113.85508469428488,1.448164005506015,48.56435152729454,2.1546943217067858,263.00669670506693,41.826006553799154,-79.49706031851751,0.5989915728569031,364657,278.21141006,550605,42.67470650802725,-80.721981638974,0.1546599715948104,492.2319578245102,41.0078140015534,287.64514526,-25.744583179016274,2019-03-26 16:03:45.594000128+00:00,2019-03-26 16:00:00+00:00,2019-03-26,52.40106289855485,35.095918708333336,108.8256933636408,72.88664535416667,-2.837637645833333,120.77124583333334,15.626319416666677,-37.61787278302897,201903261200.0,201903261230.0,-0.165377,272.559,129.903,1.75138,2.71565,6.49203,355.862,0.363186,-15.2738,-0.166953,2.77826,417.834,416.128,4.09859,4.08186,1.21724,1.76572,0.518429,0.822317,19.9666,36.5053,43.6875,54.6915,3.29242,99.6404,528.762,4.38513,-1.47959,59.8726,2.63516,-9999.0,-9999.0,-9999.0,1423.48,0.0,OH,CVM,10.5,1012.7,41.8222,-80.637,270.0,US-Mi3,2019-03-26 12:00:00,2019-03-26 12:00:00-04:00,2019-03-26
50,50,0,0,LC08_018031_20190427,-80.63695706863942,41.822190946289474,2019-04-27 16:03:35.515000064,,,,,,,,,,,,,,,,,,-80.63683523290953,41.822296024218616,,,1,1,,,,,,,0.7850144915068107,0.5240295829581307,9.299763237531003,,893.5345266705684,0.7850144915068107,0.8420352951219141,0.5240295829581307,280.82148987570946,,,,,,,,,,,,0.4942231476306915,-140.9750213623047,,,,,0,-80.63695706863942,41.822190946289474,,4.495012092486663,62.23368378902207,4.232394733377401,216.59446627568823,41.15649281972717,-80.96734296850639,0.8098074197769165,127082,285.24569522,190489,41.0479849621164,-81.63814280325492,0.1672559529542923,567.8363490054907,71.84002462462676,294.34446446,,2019-04-27 16:03:35.515000064+00:00,2019-04-27 16:00:00+00:00,2019-04-27,70.9511110297459,57.85241810416667,45.164696166220125,36.8265816875,-4.0109875,104.40102729166668,13.733014999999996,-7.703792404299364,201904271200.0,201904271230.0,-0.299159,186.178,119.936,1.02374,3.11332,9.32521,284.086,0.495136,-55.9584,-0.0456,5.47432,416.18,413.356,6.83217,6.78581,1.44425,1.62194,0.697,0.607411,20.1904,36.9144,44.1772,55.3045,5.50969,97.8557,386.878,-0.944839,-5.32904,59.0782,8.58492,-9999.0,-9999.0,-9999.0,1069.13,0.0,OH,CVM,10.5,1012.7,41.8222,-80.637,270.0,US-Mi3,2019-04-27 12:00:00,2019-04-27 12:00:00-04:00,2019-04-27
51,51,0,0,LC08_018031_20190614,-80.63695706863942,41.822190946289474,2019-06-14 16:04:01.003000064,0.03903,0.0542374999999999,0.0961475,0.1083299999999999,0.31964,0.286145,0.172955,301.10872604,21824.0,0.1725463149999999,0.4937495618851789,0.3380227166750248,0.3415681541429141,301.10872604,0.5787691099774757,0.9557876910997748,0.9719099380629256,-80.63683523290953,41.822296024218616,-0.4937495589256286,0.4937495589256286,1,1,-0.537516159095692,-301.10872604,301.10872604,302.9767110924727,-302.9767110924727,302.9767110924727,0.7722606824196709,1.0283190054198732,16.22831185957681,445.4898954019946,928.9835212365216,0.7722606824196709,1.8797519005941083,1.0283190054198732,302.7881843553648,612.602162166748,87.36065650263814,0.0204578834149057,0.6325149518472123,10294.779320419031,5.505840029833318,41.75195931316864,11.551764998598752,0.0204578834149057,0.6325149518472123,0.96328976071329,3.2779314517974854,-951.3849487304688,-14.469940774636123,-136.73078626701127,-9769.537814754922,-18.60008721588447,0,-80.63695706863942,41.822190946289474,206.7984853567601,16.521556802229274,54.70503873914776,3.845847913707808,334.24054383941376,42.36319145546531,-79.36300625268768,0.9237130284309388,528927,290.23942244,82474,42.24012498091554,-79.49090619099158,0.0411567911505699,782.1289886659822,70.1599835746786,291.68866292,-3877.68509853244,2019-06-14 16:04:01.003000064+00:00,2019-06-14 16:00:00+00:00,2019-06-14,133.5944735245038,114.75113295454548,59.43778025423893,51.0541525,15.205249791666668,211.29497135416668,30.284436107954555,3.057467783757289,201906141200.0,201906141230.0,-0.230312,187.368,231.062,-6.99745,3.24526,9.56899,272.472,0.444462,-40.4393,-0.0631,20.424,405.073,401.092,9.92536,9.82782,1.45626,1.73069,0.813231,0.581741,16.37,29.9295,35.818,44.8399,20.0866,98.4973,675.6,42.8761,46.1499,47.1467,19.4356,-9999.0,-9999.0,-9999.0,1606.91,0.0,OH,CVM,10.5,1012.7,41.8222,-80.637,270.0,US-Mi3,2019-06-14 12:00:00,2019-06-14 12:00:00-04:00,2019-06-14
52,52,0,0,LC08_018031_20190801,-80.63695706863942,41.822190946289474,2019-08-01 16:04:15.085999872,0.02506,0.0325949999999999,0.0746974999999999,0.0474175,0.4336275,0.2213275,0.0965874999999999,302.7425396,21824.0,0.17603249,0.8028562816368531,0.6551839964171081,0.5905080806690826,302.7425396,1.9560946250414848,0.9695609462504148,0.9764551122626368,-80.63683523290953,41.822296024218616,-0.8028562664985657,0.8028562664985657,1,1,-0.706103378743914,-302.7425396,302.7425396,304.7253665128524,-304.7253665128524,304.7253665128524,0.7435874603932866,1.875674439958232,27.870323503791223,461.7979192465859,856.340511090733,0.7435874603932866,2.9955312672941115,1.875674439958232,339.1370250779912,572.6128543321405,54.69323003130162,0.0828814018301856,0.2350440963971315,147.98458187554397,18.27016847445317,2.316067449694245,31.08635440684981,0.0828814018301856,0.2350440963971315,0.3413706103942774,0.3281205594539642,-97.67059326171876,0.5488536114726936,3.760455408318231,369.9350424252949,0.7142711437603576,0,-80.63695706863942,41.822190946289474,147.85466861937653,24.0647350803617,62.615752352087576,1.211508598429722,279.01564059218254,41.3928223677706,-79.76616391494137,0.9035155177116394,246063,297.6667799,69297,42.14359218220283,-80.00328680336978,0.1056129410862922,409.8179318885559,98.6221441826553,311.3388599,106.64651537990504,2019-08-01 16:04:15.085999872+00:00,2019-08-01 16:00:00+00:00,,,,,,,,,,,,,,,,,,,,,,,,,,,,,,,,,,,,,,,,,,,,,,,,,,,,,,US-Mi3,,,2019-08-01
53,53,1,1,LC08_018031_20190817,-80.63695706863942,41.822190946289474,2019-08-17 16:04:20.474999808,,,,,,,,,,,,,,,,,,-80.63683523290953,41.822296024218616,,,1,1,,,,,,,0.7304430929687589,2.269616011601656,33.282777566485095,,812.965106334375,0.7304430929687589,2.8769517471746537,2.269616011601656,334.7671562014232,,,,,,,,,,,,0.7513073682785034,-222.622314453125,,,,,1,-80.63695706863942,41.822190946289474,,23.39320792314019,78.88960994325191,3.117237039221035,232.4303222455948,41.89072702953025,-80.00758943679071,0.9390847086906432,102471,296.31324398000004,163144,41.00505173844512,-80.70414469334685,0.4047986567020416,492.7358774092626,85.6855270187949,303.2210624,,2019-08-17 16:04:20.474999808+00:00,2019-08-17 16:00:00+00:00,2019-08-17,72.72326409345713,67.712963125,15.09684538714292,14.056741645833334,5.6222594375,127.12302416666668,39.731059958333326,33.68065524856661,201908171200.0,201908171230.0,-0.11879,58.2253,171.59,-19.0309,1.66101,8.56535,219.154,0.324781,-50.7893,-0.0502,29.2612,398.393,388.633,25.1117,24.4966,0.971809,1.1327,0.486646,0.443735,19.2067,35.116,42.0249,52.6102,27.7018,98.1606,350.014,16.9442,16.4618,30.4855,22.4385,-9999.0,-9999.0,-9999.0,884.94,0.0,OH,CVM,10.5,1012.7,41.8222,-80.637,270.0,US-Mi3,2019-08-17 12:00:00,2019-08-17 12:00:00-04:00,2019-08-17
54,54,0,0,LC08_018031_20190918,-80.63695706863942,41.822190946289474,2019-09-18 16:04:29.411000064,0.0216224999999999,0.0258299999999999,0.0595175,0.0351249999999999,0.3852,0.1703425,0.0727725,295.91333564,21824.0,0.1503095125,0.8328674240171295,0.6241419886252206,0.5705728954445441,295.91333564,1.755402588325495,0.9675540258832548,0.975792828541474,-80.63683523290953,41.822296024218616,-0.832867443561554,0.832867443561554,1,1,-0.7323356962566123,-295.91333564,295.91333564,297.4818378091127,-297.4818378091127,297.4818378091127,0.7424911875427751,1.1808077397521517,18.323389731680244,420.645680231083,735.323720813723,0.7424911875427751,2.374991908317163,1.1808077397521517,322.7986912189849,516.4770638162177,32.62212552284955,0.0740969930147254,0.3765644455237726,119.40529395740342,14.537124752979942,1.4503473993195115,19.40348901414733,0.0740969930147254,0.3765644455237726,0.4746527005494952,0.4144224524497986,-121.83280181884766,0.5369308426975725,3.268590933403543,364.4496443359647,0.7532208839728606,0,-80.63695706863942,41.822190946289474,122.72870627392808,20.25189674413035,49.71839001290876,1.968879129999876,237.35449963130225,41.44039976316746,-79.98970302232756,0.8978462815284729,378025,293.98215434,522100,42.10936404793439,-80.07820923275729,0.4684720039367676,496.51502038346223,73.76300750232006,305.50088173999995,92.69723887132449,2019-09-18 16:04:29.411000064+00:00,2019-09-18 16:00:00+00:00,,,,,,,,,,,,,,,,,,,,,,,,,,,,,,,,,,,,,,,,,,,,,,,,,,,,,,US-Mi3,,,2019-09-18
55,55,0,0,LC08_018031_20191020,-80.63695706863942,41.822190946289474,2019-10-20 16:04:35.505000192,0.0192299999999999,0.02737,0.0574,0.0508825,0.3454075,0.1730375,0.0822875,291.46307360000003,21824.0,0.1422181325,0.7432057331752,0.5094081162839369,0.4929068716598422,291.46307360000003,1.204885919970898,0.962048859199709,0.973976123535904,-80.63683523290953,41.822296024218616,-0.743205726146698,0.743205726146698,1,1,-0.7150003413541207,-291.46307360000003,291.46307360000003,292.7556387124344,-292.7556387124344,292.7556387124344,0.7173405160922828,1.1063239030607503,17.300039129651616,393.6537105848067,580.9828082852656,0.7173405160922828,1.8060885013424808,1.1063239030607503,278.8118697351391,372.93344890155146,24.870929331846945,0.0478892904361722,0.2835918562713875,225.51265761124023,15.766888565807132,2.9017193015726264,25.764717569487534,0.0478892904361722,0.2835918562713875,0.397789113107714,0.2889382839202881,-81.68659210205078,0.1797276695359146,0.7583568768088725,122.54986195846428,0.3520915211151366,0,-80.63695706863942,41.822190946289474,61.19341695240996,15.89466003960298,61.25524315327907,1.5646862668743249,153.68158117484458,42.31484751335862,-79.32676522832821,0.8679762482643127,208946,282.7129424,323236,41.46258929990069,-81.51717783027829,0.3650718927383423,334.65235398915587,43.307662901137526,296.8977254,21.507001026299623,2019-10-20 16:04:35.505000192+00:00,2019-10-20 16:00:00+00:00,2019-10-20,43.26358220349664,35.95378156818182,13.773354516523206,11.4462130625,-6.6185682083333335,91.28791041666666,50.506483994318174,40.86954190498015,201910201200.0,201910201230.0,-0.087,102.649,130.4,-11.7779,0.78568,3.45957,163.877,0.274875,-17.3915,-0.146623,20.6495,421.439,416.694,11.3864,11.2582,0.55187,0.774254,0.385375,0.601994,20.2559,37.0343,44.3206,55.4841,21.9543,97.9171,404.5,-4.45694,-5.5336,50.0945,10.1705,-9999.0,-9999.0,-9999.0,1127.13,0.0,OH,CVM,10.5,1012.7,41.8222,-80.637,270.0,US-Mi3,2019-10-20 12:00:00,2019-10-20 12:00:00-04:00,2019-10-20
56,56,0,0,LC08_018031_20191207,-80.63695706863942,41.822190946289474,2019-12-07 16:04:30.494999808,,,,,,,,,,,,,,,,,,-80.63683523290953,41.822296024218616,,,1,1,,,,,,,0.697022307458131,0.352791962577772,6.947090098092422,,393.9269380448056,0.697022307458131,0.6229003417535959,0.352791962577772,244.6182181331792,,,,,,,,,,,,0.7450091242790222,-203.46563720703125,,,,,0,-80.63695706863942,41.822190946289474,,0.2698552486833097,56.63698330692648,1.1966560583907486,78.74597851811188,41.18975297286196,-79.68126815290229,0.6768025755882263,63988,273.10488818,101062,41.39382416217793,-81.64904945773479,0.185490682721138,273.4915681246082,7.242426859165874,278.04392708,,2019-12-07 16:04:30.494999808+00:00,2019-12-07 16:00:00+00:00,,,,,,,,,,,,,,,,,,,,,,,,,,,,,,,,,,,,,,,,,,,,,,,,,,,,,,US-Mi3,,,2019-12-07
57,57,1,1,LC08_018031_20191223,-80.63695706863942,41.822190946289474,2019-12-23 16:04:27.539000064,,,,,,,,,,,,,,,,,,-80.63683523290953,41.822296024218616,,,1,1,,,,,,,0.6702083375712677,0.7110894085513197,11.869821301662109,,361.0898650569233,0.6702083375712677,0.9331974890533414,0.7110894085513197,253.86986343132148,,,,,,,,,,,,0.6469618082046509,-177.92234802246094,,,,,1,-80.63695706863942,41.822190946289474,,5.970440863891584,76.1992415209632,2.653327355881649,95.0860708309753,41.52397919727428,-79.58713006365603,0.6768837571144104,126842,275.01214334,226171,41.18647531769773,-80.93441767328589,0.1167048439383506,223.6194177302752,7.747379393111858,279.82129748,,2019-12-23 16:04:27.539000064+00:00,2019-12-23 16:00:00+00:00,,,,,,,,,,,,,,,,,,,,,,,,,,,,,,,,,,,,,,,,,,,,,,,,,,,,,,US-Mi3,,,2019-12-23
