,Unnamed: 0.4,Unnamed: 0.3,longitude_x,latitude_x,date_x,eto,etr,Date,Stn Name,Unnamed: 0.2,LE_closed,LE_unclosed,H_closed,H_unclosed,G_unclosed,Rn_unclosed,Name_x,Unnamed: 0,Unnamed: 0.1,Unnamed: 0_x,id,longitude_y,latitude_y,date_y,UB,B,GR,R,NIR,SWIR_1,SWIR_2,ST_B10,pixel_qa,ALFA,NDVI_model,EVI,SAVI,T_LST,LAI,e_0,e_NB,longitude.1,latitude.1,NDVI_neg,pos_NDVI,int,sd_ndvi,NDWI,LST_neg,LST_NW,T_LST_DEM,LST_neg_1,LST_NW_1,Tao_sw,EA,W_ATM,Rl_up,Rs_down,Tao_sw_1,ES,EA_1,Rl_down,Rn,Ginst,zom,u_fr,Hinst,rah,dT,rah_first,zom_1,u_fr_1,ufric_star,constant,constant_1,ET_inst,ET_24h,LEinst,EF,id.1,longitude.2,latitude.2,Rn24h_G,AirT_G,Relative humidity,ux_G,SW_Down,cold_pixel_lat,cold_pixel_lon,cold_pixel_ndvi,cold_pixel_sum,cold_pixel_temp,hot_pixel_sum,hot_pixel_lat,hot_pixel_lon,hot_pixel_ndvi,hot_pixel_Rn,hot_pixel_G,hot_pixel_temp,Datetime_Local_x,Datetime_GMT,Unnamed: 0_y,TIMESTAMP_START,TIMESTAMP_END,P_1_1_1,PPFD_IN_1_1_1,PPFD_OUT_1_1_1,SWIN_inst_af,SW_OUT_1_1_1,LW_IN_inst_af,LW_OUT_inst_af,Rn_inst_af,Air temp,RH_1_1_1,CO2_1_1_1,H2O_1_1_1,Wind speed_y,WD_1_1_1,USTAR_1_1_1,TS_1_1_1,SWC_1_1_1,G_1_1_1,G_inst_af,G_1_1_3,PA_1_1_1,FC_1_1_1,SC_1_1_1,LE_inst_af,SLE_1_1_1,H_inst_af,SH_1_1_1,NEE_PI,NEE_PI_F,Name_y,Long,Lat,Elevation,State,Timezone,Veg,Clim,MAT (Â°C),MAP (mm),Datetime,Time,doy,Albedo,dec,dr,tao,Rext,Tao_sw_am,P_calc,es,ea,W_calc,Rso,gamma_dust,W_prata,zenith,Mopt,asa,bsa,Tao_sa,Tao_ding,Tao_sebal_insitu,Datetime_Local_y,Name,cos_zenith,Rext_model,P_model,Elev_SRTM,RS_Rso,f,Rns_model,eps_dash,Rnl_model,Rn_fao_model,psychro,del,WS_2,ETo_model_hourly,ET_ETo_model,LWin_angstrom,R_LST,GR_LST,B_LST,NIR_LST,NDVI_LST,NDWI_LST,SWIR1_LST,SWIR2_LST,Landcover_wc
0,0,0,-92.19858918560708,38.739846627654366,2018-01-19 06:00:00,79.40799864768982,130.45599729537963,2018-01-19,US-MOz,0,15.315831352333005,11.726905434782608,14.807804896803985,11.337923729166668,-7.617230583333334,34.12464933333333,US-MOz,49,1,1,LC08_025033_20180119,-92.19989174276908,38.744023793725525,2018-01-19 16:48:16.033999872,-0.00772,0.00966,0.0404599999999999,0.0500849999999999,0.1658875,0.1426775,0.0955424999999999,273.51505058,21824.0,0.0809447225,0.53619095023672,0.2076880585531378,0.2426123210039492,273.51505058,0.3040626674139096,0.953040626674139,0.971003406802466,-92.20003177500404,38.74406886022664,-0.536190927028656,0.536190927028656,1,1,-0.6078459879572082,-273.51505058,273.51505058,275.46048752507943,-275.46048752507943,275.46048752507943,0.716880943861343,0.3352726512461688,6.72100772568354,302.42618386514107,460.13042866839504,0.716880943861343,0.8840596527347926,0.3352726512461688,247.3702715777527,356.213033585898,3.3272109829258203,0.0117310189162615,0.3703808410404422,55.85539730242201,16.35373956036768,0.705315848049537,19.72743531040576,0.0117310189162615,0.3703808410404422,0.4304552808621759,0.6465259790420532,-177.3870391845703,0.4284873874202737,1.261385631625512,297.0304253005502,0.8417182167013144,1,-92.19989174276908,38.744023793725525,43.28453992111966,5.191809563443884,37.92421135938285,2.388321472062016,134.61314564759036,38.251649499675146,-93.46756055537342,0.5045791268348694,230510,274.36955558,381272,39.1714367342782,-91.688876748081,0.1893869489431381,293.06749498522777,9.909832335584808,278.24217224,2018-01-19 16:48:16.033999872+00:00,2018-01-19 17:00:00+00:00,246358.0,201801191100.0,201801191130.0,0.0,894.830864,65.772121,507.095415,56.142507,262.404715,350.546682,362.810941,6.891395,35.99055,419.236057,3.333771,4.530715,194.711411,0.945185,0.341726,22.126425,,-10.12714,-7.711216,98.47816,-1.132143,-0.414757,48.529095,5.418572,244.165009,-2.146279,,,US-MOz,-92.2,38.7441,219.4,MO,CST,DBF,Cfa,12.11,986.0,2018-01-19 11:00:00,11:00:00,19,0.1107138919802696,-0.1761456792710795,0.9836081088916756,-0.2616666666666666,893.4346735158155,0.5675797347381811,102.39462160038627,0.9944115633811073,0.357894190924459,3.9361767318295415,674.4370037514411,0.1,0.0127795896508374,0.6323222870334416,1.5814720127793205,-0.1242645375057723,-0.0685169338233407,0.7924529447139032,0.6924529447139032,0.7735490697334968,2018-01-19 11:00:00-06:00,US-MOz,0.6323232596626007,893.4360477843381,98.4488234215134,243.99999999999324,0.6822437471683757,0.5710290586773072,1.2754815482687911,0.2589361735147859,-0.181048482069005,1.094433066199786,0.0654986049702313,0.0616111585857386,1.8187014409751987,135.8537312420782,173.6175473057843,232.22422144103092,13.699001308299271,11.066418946466772,2.6421553886028,45.37272795308974,146.65629487453472,-166.25502614096587,39.02444362912795,26.13231172003962,10
1,1,1,-92.19858918560708,38.739846627654366,2018-03-08 06:00:00,56.72,82.24400270462037,2018-03-08,US-MOz,1,12.1487984416519,8.942411191489361,115.40602013251822,84.947337875,-10.878405145833334,129.83797210416665,US-MOz,50,0,0,LC08_025033_20180308,-92.19989174276908,38.744023793725525,2018-03-08 16:47:53.284000000,0.0295699999999999,0.0317425,0.04244,0.0508549999999999,0.16949,0.1722949999999999,0.1090174999999999,278.92577624,21824.0,0.0935305925,0.5384056819986841,0.2398505520899357,0.24703787768361,278.92577624,0.3149871133868103,0.953149871133868,0.9710394574741764,-92.20003177500404,38.74406886022664,-0.5384056568145752,0.5384056568145752,1,1,-0.5994903977728495,-278.92577624,278.92577624,280.7675164722513,-280.7675164722513,280.7675164722513,0.7688905601139311,0.3146857091233093,6.4372612935056175,327.1137907623804,705.6848516934663,0.7688905601139311,0.6393896406009236,0.3146857091233093,257.45441196917847,557.9605782251896,17.520474445671912,0.0120264471223241,0.2621487257830852,135.0045725224562,18.359810636153508,1.94208417640408,27.872209029483887,0.0120264471223241,0.2621487257830852,0.3450025590640711,0.8964353203773499,-249.74783325195312,0.5878208093350765,2.908135639508704,405.4355312570615,0.7501951250872867,0,-92.19989174276908,38.744023793725525,111.40534537775936,0.6302252463596799,49.216579240720144,1.6860950178697665,212.3883138997205,38.51900782789233,-91.47815847459252,0.6713407039642334,464426,278.60106434,785127,38.64428253464957,-91.89744130352392,0.2213713228702545,497.2331445733906,29.77213389725772,284.53132904,2018-03-08 16:47:53.284000+00:00,2018-03-08 17:00:00+00:00,248662.0,201803081100.0,201803081130.0,0.0,1381.778189,81.189978,768.548947,79.106543,227.299523,329.903122,586.838804,-0.319188,50.67985,418.744331,2.858924,3.132033,267.490201,0.579743,4.008833,37.985245,,-11.79523,-14.5802,99.18613,-1.165278,-0.002674,21.489508,0.163022,268.407755,-1.13013,,,US-MOz,-92.2,38.7441,219.4,MO,CST,DBF,Cfa,12.11,986.0,2018-03-08 11:00:00,11:00:00,67,0.1029297396200843,-0.0471252246386755,0.99220022580978,-0.2616666666666666,1004.3584507824868,0.7652138003132551,102.39462160038627,0.5967562367913023,0.3024351656714768,3.4112024615033323,758.1709996474489,0.1,0.0110846747396235,0.7233006687406089,1.3825509130817926,-0.1242294527671102,-0.0684748999335426,0.8034024655287523,0.7034024655287523,0.7935388490805889,2018-03-08 11:00:00-06:00,US-MOz,0.7233015200221355,1004.3596328521738,98.44882342151342,243.99999999999324,0.93077267796,0.9065431152460004,1.9561584088942885,0.2614644036196524,-0.2716686399899194,1.684489768904369,0.0654986049702313,0.0462847921861279,1.2824699225641194,156.73316400988,146.72263830168646,245.7021366235988,14.184770350685172,11.8376099436256,8.8538014522982,47.2751298149176,150.17522278350955,-167.21332454721843,48.05751661727077,30.407790811244173,10
2,2,2,-92.19858918560708,38.739846627654366,2018-05-27 06:00:00,170.16,201.35599729537964,2018-05-27,US-MOz,2,184.13003473665128,144.47158644680852,48.29493646649095,37.89303629166667,13.781385916666666,234.3788843125,US-MOz,52,0,0,LC08_025033_20180527,-92.19989174276908,38.744023793725525,2018-05-27 16:47:06.276000000,0.0202475,0.02088,0.04541,0.0258299999999999,0.3295125,0.1544475,0.0618274999999999,305.79483145999995,21824.0,0.1280465025,0.8546191350598369,0.5717377347940441,0.5325629791574722,305.79483145999995,1.4517549739219358,0.9645175497392192,0.9747907914139424,-92.20003177500404,38.74406886022664,-0.8546191453933716,0.8546191453933716,1,1,-0.7577632710760224,-305.79483145999995,305.79483145999995,307.5734745391275,-307.5734745391275,307.5734745391275,0.7403993811350005,2.252576280304796,33.14688782485027,478.2046071224212,896.8689054848397,0.7403993811350005,4.636473380754778,2.252576280304796,369.413672240701,660.1293418038498,51.48421056965682,0.0598450799243553,0.1487562963178362,31.079886973312465,30.056684588372285,0.8142386404580009,49.11835171149605,0.0598450799243553,0.1487562963178362,0.2098058788191933,0.2278799414634704,-69.27558898925781,0.8592851949262563,6.694027674335868,577.5652442608805,0.9489359474374016,0,-92.19989174276908,38.744023793725525,197.5618502636722,31.554870933143224,48.58382859815092,0.7988062131430417,313.05902207655663,38.78409669189932,-91.40898904344002,0.9086772799491882,362484,304.00037096,792337,39.339792438948805,-92.69214218201364,0.2613255679607391,455.7948650061622,128.21501887846847,324.7887686,2018-05-27 16:47:06.276000+00:00,2018-05-27 17:00:00+00:00,252504.0,201805271200.0,201805271230.0,0.0,1862.452058,63.422411,946.07373,98.881587,428.760386,498.887058,777.065472,32.15958,48.5676,400.389444,24.103612,2.024701,235.562346,0.354154,21.36235,36.117275,,18.65883,15.46599,98.18421,-20.999892,-0.561315,448.852837,-79.5917,169.537432,-2.840039,,,US-MOz,-92.2,38.7441,219.4,MO,CST,DBF,Cfa,12.11,986.0,2018-05-27 12:00:00,12:00:00,147,0.1045178445024575,0.1833579987999555,1.013314260100585,0.0,1173.084134853675,0.8064841232534516,102.39462160038627,4.797820825251304,2.3301864271247523,79.93707681871528,885.5383834314059,0.1,0.0763195870741323,0.8811481942210533,1.134882879586462,-0.1255798154524345,-0.0700927257594384,0.8145439850344168,0.7145439850344169,0.6856772503964732,2018-05-27 12:00:00-05:00,US-MOz,0.881148822802753,1173.0849716927269,98.44882342151332,244.00000000001071,0.0,-0.35,2.486120606003976,0.1298798079813032,0.0799387654463457,2.5660593714503217,0.0654986049702313,0.2628596386273665,0.5476371945395343,515.7850280009053,190.54159509891576,399.26448929560354,7.898680496611769,13.886143296598595,6.384996080884799,100.76321940146325,261.33811436811374,-231.72009176527047,47.229247231918336,18.90652994209312,10
3,3,3,-92.19858918560708,38.739846627654366,2018-09-16 06:00:00,124.78400270462036,153.14400270462036,2018-09-16,US-MOz,3,83.25740880097973,66.23288563043478,68.58045082402025,54.55708052083333,5.464704375,157.302564,US-MOz,56,0,0,LC08_025033_20180916,-92.19989174276908,38.744023793725525,2018-09-16 16:47:52.924999936,0.0143075,0.01494,0.0355375,0.0213474999999999,0.246655,0.1241424999999999,0.052395,305.31972668000003,21824.0,0.0974205225,0.8406917845915616,0.4460863315619828,0.440052278475656,305.31972668000003,0.943814016271982,0.9594381401627198,0.9731145862536976,-92.20003177500404,38.74406886022664,-0.8406918048858643,0.8406918048858643,1,1,-0.7481329234476466,-305.31972668000003,305.31972668000003,307.041616563601,-307.041616563601,307.041616563601,0.7215042039723814,2.1758944767904063,32.089995158113894,472.7368939815113,745.0344478413309,0.7215042039723814,3.965320998694073,2.1758944767904063,364.9724009068715,549.8843502074295,43.00962779427908,0.0355823270713447,0.1246041557104452,58.73960915285596,28.643575524010625,1.4596080241410905,58.63900798636448,0.0355823270713447,0.1246041557104452,0.1917115103015167,0.3228329718112945,-97.6635513305664,0.6663768994746407,4.210884135707668,448.1351132602945,0.8841141478249183,0,-92.19989174276908,38.744023793725525,133.45742783872743,28.82489354724489,54.8730979788776,0.7119838043807539,226.689993484888,38.000563997930925,-92.05373301432684,0.8781407475471497,550023,302.5203683,754713,39.34351189182721,-91.75215914843233,0.2372807711362838,382.8178065415213,93.11564153824644,317.27254262,2018-09-16 16:47:52.924999936+00:00,2018-09-16 17:00:00+00:00,257880.0,201809161200.0,201809161230.0,0.0,1531.185391,65.171987,810.604709,75.506138,406.178861,493.178793,648.098638,30.95402,40.45681,404.75399,18.111715,1.06856,118.879698,0.431837,22.63353,22.546705,,9.210307,6.242672,98.6207,-12.573403,-0.510713,168.141004,0.42407,310.141851,-2.145776,,,US-MOz,-92.2,38.7441,219.4,MO,CST,DBF,Cfa,12.11,986.0,2018-09-16 12:00:00,12:00:00,259,0.0931479143430438,0.0148985412007256,1.0052635878219691,0.0,1067.8343841012988,0.7591108893559498,102.39462160038627,4.480845419651524,1.81280711782212,49.2094871691753,806.0876532060374,0.1,0.0596094556187221,0.7893966707783043,1.2667902424950075,-0.1252339157313075,-0.0696783144993443,0.8077507670599209,0.7077507670599209,0.700674366422087,2018-09-16 12:00:00-05:00,US-MOz,0.7893974868596131,1067.8354880325846,98.44882342151335,244.000000000002,0.9242598430556768,0.8977507881251637,2.0652354894161693,0.1334872116669479,-0.2032867025142941,1.8619487869018752,0.0654986049702313,0.2294453721319777,0.5087567939469295,364.868749885951,153.2608457221595,391.2135751921375,6.517812865301271,10.8502997868905,4.5614767165992,75.30863718425542,256.67978589361707,-228.41973970734483,37.903154169371874,15.9972270793986,10
4,4,4,-92.19858918560708,38.739846627654366,2018-10-18 06:00:00,73.73599729537963,104.93200135231018,2018-10-18,US-MOz,4,45.42508391764284,33.91207904444445,88.71228299638248,66.22812097916666,-7.000794854166667,99.05182364583334,US-MOz,58,1,1,LC08_025033_20181018,-92.19989174276908,38.744023793725525,2018-10-18 16:48:06.775000064,0.0124924999999999,0.0146924999999999,0.0332,0.0251974999999999,0.1991075,0.1205125,0.0564374999999999,288.5406665,21824.0,0.0839317449999999,0.7753282361070865,0.3505970794664537,0.3601590490194048,288.5406665,0.6390241377450586,0.9563902413774504,0.9721087796545588,-92.20003177500404,38.74406886022664,-0.7753282189369202,0.7753282189369202,1,1,-0.7141719488178384,-288.5406665,288.5406665,290.03067765791866,-290.03067765791866,290.03067765791866,0.7442201951626197,0.6433493335703944,10.967177891462809,375.8774895086714,645.2640435836513,0.7442201951626197,1.5037201607897144,0.6433493335703944,293.37441974524245,495.8088490253699,23.89879171710886,0.0227109942281757,0.1785231014590108,80.6555091446631,23.78044387435853,1.5571797862510834,40.92839538482151,0.0227109942281757,0.1785231014590108,0.2517774178426966,0.5297878384590149,-152.09754943847656,0.5723013205662021,2.70978235366014,391.254548163598,0.8290871154458628,1,-92.19989174276908,38.744023793725525,93.10170911827866,13.060616813419443,42.78384704455409,1.0731210716277384,189.4384266062672,38.7979136749277,-91.25945128730643,0.8544818162918091,525881,287.09142602,827018,39.04354555687127,-93.15276407097832,0.2316219508647918,403.675865602033,48.91233397034674,295.62280394,2018-10-18 16:48:06.775000064+00:00,2018-10-18 17:00:00+00:00,259416.0,201810181200.0,201810181230.0,0.0,1246.466255,64.376875,698.215613,68.332484,297.882339,397.784052,529.981416,14.7857,34.73192,410.583333,5.477392,1.710415,156.536958,0.445518,12.251095,36.19315,,-4.392168,-7.555472,100.074,-9.65421,-0.640938,130.038487,-0.796711,355.072078,-3.544946,,,US-MOz,-92.2,38.7441,219.4,MO,CST,DBF,Cfa,12.11,986.0,2018-10-18 12:00:00,12:00:00,291,0.0978673102229812,-0.0925577393954023,0.996028791182174,0.0,990.7327151570564,0.7047467014242232,102.39462160038627,1.6819597810011462,0.5841769255694933,6.992084823163587,747.8852730506156,0.1,0.0202877461121834,0.7190047743363128,1.390811348816235,-0.1244199563445222,-0.0687031361035821,0.802540419926547,0.702540419926547,0.7727268811606772,2018-10-18 12:00:00-05:00,US-MOz,0.7190056982589053,990.7339882506036,98.44882342151335,244.000000000002,0.8627847971275414,0.8147594761221809,1.7886719288138817,0.2277073157414975,-0.2539683105402942,1.5347036182735874,0.0654986049702313,0.0983120949882041,0.789404566761365,229.4823940928344,125.71571958380952,294.0213861476251,7.270503444133721,9.5795501278,4.239383742551221,57.450610755148745,223.71372600260807,-206.06765010750297,34.772757071581246,16.28451386559372,10
5,5,5,-92.19858918560708,38.739846627654366,2018-12-05 06:00:00,39.70399932384491,62.39200135231018,2018-12-05,US-MOz,5,9.97888186264218,7.273407770833334,20.39844067169743,14.868016170212766,-9.2308400625,38.06276758333333,US-MOz,60,0,0,LC08_025033_20181205,-92.19989174276908,38.744023793725525,2018-12-05 16:48:09.349999872,-0.001945,0.0110899999999999,0.0395524999999999,0.04277,0.173945,0.0900699999999999,0.0578124999999999,275.7914519,21824.0,0.0754113375,0.6052880511270563,0.2433872152828802,0.2745338105104539,275.7914519,0.3854080208625437,0.9538540802086254,0.9712718464688463,-92.20003177500404,38.74406886022664,-0.605288028717041,0.605288028717041,1,1,-0.6294804388810175,-275.7914519,275.7914519,277.47651601152035,-277.47651601152035,277.47651601152035,0.7052423732258067,0.4718717628586438,8.60373078029764,312.887494354894,441.74564687405183,0.7052423732258067,0.7477040440113496,0.4718717628586438,256.95466894260863,340.6427818531467,5.57797298090711,0.0140361380634057,0.2476966851337362,74.24105625460724,20.67101860855322,1.1914705076733867,29.498433044810405,0.0140361380634057,0.2476966851337362,0.3173179128239913,1.515625,-419.35888671875,0.3769757218499813,0.8866142079548408,260.8237526176323,0.7784277719152672,0,-92.19989174276908,38.744023793725525,32.83514062412464,2.811791993697842,63.109430347213845,1.567811767762692,120.13263385630938,38.60107189519752,-93.05397590623036,0.649966299533844,440601,276.69039116,640380,39.51981580648349,-91.18293641362663,0.2469638586044311,311.3922720680591,9.045091899196976,278.80614554,2018-12-05 16:48:09.349999872+00:00,2018-12-05 17:00:00+00:00,261718.0,201812051100.0,201812051130.0,0.0,878.478395,82.564152,504.824907,58.677649,239.617244,331.262716,354.501786,3.032466,64.47633,419.931344,4.804167,2.884252,233.063273,0.442343,5.003598,39.15018,,-11.38081,-10.65324,99.33716,1.018379,-0.346105,17.152358,2.622144,122.238361,-1.170055,,,US-MOz,-92.2,38.7441,219.4,MO,CST,DBF,Cfa,12.11,986.0,2018-12-05 11:00:00,11:00:00,339,0.1162336647545799,-0.1945179883931089,0.9851563301797148,-0.2616666666666666,871.1243179586345,0.5795096022379342,102.39462160038627,0.7595141163536931,0.4897068280567911,5.53777540420494,657.5953763112047,0.1,0.0177306367240586,0.6184746841497132,1.6168810553253488,-0.124367024180188,-0.0686397197907566,0.7902947619235831,0.6902947619235831,0.7611600851110869,2018-12-05 11:00:00-06:00,US-MOz,0.6184756727871972,871.1257104588872,98.44882342151338,244.000000000002,0.6717590524313498,0.5568747207823224,1.2245189331348718,0.243829908224909,-0.1606462055367025,1.0638727275981692,0.0654986049702313,0.0531465044859262,1.1836727831891027,110.92026686293568,93.36207341053168,246.958381180453,11.795600397763002,10.908241401274724,3.058527201570973,47.9725441007455,166.93327043805232,-173.60532418164505,24.840536072632972,15.944193312968723,10
6,6,6,-92.19858918560708,38.739846627654366,2019-03-27 06:00:00,133.2919945907593,195.68400270462035,2019-03-27,US-MOz,6,24.73750975905038,16.789639468085106,123.28216092226538,83.67305581250001,4.686204895833334,141.78422291666666,US-MOz,62,1,1,LC08_025033_20190327,-92.19989174276908,38.744023793725525,2019-03-27 16:47:48.924000000,0.03331,0.0406249999999999,0.0614425,0.0713424999999999,0.194295,0.2138749999999999,0.1402025,290.46501176000004,21824.0,0.1142140025,0.4628582184367795,0.2332776792236252,0.2408825978351374,290.46501176000004,0.2998222072322767,0.9529982220723228,0.9709894132838665,-92.20003177500404,38.74406886022664,-0.4628582298755646,0.4628582298755646,1,1,-0.5194877559998045,-290.46501176000004,290.46501176000004,292.2642811077408,-292.2642811077408,292.2642811077408,0.7607281478372421,0.7627030516464948,12.612210527643322,384.636465678338,784.2633938234384,0.7607281478372421,1.5798161339952173,0.7627030516464948,290.98341800152457,587.3597469302721,49.805530454619074,0.0116175336540713,0.3458594825940968,243.12928259464184,14.464308125872188,2.865034181180647,21.12610597528175,0.0116175336540713,0.3458594825940968,0.4468214801386469,0.5445048809051514,-156.2742919921875,0.4315901296488146,2.734030160719747,294.4249338810112,0.5477120723028434,1,-92.19989174276908,38.744023793725525,141.88707254712503,13.817945626570229,48.27796319041794,2.232425731689335,250.81758856459737,38.46087574843385,-91.9146806999564,0.561897873878479,232064,287.0025575,368813,39.0227469759996,-92.86125878361612,0.1950967907905578,484.4872230155309,56.56528248066584,294.42307892,2019-03-27 16:47:48.924000+00:00,2019-03-27 17:00:00+00:00,267096.0,201903271200.0,201903271230.0,0.0,1484.614403,89.577121,818.77881,81.743833,313.7888,419.586217,631.23756,17.14198,34.83369,417.740282,6.487394,4.675079,173.856393,0.914593,8.420288,39.07418,,9.595384,4.104699,99.2075,3.699213,-0.069305,72.289968,7.482195,474.530071,-2.669359,,,US-MOz,-92.2,38.7441,219.4,MO,CST,DBF,Cfa,12.11,986.0,2019-03-27 12:00:00,12:00:00,86,0.0998362830127467,0.0183576212480777,0.9974637268993128,0.0,1087.511027857192,0.7528924204229027,102.39462160038627,1.9552330335299068,0.6810798136774038,8.749686917081442,820.9411673583213,0.1,0.023461080550584,0.7915154159002711,1.263399271715508,-0.124485644367397,-0.0687818347976544,0.8094627165080781,0.7094627165080781,0.7766545228060353,2019-03-27 12:00:00-05:00,US-MOz,0.7915162283467266,1087.5121441266444,98.44882342151335,244.000000000002,0.9553222874022664,0.9396850879930596,2.1739781276785712,0.2177339793226618,-0.2830559360051843,1.890922191673387,0.0654986049702313,0.1026651389508356,1.7007530905543764,274.2775435284159,143.08312007390637,297.97407799498865,20.72250010148777,17.8468964850638,11.800141102749972,56.43589945990921,134.44411786145182,-150.89301715565924,62.12320439016998,40.72392081128141,10
7,7,7,-92.19858918560708,38.739846627654366,2019-04-12 06:00:00,127.62,184.34,2019-04-12,US-MOz,7,27.99277022872244,19.80829275,154.02734517584048,108.99309785416666,-6.043663041666666,181.2581905,US-MOz,63,0,0,LC08_025033_20190412,-92.19989174276908,38.744023793725525,2019-04-12 16:47:44.114000128,0.0267099999999999,0.0314399999999999,0.0534675,0.0598199999999999,0.1949274999999999,0.20579,0.13176,290.52995414,21824.0,0.10803522,0.5303584922325048,0.2562644745352501,0.2685152981626306,290.52995414,0.3696033568019588,0.9536960335680196,0.9712196910774464,-92.20003177500404,38.74406886022664,-0.5303584933280945,0.5303584933280945,1,1,-0.5694961653817507,-290.52995414,290.52995414,292.2919425070212,-292.2919425070212,292.2919425070212,0.7862419150583944,0.4245807681507335,7.95192679005789,385.2624636265365,871.7053140676961,0.7862419150583944,1.105967479807817,0.4245807681507335,293.82436373848395,672.4871053237262,54.61679786336368,0.013569318542694,0.5179582088955513,475.0791121497888,10.384095573661217,4.002394891551376,14.106667210505442,0.013569318542694,0.5179582088955513,0.6465821882970461,1.0650014877319336,-307.2889709472656,0.2093195999792184,1.4888433690725136,142.79119531057364,0.2311022128535185,0,-92.19989174276908,38.744023793725525,183.1155384518232,8.448308967695187,38.38998667705062,3.29004313457272,301.6531850371508,38.67470067135035,-92.78847387971705,0.83095383644104,505066,288.53383046,837394,38.71415758201743,-92.78042106551926,0.2826447188854217,600.2056000997626,64.65229364691163,292.58760218,2019-04-12 16:47:44.114000128+00:00,2019-04-12 17:00:00+00:00,267864.0,201904121200.0,201904121230.0,0.0,1745.689918,97.861652,951.298017,95.405385,268.108649,382.696315,741.304967,9.774432,30.72204,416.730699,3.640219,7.146375,239.770227,1.125127,11.510213,40.99081,,-4.720164,-7.462462,98.21742,-0.521508,-0.002785,14.779124,0.87317,280.462751,0.270022,,,US-MOz,-92.2,38.7441,219.4,MO,CST,DBF,Cfa,12.11,986.0,2019-04-12 12:00:00,12:00:00,102,0.1002896918684526,0.0722750532170526,1.0021285119587149,0.0,1120.676402585913,0.8488605763491767,102.39462160038627,1.2095243705967105,0.3715905609444696,4.079404386300659,845.9769781263534,0.1,0.0131334513907614,0.8233008237971043,1.2146228584929022,-0.1242718624437887,-0.0685257095944908,0.8126093772279824,0.7126093772279825,0.8035507416731945,2019-04-12 12:00:00-05:00,US-MOz,0.8233015783572821,1120.6774296926046,98.44882342151335,244.000000000002,0.0,-0.35,2.4163671305956536,0.2487761924947529,0.11169331953635,2.528060450132004,0.0654986049702313,0.0750469825365346,2.4880595218939887,292.6900284884662,62.26044815959115,289.4492953386221,17.37950185665477,15.533910322980448,9.13426175816157,56.63227763562481,154.08502842606913,-165.4556948112659,59.78815926247059,38.2802267574864,10
8,8,8,-92.19858918560708,38.739846627654366,2019-05-14 06:00:00,150.3080054092407,207.0280054092407,2019-05-14,US-MOz,8,82.63555877175195,69.78656302127659,66.87174448634099,56.47386282978724,4.459871354166666,176.5057659361702,US-MOz,65,0,0,LC08_025033_20190514,-92.19989174276908,38.744023793725525,2019-05-14 16:47:49.212000000,0.0204399999999999,0.0224749999999999,0.05696,0.030065,0.3382025,0.146225,0.0652375,297.50613296,21824.0,0.1323659825,0.8367219480404868,0.5706123197262283,0.5323316259102179,297.50613296,1.4501413272664765,0.9645014132726648,0.9747854663799792,-92.20003177500404,38.74406886022664,-0.8367219567298889,0.8367219567298889,1,1,-0.7117135355708094,-297.50613296,297.50613296,299.2441178400351,-299.2441178400351,299.2441178400351,0.7598550327168454,1.3703066034910574,20.98671019765948,428.4198837588973,910.7548886384905,0.7598550327168454,2.382665474765828,1.3703066034910574,329.29755179990906,679.3899933265219,44.03139591910968,0.0597673196004221,0.3181502735539644,161.5459156220285,15.573494984337758,2.111067114420507,22.966078263011934,0.0597673196004221,0.3181502735539644,0.4246599578240468,0.648444652557373,-191.9321746826172,0.6992421893737392,5.180501599217088,473.8126817853837,0.745740568741466,0,-92.19989174276908,38.744023793725525,196.13353570273475,20.304119759908914,57.51149785832749,1.7087084309522462,313.7045823222159,38.24038164402107,-91.48604264792957,0.8962776064872742,183308,295.98853208,348449,39.40804736992232,-92.4385106758442,0.2769128382205963,638.8451717671333,101.95817887768372,304.71473714,2019-05-14 16:47:49.212000+00:00,2019-05-14 17:00:00+00:00,269400.0,201905141200.0,201905141230.0,0.0,1176.565432,54.19346,637.348203,80.045397,380.437952,438.046868,499.693891,22.39985,42.54749,405.601485,11.509479,3.937267,152.599947,0.602444,13.557643,41.646745,,10.82424,4.532165,98.43166,-18.247189,-0.815406,142.860191,-1.968597,141.842659,-0.817318,,,US-MOz,-92.2,38.7441,219.4,MO,CST,DBF,Cfa,12.11,986.0,2019-05-14 12:00:00,12:00:00,134,0.1255913119755042,0.1601312685189824,1.010637998278872,0.0,1164.2897309199689,0.5474137459723161,102.39462160038627,2.709057713122045,1.1526360595848308,21.14537750245428,878.8996944540781,0.1,0.0389983977723913,0.8699289790869144,1.149519126319495,-0.1248072668338885,-0.0691671602647553,0.8152045297546915,0.7152045297546915,0.7535677938889154,2019-05-14 12:00:00-05:00,US-MOz,0.8699296347038974,1164.2906083802434,98.44882342151335,244.000000000002,0.0,-0.35,2.524612551305896,0.1761158658428928,0.0932518674257897,2.6178644187316857,0.0654986049702313,0.1471395479497444,1.1715748649212108,431.2070938153001,165.15924751291126,351.7749008176022,8.9445218874424,16.9459493334016,6.686450338275971,100.6173179324044,248.92991112428328,-211.73914174296087,43.502834292076,19.408556348978003,10
9,9,9,-92.19858918560708,38.739846627654366,2019-05-30 06:00:00,141.8,178.66800540924072,2019-05-30,US-MOz,9,128.7695641624065,93.88765685416666,30.10151934432548,21.94743095833333,4.6971062083333335,156.15562852173912,US-MOz,66,1,1,LC08_025033_20190530,-92.19989174276908,38.744023793725525,2019-05-30 16:47:58.191000064,0.0234375,0.0232449999999999,0.0481874999999999,0.0259675,0.3582774999999999,0.1537049999999999,0.0652099999999999,296.8464551,21824.0,0.13729995,0.8648388398027301,0.6200993472638449,0.5637182002725489,296.8464551,1.6940732103639318,0.9669407321036392,0.9755904415942008,-92.20003177500404,38.74406886022664,-0.8648388385772705,0.8648388385772705,1,1,-0.7628947141820329,-296.8464551,296.8464551,298.61919621062543,-298.61919621062543,298.61919621062543,0.7595829974383075,1.4538747202612192,22.13851578567985,425.70659872451466,922.2197327880656,0.7595829974383075,2.4922097602824484,1.4538747202612192,330.76847108239616,689.7259184479498,38.220163690191534,0.071296808476206,0.4011745784587646,100.82650821998902,14.197679650485014,1.2025127785571217,18.213178187685266,0.071296808476206,0.4011745784587646,0.4922446806778556,0.5207102298736572,-154.29156494140625,0.8121889076965745,4.606317531001341,550.6792465377692,0.8452408018138257,1,-92.19989174276908,38.744023793725525,153.9585573037072,21.03403711982892,58.33677178507028,2.107781552555235,252.97383349515383,38.010002039101536,-92.0847092605532,0.9249423146247864,229429,296.30982596,389581,38.9718434584053,-92.04025213190069,0.306691974401474,565.6489763436452,104.82657368186162,305.95206038000003,2019-05-30 16:47:58.191000064+00:00,2019-05-30 17:00:00+00:00,270168.0,201905301200.0,201905301230.0,0.0,1544.973251,55.087567,798.549566,89.548929,355.798886,430.39991,634.399614,21.49261,53.14852,401.634519,14.43856,3.832776,254.65763,0.888216,18.93235,42.639465,,7.242308,5.360134,98.01105,-20.019553,4.063235,454.404486,-89.717773,165.239784,-1.130435,,,US-MOz,-92.2,38.7441,219.4,MO,CST,DBF,Cfa,12.11,986.0,2019-05-30 12:00:00,12:00:00,150,0.1121394748838921,0.187453959005819,1.0138418848701878,0.0,1174.429336879878,0.6799468822207023,102.39462160038627,2.5632603847351345,1.3623349582330295,28.70559544421336,886.553844057522,0.1,0.0462352924086784,0.8830775320177833,1.132403400316454,-0.1249570705528596,-0.0693466352517352,0.8158820866511278,0.7158820866511278,0.74141440376157,2019-05-30 12:00:00-05:00,US-MOz,0.8830781557963067,1174.4301664602613,98.44882342151335,244.000000000002,0.0,-0.35,2.5563930992885178,0.1711925815696481,0.0915502568432184,2.6479433561317363,0.0654986049702313,0.1530358868706915,1.421556970294469,437.9043216940127,178.31821539687567,354.4539986644414,7.70836032280925,14.30428855513122,6.900195848799471,106.35340581709023,256.72434382823724,-226.46259151946415,45.62678438114547,19.35735733707097,10
10,10,10,-92.19858918560708,38.739846627654366,2019-07-17 06:00:00,153.14400270462036,187.17599729537963,2019-07-17,US-MOz,10,154.2674346517363,135.60968953333335,22.348477526642125,19.645559711111108,9.042219791666666,192.71937889583333,US-MOz,68,1,1,LC08_025033_20190717,-92.19989174276908,38.744023793725525,2019-07-17 16:48:12.249000192,0.0165625,0.018625,0.0426874999999999,0.024565,0.321455,0.1470775,0.05773,307.3739567,21824.0,0.1234588975,0.8580139876307727,0.5584176442596156,0.5263882650528356,307.3739567,1.4094795448325956,0.964094795448326,0.9746512824979476,-92.20003177500404,38.74406886022664,-0.8580139875411987,0.8580139875411987,1,1,-0.7655450819390761,-307.3739567,307.3739567,309.36100635392137,-309.36100635392137,309.36100635392137,0.7284779816820717,2.817056565192035,40.92702660970079,487.94521993938446,868.142096791284,0.7284779816820717,4.54751758897403,2.817056565192035,380.6542225778078,640.0037655614026,51.21826188384904,0.0578039624934815,0.2193172450480702,63.99048184565808,21.94189957738612,1.230621724227447,33.31550184408672,0.0578039624934815,0.2193172450480702,0.2973279329691286,0.35812509059906,-109.55931854248048,0.7821393215640928,5.233887410542213,524.7950218318955,0.8913178374026303,1,-92.19989174276908,38.744023793725525,164.16709861470935,31.213614769773603,61.94712851737632,1.182747978554531,259.52206385505195,39.40254618059672,-91.27413027745644,0.893288254737854,389723,305.92471622,724536,38.50937028776883,-92.721172919672,0.4855978190898895,486.85355101331527,120.73726976233996,320.47522736,2019-07-17 16:48:12.249000192+00:00,2019-07-17 17:00:00+00:00,272472.0,201907171200.0,201907171230.0,0.0,1810.356379,63.103482,922.258364,91.172959,453.067976,500.85588,783.297501,32.57005,66.98807,411.971907,30.959379,2.654822,194.767167,0.65001,23.927763,27.55163,,14.28709,11.61137,98.34884,-25.503446,0.125591,464.038317,-19.718521,178.399241,-1.917106,,,US-MOz,-92.2,38.7441,219.4,MO,CST,DBF,Cfa,12.11,986.0,2019-07-17 12:00:00,12:00:00,198,0.0988583704511678,0.1818835678841718,1.0166389464119012,0.0,1164.5007136197908,0.7919775000679967,102.39462160038627,4.910100217462445,3.2891813707438944,157.18893895772823,879.0589280090821,0.1,0.1075844971975732,0.8804500664722676,1.1357827525719175,-0.1262269990919897,-0.0708680955304998,0.8132491492803788,0.7132491492803789,0.6413316219618805,2019-07-17 12:00:00-05:00,US-MOz,0.880450696780399,1164.5015472778218,98.44882342151335,244.000000000002,0.9875812293465662,0.9832346596178646,2.406489892305439,0.1050227485951802,-0.1807763695176514,2.225713522787788,0.0654986049702313,0.2584721285300141,0.8133602656130726,442.6200048574351,181.5760909150084,411.07951687058886,7.5506412463355,13.12102577663122,5.7248399435375,98.8068952509985,263.7311542820155,-235.30862086783955,45.20779311654425,17.744698520291,10
11,11,11,-92.19858918560708,38.739846627654366,2019-08-02 06:00:00,150.3080054092407,172.99599729537962,2019-08-02,US-MOz,11,136.6379951007869,116.605961375,77.08585407005144,65.7845580625,2.7385815416666666,205.75152785416665,US-MOz,69,0,0,LC08_025033_20190802,-92.19989174276908,38.744023793725525,2019-08-02 16:48:19.064999936,0.0210724999999999,0.022035,0.0415325,0.0244824999999999,0.3006375,0.1438875,0.0607274999999999,302.127296,21824.0,0.11818899,0.8493940698818897,0.5384103971862401,0.5020269778941245,302.127296,1.2569495426414046,0.962569495426414,0.9741479334907166,-92.20003177500404,38.74406886022664,-0.8493940830230713,0.8493940830230713,1,1,-0.7572405529415202,-302.127296,302.127296,304.1347684224631,-304.1347684224631,304.1347684224631,0.7465480672505778,1.800360767714876,26.91407590420949,454.7524092700327,871.7900377644058,0.7465480672505778,3.4714848862130805,1.800360767714876,351.1202119685262,651.9792497074959,46.26215075677721,0.0504078488824544,0.1851259095946149,81.15633234120226,22.975538073647503,1.5980825615369412,39.4686194808657,0.0504078488824544,0.1851259095946149,0.2664474693746528,0.4226138591766357,-126.93348693847656,0.7778168662094177,6.019728077503711,524.5607666095163,0.8660161113467176,0,-92.19989174276908,38.744023793725525,195.32512439524257,26.54606313288193,51.86140302280923,1.0151320536475497,301.99098165518774,39.40426516442344,-91.33645416428276,0.9113041758537292,336292,300.35334362000003,476365,38.61901100353179,-92.34925915073696,0.3918047249317169,535.6890161543712,113.57084055866174,314.35697156000003,2019-08-02 16:48:19.064999936+00:00,2019-08-02 17:00:00+00:00,273240.0,201908021200.0,201908021230.0,0.0,1611.023868,59.424933,851.8228,85.004922,384.251798,467.953455,683.116222,26.89539,47.53363,377.02801,16.171228,1.089904,83.484273,0.283184,22.10176,23.5462,,5.904251,4.06019,98.79621,-19.725315,-0.223782,372.02509,6.522772,221.908362,-2.021593,,,US-MOz,-92.2,38.7441,219.4,MO,CST,DBF,Cfa,12.11,986.0,2019-08-02 12:00:00,12:00:00,214,0.0997917900295695,0.1513145761045128,1.0150651256993857,0.0,1148.3423269895666,0.7417847274105915,102.39462160038627,3.543517432970212,1.6843624655735585,42.770198408973975,866.8613225958851,0.1,0.0561350511175139,0.865547034005581,1.155338717264384,-0.1251619955581325,-0.0695921492677143,0.8141875777545754,0.7141875777545754,0.7191793949076579,2019-08-02 12:00:00-05:00,US-MOz,0.8655476997931308,1148.3432103061216,98.44882342151335,244.000000000002,0.0,-0.35,2.416601984682933,0.1521514678066087,0.0876392213157586,2.504241205998692,0.0654986049702313,0.2043553424985361,0.706297977861873,470.6270587818072,167.53325392956887,377.8522521450074,7.39683152431997,12.54810192112,6.65737496736,90.8307949512,256.6251335718504,-228.78304068176632,43.4723413032,18.34743536783997,10
12,12,12,-92.19858918560708,38.739846627654366,2019-09-19 06:00:00,144.63599729537964,190.0119945907593,2019-09-19,US-MOz,12,131.68614111937288,108.06131360416668,22.965726075739628,18.84561660416667,6.429159104166668,144.62632820833332,US-MOz,71,1,1,LC08_025033_20190919,-92.19989174276908,38.744023793725525,2019-09-19 16:48:33.313999872,0.0108975,0.0157924999999999,0.0382875,0.0245924999999999,0.2259475,0.1275525,0.05168,304.10632958,21824.0,0.0925720525,0.8036840424682687,0.4010868017134656,0.4024202574146615,304.10632958,0.7896948896778485,0.9578969488967785,0.9726059931359368,-92.20003177500404,38.74406886022664,-0.8036840558052063,0.8036840558052063,1,1,-0.7102011467065302,-304.10632958,304.10632958,305.78663549184006,-305.78663549184006,305.78663549184006,0.7162394135005214,2.357125168743744,34.58786793280809,464.5192186958543,731.6695488562917,0.7162394135005214,4.08193270640046,2.357125168743744,366.9431116459378,550.9118653353953,47.67036451274671,0.0287994740739083,0.1765681710263897,59.85763422852386,25.11209844323973,1.2983196373529609,41.38154707819312,0.0287994740739083,0.1765681710263897,0.2456488116136142,0.431347519159317,-130.60198974609375,0.6585058585142542,3.5774084842259057,443.3838665941248,0.8810558466845946,1,-92.19989174276908,38.744023793725525,113.91321171635856,29.32672046686694,57.74532159846186,1.0336170989502134,198.9015165865802,39.02302756206712,-91.20196355608188,0.8901358246803284,399710,302.7767198,535742,39.0227296655348,-92.8473962578916,0.3817249536514282,380.8721474573106,85.95362066881457,312.78126434,2019-09-19 16:48:33.313999872+00:00,2019-09-19 17:00:00+00:00,275544.0,201909191200.0,201909191230.0,0.0,1420.582304,59.779911,762.312268,65.115866,422.771281,490.090866,629.876816,31.13169,56.72781,393.080966,24.264463,1.510915,187.288368,0.370855,23.86192,26.57571,,9.86056,7.868875,98.65768,-11.226135,-0.521986,311.222898,9.210711,128.175457,-1.369174,,,US-MOz,-92.2,38.7441,219.4,MO,CST,DBF,Cfa,12.11,986.0,2019-09-19 12:00:00,12:00:00,262,0.0854188876834394,0.0044989414211474,1.004422588407652,0.0,1060.9151975680063,0.7185421320643627,102.39462160038627,4.526384231291168,2.567718646596814,96.6148503280585,800.8645101893374,0.1,0.0843834626767761,0.7829699567100722,1.277188213200232,-0.1257467376774092,-0.070292709874384,0.8061191180890579,0.7061191180890579,0.6595997348965688,2019-09-19 12:00:00-05:00,US-MOz,0.7829707836604528,1060.9163180761675,98.44882342151335,244.000000000002,0.9135996657952956,0.8833595488236491,2.028187989429641,0.1250589538794942,-0.1886471678121559,1.839540821617485,0.0654986049702313,0.2353046194059667,0.7492500373802413,362.9550351225592,176.68653558661404,393.27033225181344,7.47873491019612,11.643471093794252,4.80259920989212,68.71206490277706,244.40540429704208,-215.97666398843003,38.78952260375296,15.7162151126944,10
13,13,13,-92.19858918560708,38.739846627654366,2020-03-29 06:00:00,150.3080054092407,224.0440027046204,2020-03-29,US-MOz,13,53.87532745350771,34.792529375,173.09058434813207,111.7813946590909,0.4986079375,169.09048247916667,US-MOz,77,0,0,LC08_025033_20200329,-92.19989174276908,38.744023793725525,2020-03-29 16:47:58.589999872,0.0248674999999999,0.027425,0.0458224999999999,0.0521475,0.1751275,0.1901975,0.1251324999999999,293.29513232,21824.0,0.09733354,0.5411065889341106,0.2397598112802915,0.2536454573579457,293.29513232,0.3315026953823409,0.9533150269538234,0.9710939588947616,-92.20003177500404,38.74406886022664,-0.5411065816879272,0.5411065816879272,1,1,-0.5852229011088482,-293.29513232,293.29513232,295.10532574794746,-295.10532574794746,295.10532574794746,0.771646984806176,0.562176014483792,9.848379405441497,399.9805918896803,807.0725468418924,0.771646984806176,1.62102659196718,0.562176014483792,297.5288962601663,612.1754946890768,55.65040661501947,0.0124814401052612,0.5812780195146614,532.0122481572153,9.528185702050084,4.154036407141007,12.569998927431849,0.0124814401052612,0.5812780195146614,0.7134392387648413,0.6749595403671265,-195.0301208496093,0.0360311692415205,0.2454615549659057,24.51283991684204,0.0440462441714399,0,-92.19989174276908,38.744023793725525,157.97145958604534,14.214815694889996,34.68024628772864,3.724394249389059,268.8769644133493,39.319201427324025,-92.30488659433249,0.8245041966438293,537059,288.95082890000003,761017,38.63781082808831,-92.19845674540451,0.259283572435379,615.3216574230792,63.84204110361844,295.79712296,2020-03-29 16:47:58.589999872+00:00,2020-03-29 17:00:00+00:00,284760.0,202003291200.0,202003291230.0,0.0,1614.56358,86.595179,898.446097,85.085698,289.991888,407.712868,695.639419,15.62196,27.98139,421.308843,4.65003,7.843572,267.29406,1.198238,11.743713,47.343315,,12.44307,-0.629879,98.50601,-4.656567,0.015614,46.00875,-4.341232,282.657524,0.049709,,,US-MOz,-92.2,38.7441,219.4,MO,CST,DBF,Cfa,12.11,986.0,2020-03-29 12:00:00,12:00:00,89,0.0947031750531384,0.0286981684189571,0.998334378411144,0.0,1094.224581659537,0.8210801622070919,102.39462160038627,1.7748428791430844,0.4966257079002551,5.6356036641641865,826.0090820733815,0.1,0.0171972552544575,0.797792603649662,1.2534585999234635,-0.1243559831837672,-0.0686264919303105,0.810279159221609,0.710279159221609,0.7912539796332685,2020-03-29 12:00:00-05:00,US-MOz,0.7977934051723221,1094.2256810001345,98.44882342151335,244.000000000002,0.977074664622384,0.9690507972402184,2.237205099845726,0.2350302430036045,-0.3168362265187271,1.9203688733269983,0.0654986049702313,0.1050110371987242,2.8278800726413142,289.5154465605252,12.726354046350613,298.1946835028993,15.2946079126572,13.43951620073317,8.043619003876,51.3640432853708,158.7039286006538,-171.6430282174139,55.7840009294332,36.700753145032365,10
14,14,14,-92.19858918560708,38.739846627654366,2020-04-14 06:00:00,90.75200135231016,127.62,2020-04-14,US-MOz,14,27.641333324758023,20.834253041666667,138.9024998104277,104.69573935416666,-9.006270854166667,168.19996641666668,US-MOz,78,0,0,LC08_025033_20200414,-92.19989174276908,38.744023793725525,2020-04-14 16:47:51.513999872,0.0355925,0.0383425,0.0574,0.0625425,0.1919024999999999,0.205625,0.1330799999999999,287.13586028,21824.0,0.110223725,0.5084006366798325,0.2527374517789407,0.2571956868956649,287.13586028,0.340480048169363,0.9534048004816936,0.9711235841589588,-92.20003177500404,38.74406886022664,-0.5084006190299988,0.5084006190299988,1,1,-0.5395152475406383,-287.13586028,287.13586028,288.9042501100226,-288.9042501100226,288.9042501100226,0.7960342430769509,0.286370555484398,6.046998195000588,367.4600520166108,891.5148593984541,0.7960342430769509,0.9983205374471268,0.286370555484398,276.72474973485697,689.6194234954023,46.86334621391216,0.0127329744161751,0.3419731757710494,200.5294136934241,14.947970233574706,2.415599428908024,21.366190682542904,0.0127329744161751,0.3419731757710494,0.4378200440098836,0.5585111975669861,-158.94065856933594,0.6461617278304177,3.95005468198426,442.2266635880661,0.6880163085480968,0,-92.19989174276908,38.744023793725525,163.71814923205494,6.948492434748375,28.68523132026269,2.1865925883360364,265.1356020076206,38.66182221459023,-91.38308134176523,0.7533592581748962,461613,284.57918132,765351,38.65981576848554,-92.29923843227868,0.2196288257837295,627.8738744286061,69.66197284983818,295.49975522,2020-04-14 16:47:51.513999872+00:00,2020-04-14 17:00:00+00:00,285528.0,202004141200.0,202004141230.0,,1766.145268,94.826451,982.659232,95.060452,253.23948,373.14937,767.68889,7.627983,22.48368,423.459547,2.203226,5.216389,256.614699,0.920627,9.83743,42.264705,,-0.374665,-7.959059,99.30756,-5.922472,-0.851883,63.674423,1.57258,371.347626,-2.448767,,,US-MOz,-92.2,38.7441,219.4,MO,CST,DBF,Cfa,12.11,986.0,2020-04-14 12:00:00,12:00:00,105,0.0967379625656435,0.0818960649725985,1.0029958649126791,0.0,1126.1076841868762,0.8726156883562557,102.39462160038627,1.0458891235176448,0.235154363686512,2.892704394027286,850.0769318039522,0.1,0.0083748015557529,0.8287235729582119,1.2066749790046394,-0.124173358392204,-0.0684076950785826,0.8132479678646355,0.7132479678646355,0.8126154714609244,2020-04-14 12:00:00-05:00,US-MOz,0.8287243169536541,1126.1086951620816,98.44882342151338,244.000000000002,0.0,-0.35,2.471279190252514,0.2650809577777839,0.1164983644491698,2.5877775547016846,0.0654986049702313,0.0685769516148548,1.6586735534053196,300.0420260376861,133.75777820847998,265.6399613285804,17.958194541561898,16.481598380071997,11.0095067227859,55.102089427382666,145.98005417996342,-154.91417473675833,59.042311270075,38.21204028606237,10
15,15,15,-92.19858918560708,38.739846627654366,2020-06-17 06:00:00,164.4880054092407,204.1919945907593,2020-06-17,US-MOz,15,171.44976180894713,129.27932917021278,42.26905101287233,31.872395166666667,6.778040104166667,234.9288514375,US-MOz,80,1,1,LC08_025033_20200617,-92.19989174276908,38.744023793725525,2020-06-17 16:47:55.410000128,0.02198,0.021925,0.0464825,0.0262975,0.32734,0.1513675,0.0633949999999999,302.6912693,21824.0,0.1277521425,0.851274256830794,0.5698594482040604,0.5289877143401034,302.6912693,1.4270789740440453,0.9642707897404404,0.9747093606143452,-92.20003177500404,38.74406886022664,-0.8512742519378662,0.8512742519378662,1,1,-0.7513124544402756,-302.6912693,302.6912693,304.5478893496399,-304.5478893496399,304.5478893496399,0.7574238657134531,1.5546893659821823,23.528027441363825,458.96719808643394,920.0854367186316,0.7574238657134531,3.524965234903754,1.5546893659821823,353.9160969339892,684.8463071007363,49.52525099010394,0.0586546135009451,0.3312068054715383,46.0091033618285,17.61294470845599,0.69815190966834,22.06073051982287,0.0586546135009451,0.3312068054715383,0.3990839535485876,0.2145130038261413,-64.63133239746094,0.8741808972934343,7.312374974524735,589.311952748804,0.9275813340053748,1,-92.19989174276908,38.744023793725525,221.4313710638372,26.806015500988995,44.105097848564505,1.782951038630299,340.974776047012,38.86449777660573,-91.7519327451292,0.8990139365196228,447260,301.29329912000003,533329,39.32932013290643,-91.46909699704202,0.2434810996055603,435.0261036937672,124.75052779271354,321.5758298,2020-06-17 16:47:55.410000128+00:00,2020-06-17 17:00:00+00:00,288600.0,202006171200.0,202006171230.0,0.0,1905.583745,62.711853,993.188352,107.620324,375.313232,465.584715,795.296545,26.74098,46.9901,401.823701,15.012032,3.076723,157.381145,0.558424,20.12017,36.111905,,13.53938,10.02465,98.90055,-17.284846,-1.593815,352.192071,21.916713,141.251481,-0.404401,,,US-MOz,-92.2,38.7441,219.4,MO,CST,DBF,Cfa,12.11,986.0,2020-06-17 12:00:00,12:00:00,169,0.1083584234382966,0.2014655703252709,1.0162779755943905,0.0,1177.3925989694385,0.8435490021504546,102.39462160038627,3.511518522946759,1.650066065451205,41.130835398612646,888.7907318499006,0.1,0.0550203625693789,0.8895652608628605,1.1241446175967125,-0.1251389215051861,-0.0695645049917206,0.8160011739397517,0.7160011739397517,0.7243942376337351,2020-06-17 12:00:00-05:00,US-MOz,0.8895658681318641,1177.3934027261294,98.44882342151335,244.000000000002,0.0,-0.35,2.550476830584047,0.1654379434892829,0.0956232804486325,2.64610011103268,0.0654986049702313,0.2070952823876803,1.2245289787179054,501.0113946723193,193.4781298434829,380.1937634319797,7.96002365441675,14.06984692523725,6.6365060794025,99.082960092662,257.67328532252725,-227.41572047542545,45.817620705767744,19.189113017273467,10
16,16,16,-92.19858918560708,38.739846627654366,2020-07-03 06:00:00,136.12800540924073,161.65199459075927,2020-07-03,US-MOz,16,161.5974282414998,115.70121832608696,62.905974308050766,45.03968872916667,10.878510020833334,191.9561530625,US-MOz,81,0,0,LC08_025033_20200703,-92.19989174276908,38.744023793725525,2020-07-03 16:48:03.207000064,0.0201375,0.0223099999999999,0.0484074999999999,0.02814,0.3690575,0.163055,0.0649624999999999,301.3411514,21824.0,0.14121452,0.8583072652773495,0.6218523646140572,0.5699706586342472,301.3411514,1.7498750688181124,0.967498750688181,0.9757745877270998,-92.20003177500404,38.74406886022664,-0.8583072423934937,0.8583072423934937,1,1,-0.7680883427353191,-301.3411514,301.3411514,303.2746208716195,-303.2746208716195,303.2746208716195,0.7318841099629871,2.703562925534311,39.36276246908285,452.3423450154639,882.08776106064,0.7318841099629871,3.5398072567069985,2.703562925534311,350.1086366199873,643.9114848041031,43.996312727706325,0.0738466304143078,0.2067600493768784,104.65524582293811,20.68263803330259,1.8470371076798813,35.33885827489114,0.0738466304143078,0.2067600493768784,0.2999631701667403,0.5157945156097412,-154.58035278320312,0.7337559213666528,4.154997002758242,495.2599262534586,0.8255499265659334,0,-92.19989174276908,38.744023793725525,141.54603216261847,26.87754902871115,76.37599251800431,1.0815145770924024,230.0966667385215,38.39108244997179,-92.25580781694958,0.8944913148880005,179794,299.69366576,346852,39.51981580648349,-91.18293641362663,0.434672474861145,542.2008458850709,104.55395997487612,310.28269172,2020-07-03 16:48:03.207000064+00:00,2020-07-03 17:00:00+00:00,289368.0,202007031200.0,202007031230.0,0.0,1908.101646,64.295558,979.568154,97.755472,427.567714,480.447643,828.932753,28.78825,70.87221,397.036857,27.816365,3.087589,80.981827,0.520926,23.341887,30.64447,,17.71955,14.27807,98.4827,-19.646595,5.492481,383.961326,-73.496674,199.676021,-3.934371,,,US-MOz,-92.2,38.7441,219.4,MO,CST,DBF,Cfa,12.11,986.0,2020-07-03 12:00:00,12:00:00,185,0.0997944569765995,0.1967089865421374,1.0169974838196256,0.0,1172.8421053817003,0.8352088908687332,102.39462160038627,3.956920707976329,2.8043571536904706,114.83838971727184,885.3556599974307,0.1,0.0928754233114605,0.8873823597945762,1.126909937934189,-0.1259225212625472,-0.0705033104981242,0.8143431818362807,0.7143431818362808,0.6635157070504292,2020-07-03 12:00:00-05:00,US-MOz,0.8873829726816689,1172.8429154268636,98.44882342151335,244.000000000002,0.9963089421749444,0.9950170719361752,2.445147273660094,0.1098047929680713,-0.1806036544340171,2.264543619226077,0.0654986049702313,0.2078546554546955,0.7268881616477503,417.8516347934301,161.3461341448149,378.3934011070012,8.479740000396,14.587171786395473,6.72292108773397,111.2122119828055,258.6432995736617,-231.4566255767789,49.135181441527,19.57587454782247,10
17,17,17,-92.19858918560708,38.739846627654366,2020-08-04 06:00:00,127.62,153.14400270462036,2020-08-04,US-MOz,17,152.67456152392262,102.95404168085106,29.77478905803813,20.07822942553192,-4.781430916666666,175.57835954166669,US-MOz,83,0,0,LC08_025033_20200804,-92.19989174276908,38.744023793725525,2020-08-04 16:48:12.824000000,0.028085,0.024785,0.0443375,0.02396,0.3232974999999999,0.1484525,0.0608374999999999,294.9323639,21824.0,0.12658903,0.8620044203508921,0.5841096419678886,0.5299525232883744,294.9323639,1.4336835563008283,0.9643368355630082,0.9747311557357928,-92.20003177500404,38.74406886022664,-0.8620043992996216,0.8620043992996216,1,1,-0.7587960885117033,-294.9323639,294.9323639,296.9288438090705,-296.9288438090705,296.9288438090705,0.7612418657659277,1.233014074351937,19.094429883496048,413.7152616538049,885.026645358711,0.7612418657659277,2.398218164086785,1.233014074351937,323.0465635847083,670.8024200115747,34.67373192895166,0.0589735158873846,0.2853251417285898,78.70011424738561,18.326985444546835,1.203713733185026,25.60820275974603,0.0589735158873846,0.2853251417285898,0.369006678440834,0.5208767652511597,-153.45960998535156,0.8208013483310999,3.56220838230021,557.4285738352374,0.8762827149258143,0,-92.19989174276908,38.744023793725525,115.03102778344616,20.40951525134788,51.413757631239335,1.5349372256470244,199.3369696243421,39.024231502814416,-92.25441346690263,0.9218178987503052,133471,294.61790606,190880,39.17901360912611,-91.89851393968678,0.662857711315155,569.336491385504,78.54285366864522,304.21912424,2020-08-04 16:48:12.824000+00:00,2020-08-04 17:00:00+00:00,290904.0,202008041200.0,202008041230.0,0.0,1582.286626,57.0175,855.960347,85.857614,366.49761,431.024087,705.576256,21.0584,52.84214,388.264479,13.318597,1.553561,24.231237,0.381305,20.409493,41.331875,,-0.689964,-0.250176,98.94016,-21.73395,0.202095,255.478366,18.361218,106.56345,0.93496,,,US-MOz,-92.2,38.7441,219.4,MO,CST,DBF,Cfa,12.11,986.0,2020-08-04 12:00:00,12:00:00,217,0.100305597450766,0.1442294990619166,1.01463867614265,0.0,1144.5673022212509,0.7478462344143904,102.39462160038627,2.495940749209672,1.3189085050144238,27.036443808526908,864.0116406141809,0.1,0.0448275330507685,0.8619769368180998,1.160123847038644,-0.1249279299341509,-0.069311722819659,0.8143719205660311,0.7143719205660312,0.7414687564183235,2020-08-04 12:00:00-05:00,US-MOz,0.8619776107412298,1144.5681970832195,98.44882342151335,244.000000000002,0.0,-0.35,2.453293860934347,0.1845423663588759,0.0978540814334189,2.551147942367766,0.0654986049702313,0.1479788793231821,1.0536855344270493,427.3406912283284,166.46913353459098,343.11363181855364,7.066579439043999,13.07656368441625,7.3098986392615,95.35089591796022,254.23300138633783,-223.79352410283028,43.78344675186474,17.942947688766218,10
18,18,18,-92.19858918560708,38.739846627654366,2020-08-20 06:00:00,130.45599729537963,150.3080054092407,2020-08-20,US-MOz,18,147.3559150326856,116.80716835416666,54.34886551036071,43.08165764583333,-1.847942375,193.8160652708333,US-MOz,84,1,1,LC08_025033_20200820,-92.19989174276908,38.744023793725525,2020-08-20 16:48:18.953999872,0.012465,0.0132074999999999,0.0351249999999999,0.0195875,0.2742925,0.132915,0.0556949999999999,299.50567465999995,21824.0,0.10545814,0.8666972914114602,0.492560014465161,0.4812534639995968,299.50567465999995,1.141760183864316,0.9614176018386432,0.9737678086067522,-92.20003177500404,38.74406886022664,-0.8666973114013672,0.8666973114013672,1,1,-0.7729604821963851,-299.50567465999995,299.50567465999995,301.43641849942486,-301.43641849942486,301.43641849942486,0.7480562385371483,1.5476651987233547,23.431214501063177,438.6471873953486,842.4219239979506,0.7480562385371483,3.197365139428965,1.5476651987233547,345.78622309053,647.379448755096,37.495842618658095,0.0448534158233244,0.1352529392669564,57.37739241314529,27.943598687566087,1.3608927028764128,54.02222030397004,0.0448534158233244,0.1352529392669564,0.2047617859897762,0.6232114434242249,-186.4977264404297,0.8171101334765108,6.129527561309458,552.5062137232926,0.9059207497367796,1,-92.19989174276908,38.744023793725525,190.62599498771448,25.15616981459621,48.40439334369426,0.7521049861200644,305.1048428717141,39.28068502797465,-91.27712540921478,0.9472857117652892,431250,299.25274118,775865,39.66171019574352,-91.7317666806266,0.6081855297088623,554.6310633185539,88.01559442841084,309.12740096,2020-08-20 16:48:18.953999872+00:00,2020-08-20 17:00:00+00:00,291672.0,202008201200.0,202008201230.0,0.0,1733.619959,61.201161,914.241016,86.902432,360.666614,454.635248,733.36995,24.893,49.95393,382.451436,15.646782,1.604073,106.245151,0.515333,20.46819,27.57978,,9.736221,10.64848,98.48172,-17.97257,-1.341381,384.029462,26.282595,181.431468,-0.010673,,,US-MOz,-92.2,38.7441,219.4,MO,CST,DBF,Cfa,12.11,986.0,2020-08-20 12:00:00,12:00:00,233,0.0950541820801441,0.1004586112864417,1.0117379924152758,0.0,1120.413289138441,0.8159855161152358,102.39462160038627,3.147643935831601,1.572371848354563,37.54179427557091,845.7783129941162,0.1,0.0527547734246782,0.8389688848450826,1.1919393174928676,-0.1250920238098908,-0.069508318380932,0.8122543723957485,0.7122543723957485,0.7222989326974676,2020-08-20 12:00:00-05:00,US-MOz,0.8389696082634301,1120.4142552380724,98.44882342151335,244.000000000002,0.996031597234642,0.9946426562667668,2.335193573322319,0.1658327301271052,-0.2664504402169653,2.0687431331053534,0.0654986049702313,0.1902175643470622,0.5282323078952058,385.717838905004,186.8665170576097,369.9172015498149,5.866567402402749,10.520136822432468,3.95572119807192,82.15216026667804,259.580756990184,-231.5060507057472,39.808796747433895,16.680968550188666,10
19,19,19,-92.19858918560708,38.739846627654366,2020-09-05 06:00:00,138.96400270462036,175.83199459075928,2020-09-05,US-MOz,19,134.82994032242894,105.12160889583332,51.57167915205927,40.20841270833333,2.8987603125,178.99117835416666,US-MOz,85,0,0,LC08_025033_20200905,-92.19989174276908,38.744023793725525,2020-09-05 16:48:26.516000000,0.0155724999999999,0.0162875,0.0346299999999999,0.0201649999999999,0.26486,0.12846,0.0510475,301.59408488,21824.0,0.1029226125,0.8585036400315762,0.484086828790599,0.4675551734021209,301.59408488,1.0719158641646276,0.9607191586416464,0.9735373223517432,-92.20003177500404,38.74406886022664,-0.8585036396980286,0.8585036396980286,1,1,-0.768740191659154,-301.59408488,301.59408488,303.3894174931403,-303.3894174931403,303.3894174931403,0.7243942939429344,2.299593733664959,33.794921639752026,450.6825972770569,779.1452715192956,0.7243942939429344,3.733959819470002,2.299593733664959,362.79167607482015,596.8119211812449,38.49945953724681,0.0415299707570509,0.1218030601511681,26.339579181302348,34.18704381123286,0.7720053043426844,59.987524720403584,0.0415299707570509,0.1218030601511681,0.1761139602117245,0.6234923005104065,-188.3889617919922,0.7882361888096426,5.052198318097542,531.9728824626957,0.952822870720558,0,-92.19989174276908,38.744023793725525,149.10427651294057,27.790013796881023,61.58592606364369,0.6835193261229787,241.8096115498116,39.12684745591993,-91.71434489653616,0.9349573254585266,466364,302.15122214,720796,39.35184627754226,-92.44383530936928,0.5482342839241028,478.70431868873794,87.85804993532085,310.92527948,2020-09-05 16:48:26.516000+00:00,2020-09-05 17:00:00+00:00,292440.0,202009051200.0,202009051230.0,0.0,1369.368107,52.046518,729.22057,67.463173,400.300024,468.832718,593.224703,27.74718,65.97819,413.356006,22.902228,1.657873,253.179799,0.598898,21.231787,29.40572,,16.90645,8.746005,99.39299,-8.209634,-2.134941,356.094272,-26.786129,141.876695,-0.903637,,,US-MOz,-92.2,38.7441,219.4,MO,CST,DBF,Cfa,12.11,986.0,2020-09-05 12:00:00,12:00:00,249,0.0925140839074246,0.049122595680465,1.0079533684068458,0.0,1089.7839884263185,0.6691423050296571,102.39462160038627,3.7246425784938606,2.4574517572595784,88.67154790660778,822.6569291201803,0.1,0.0816680996864075,0.8099398909767187,1.234659523676609,-0.1256905296635086,-0.0702253688722229,0.8086452599267756,0.7086452599267756,0.669160711781438,2020-09-05 12:00:00-05:00,US-MOz,0.8099406706722372,1089.7850375161354,98.44882342151335,244.000000000002,0.9471083801027244,0.928596313138678,2.159790692651488,0.1276982402808841,-0.1984091886850718,1.961381503966416,0.0654986049702313,0.2177483430070888,0.48291813014787,375.9881537079028,196.6154527697209,389.8225789675855,6.08164472160517,10.44420315939437,4.912213657483,79.8802093213168,258.91961968147217,-231.8474946139184,38.7427761436848,15.395624047911802,10
20,20,20,-92.19858918560708,38.739846627654366,2020-09-21 06:00:00,107.76799864768982,144.63599729537964,2020-09-21,US-MOz,20,99.39105031809804,80.2266528125,40.55457780169415,32.73491952083334,-3.0784683125,126.5887334375,US-MOz,86,1,1,LC08_025033_20200921,-92.19989174276908,38.744023793725525,2020-09-21 16:48:31.926000128,0.0097974999999999,0.0156274999999999,0.0388924999999999,0.0247574999999999,0.2415675,0.1145175,0.04882,296.17652318,21824.0,0.0953876124999999,0.8140805406927627,0.4258169052119903,0.4243826052914887,296.17652318,0.8769951970511902,0.9587699519705118,0.9728940841502688,-92.20003177500404,38.74406886022664,-0.814080536365509,0.814080536365509,1,1,-0.7226520715966627,-296.17652318,296.17652318,297.8132668944515,-297.8132668944515,297.8132668944515,0.7373448781558921,1.403107866494281,21.438804602576457,418.3116849065525,743.8981979375019,0.7373448781558921,2.6572503008462047,1.403107866494281,333.86795599442013,574.7304041199018,36.37857138884071,0.0325828318967308,0.1815958547377207,70.62801961065902,24.019455958391884,1.4194424645158392,40.23585280838064,0.0325828318967308,0.1815958547377207,0.2553387598513897,0.9484416842460632,-281.0390625,0.6893017798308008,4.272179768465052,467.7238131204021,0.8688069486967979,1,-92.19989174276908,38.744023793725525,139.0256945147616,22.08246818890694,52.80299962888176,1.0482155742961925,244.17505421751488,38.57840643676681,-91.74519013580444,0.853339433670044,476529,296.316662,800206,39.25443808165922,-92.32430218091322,0.4783356785774231,509.62628759337775,69.58223051911797,302.05551758,2020-09-21 16:48:31.926000128+00:00,2020-09-21 17:00:00+00:00,293208.0,202009211200.0,202009211230.0,0.0,1368.128807,57.452411,765.254647,74.684076,346.253197,439.337196,597.486571,22.90581,51.72772,400.383284,10.407188,1.237858,155.283547,0.4068,16.966507,26.69918,,10.32274,1.594732,99.43307,-14.830145,-0.218969,250.254517,-2.98823,151.252844,-1.861347,,,US-MOz,-92.2,38.7441,219.4,MO,CST,DBF,Cfa,12.11,986.0,2020-09-21 12:00:00,12:00:00,265,0.0975937569184078,-0.0059126420323071,1.0035698086983265,0.0,1053.8708687200203,0.7261370151823635,102.39462160038627,2.793471988725385,1.4449993686062987,32.03232800948252,795.5468997241057,0.1,0.0488066949914378,0.7764510121050161,1.2879112582890788,-0.1250102985863227,-0.0694104060357876,0.8070216833725177,0.7070216833725177,0.7210446505388037,2020-09-21 12:00:00-05:00,US-MOz,0.776451849847403,1053.872005781191,98.44882342151335,244.000000000002,0.9350777411055016,0.9123549504924274,2.062085804682756,0.1741660041388138,-0.2462713309969152,1.81581447368584,0.0654986049702313,0.1618539049828866,0.7536164777196191,322.51469581107926,156.28949599672862,353.806251989329,7.332590272628821,11.51904542777812,4.62849861599542,71.54662226328465,241.11154413087695,-214.032578034324,33.917394993265646,14.4593378616476,10
21,21,21,-92.19858918560708,38.739846627654366,2020-10-07 06:00:00,116.27599729537964,164.4880054092407,2020-10-07,US-MOz,21,62.70388052448275,47.516325744680856,31.713954842901224,24.032493625,7.358893020833332,107.47849391666666,US-MOz,87,0,0,LC08_025033_20201007,-92.19989174276908,38.744023793725525,2020-10-07 16:48:34.956000000,0.0126574999999999,0.0152974999999999,0.036445,0.0300924999999999,0.218715,0.1231525,0.054265,298.42899836000004,21824.0,0.0910714874999999,0.7581061664137938,0.3671016152685156,0.3778457747819032,298.42899836000004,0.6995880875006046,0.956995880875006,0.972308640688752,-92.20003177500404,38.74406886022664,-0.7581061720848083,0.7581061720848083,1,1,-0.7143361028374353,-298.42899836000004,298.42899836000004,299.9268107175609,-299.9268107175609,299.9268107175609,0.7162174430675492,1.7659069991419898,26.43920528722821,430.3850850003022,664.1055866862496,0.7162174430675492,3.083302532289335,1.7659069991419898,344.2453577196303,502.6808073973996,40.72658137116023,0.0250844600592186,0.2482904006994903,40.49601864964932,22.073264994669778,0.7560352977742184,29.427895968811008,0.0250844600592186,0.2482904006994903,0.3089041186062901,0.3885926306247711,-115.7933120727539,0.6223898701851875,3.4835830117934377,421.45820737659,0.912337594575119,0,-92.19989174276908,38.744023793725525,107.7336443428652,24.54701236138972,57.27323156417005,1.476166918776916,205.48039799796345,38.32406209363807,-92.14152025539204,0.8169730305671692,517643,297.98123774,806531,39.0227469759996,-92.86125878361612,0.2926585972309112,375.79091824468,69.08147233721861,309.02827838,2020-10-07 16:48:34.956000+00:00,2020-10-07 17:00:00+00:00,293976.0,202010071200.0,202010071230.0,0.0,1258.693004,61.052009,707.521066,68.427389,373.297709,461.996038,550.395348,26.96964,50.85859,405.511846,17.713165,3.636806,259.449913,0.634669,16.44801,23.237195,,25.49618,13.86173,98.54522,-2.977763,0.891336,206.823732,-17.05515,140.165511,-1.864443,,,US-MOz,-92.2,38.7441,219.4,MO,CST,DBF,Cfa,12.11,986.0,2020-10-07 12:00:00,12:00:00,281,0.0967142779039175,-0.0605026228157071,0.9989174212727258,0.0,1015.0205441235456,0.6970509809837726,102.39462160038627,3.558994737539474,1.8100545416867773,49.06653318231008,766.2196316595051,0.1,0.0603090898215443,0.7409100617456804,1.349691482990351,-0.1252483981593059,-0.0696956654275743,0.8030678731085491,0.7030678731085491,0.6930488345148949,2020-10-07 12:00:00-05:00,US-MOz,0.7409109545596905,1015.021767247119,98.44882342151335,244.000000000002,0.8667300591710325,0.820085579880894,1.840900686294284,0.1539575930515222,-0.2022964959757331,1.6386041903185506,0.0654986049702313,0.1842862138673631,1.0794129831077297,304.41344104629883,160.98327725805837,365.7830125747183,8.98047463314827,10.8762448452302,4.565217602412071,65.2708983763074,226.240863893408,-213.1786076621618,36.75227722052991,16.194249596005402,10
22,22,22,-92.19858918560708,38.739846627654366,2020-12-10 06:00:00,62.39200135231018,102.09599729537965,2020-12-10,US-MOz,22,7.071308854394193,5.647991260869565,26.57628122531025,21.22699025,-1.6616733333333336,27.8436571875,US-MOz,88,0,0,LC08_025033_20201210,-92.19989174276908,38.744023793725525,2020-12-10 16:48:36.430000128,0.0191474999999999,0.02143,0.0331174999999999,0.034355,0.1667675,0.1361049999999999,0.0782725,285.67636574,21824.0,0.0807217799999999,0.6583674128951261,0.273089226162118,0.2832868008087032,285.67636574,0.4088068902699263,0.9540880689026991,0.9713490627378908,-92.20003177500404,38.74406886022664,-0.658367395401001,0.658367395401001,1,1,-0.66863446481727,-285.67636574,285.67636574,287.3945176611537,-287.3945176611537,287.3945176611537,0.6840336816156716,0.847035690272933,13.774553394475957,360.3037423564658,418.7988277717951,0.6840336816156716,1.3680135691641635,0.847035690272933,291.77921683293704,303.0719681097554,15.488534380513268,0.0147438655229413,0.1010654319687514,49.41379109172373,32.05822964157922,1.2748419026321187,72.29637215717993,0.0147438655229413,0.1010654319687514,0.1561692290320658,0.5520064234733582,-157.3687744140625,0.3475000374483415,0.8590899717916474,238.1696426375184,0.8281758081439194,0,-92.19989174276908,38.744023793725525,29.623503278869787,11.622314666085783,61.917199461000926,0.636409911907811,114.68201420271411,38.181655778188414,-91.78319581452313,0.6058583855628967,470550,285.08504828,655916,39.33973531950996,-92.67125504276204,0.1927403807640075,239.68663731923127,23.844515160713268,290.96062466,2020-12-10 16:48:36.430000128+00:00,2020-12-10 17:00:00+00:00,297046.0,202012101100.0,202012101130.0,0.0,818.957407,73.160759,467.339219,44.811025,300.313397,390.478472,332.363119,14.19083,43.2866,,,0.976064,171.022755,0.149455,6.969675,36.614255,,-2.701081,-4.591227,98.29836,,-3.887879,40.455767,0.640423,86.747169,-2.787178,,,US-MOz,-92.2,38.7441,219.4,MO,CST,DBF,Cfa,12.11,986.0,2020-12-10 11:00:00,11:00:00,345,0.0958854364841997,-0.1989928820983738,0.984381437849938,-0.2616666666666666,867.6933605679379,0.5385995101934501,102.39462160038627,1.618509440290985,0.7005977073809975,9.136271759249045,655.005420950361,0.1,0.0243812661818654,0.6150700657496824,1.6258310324062726,-0.1245046922099646,-0.0688046554013102,0.7894889543019884,0.6894889543019884,0.744331822148109,2020-12-10 11:00:00-06:00,US-MOz,0.6150710582359374,867.694760690919,98.44882342151338,244.000000000002,0.63938223162207,0.5131660126897946,1.160910350583416,0.2111516413401028,-0.145369593222468,1.0155407573609478,0.0654986049702313,0.0904762720400154,0.4793027480338275,146.48410863716597,101.44363647203863,292.6260642616502,9.814411544997698,9.46088704239442,6.122044517808201,47.64153332354545,188.08000983752564,-191.0130639175076,38.88198175904267,22.36060333738415,10
23,23,23,-92.19858918560708,38.739846627654366,2020-12-26 06:00:00,51.047998647689816,85.08,2020-12-26,US-MOz,23,1.103924717138966,0.9030130217391305,31.110243193009985,25.448252291666662,-12.611754854166668,33.6154113125,US-MOz,89,1,1,LC08_025033_20201226,-92.19989174276908,38.744023793725525,2020-12-26 16:48:33.780000000,0.0186524999999999,0.0222274999999999,0.03386,0.0373525,0.1633025,0.1472975,0.0871825,278.6967689,21824.0,0.082004215,0.6276943011636889,0.2579438831255138,0.269640550627627,278.6967689,0.3725410547237575,0.9537254105472376,0.9712293854805883,-92.20003177500404,38.74406886022664,-0.627694308757782,0.627694308757782,1,1,-0.6565269764787929,-278.6967689,278.6967689,280.5509718622191,-280.5509718622191,280.5509718622191,0.6942291780425487,0.5210077657241844,9.280964214062442,326.23770072907354,412.8798985339764,0.6942291780425487,0.7958085265870839,0.5210077657241844,263.9290505844472,304.5001479603389,8.420371165361127,0.0136554017166697,0.0929006586523383,46.0772763837158,33.252911427865655,1.2027909495928952,78.65029363443693,0.0136554017166697,0.0929006586523383,0.1455267326117608,0.5279943943023682,-146.92654418945312,0.3623915718192962,0.8348978287508465,250.002500411262,0.844375469062778,1,-92.19989174276908,38.744023793725525,28.42187636315771,3.6921765146972687,65.46898510356328,0.5897112739742496,113.65981143170929,38.66153444173686,-91.3624006710408,0.5654762983322144,489144,278.27293442,819672,39.04354555687127,-93.15276407097832,0.1974161565303802,238.0004500936147,16.33464770036161,284.46638666,2020-12-26 16:48:33.780000+00:00,2020-12-26 17:00:00+00:00,297814.0,202012261100.0,202012261130.0,0.0,823.422222,61.647143,486.334882,45.903092,259.420009,350.756421,349.095378,6.18445,45.93714,430.282899,3.171639,1.035687,157.24545,0.308148,1.894579,35.53866,,-16.62476,-13.8088,98.41287,0.382428,-0.407165,16.145026,2.918094,220.314209,-2.697398,,,US-MOz,-92.2,38.7441,219.4,MO,CST,DBF,Cfa,12.11,986.0,2020-12-26 11:00:00,11:00:00,361,0.0943857693514157,-0.2005095979663744,0.9831448478365729,-0.2616666666666666,868.2415160678204,0.5601377877005494,102.39462160038627,0.94711798172993,0.4350789132324524,4.813571386788677,655.4192166224452,0.1,0.0155749975785254,0.6139133097350515,1.6288944776772687,-0.1243224024498754,-0.0685862599399474,0.7897473597038019,0.689747359703802,0.7642659511019265,2020-12-26 11:00:00-06:00,US-MOz,0.6139143035212994,868.2429215536843,98.44882342151335,244.000000000002,0.6299478075447035,0.5004295401853498,1.1445030787361827,0.2389467852654156,-0.1432858542930197,1.001217224443163,0.0654986049702313,0.05615321857074,0.4458249555279135,112.34122216388856,113.60146397815753,254.8144826677079,10.410021060337248,9.436672594954,6.194732430724722,45.511879103292245,174.9363735912636,-182.97194704032583,41.05133731704775,24.29748105462425,10
24,24,24,-92.19858918560708,38.739846627654366,2021-04-01 06:00:00,79.40799864768982,107.76799864768982,2021-04-01,US-MOz,24,30.976817113677114,23.05476039583333,140.30519439676516,104.42333785416668,-10.598144291666667,162.4001338958333,US-MOz,92,0,0,LC08_025033_20210401,-92.19989174276908,38.744023793725525,2021-04-01 16:48:01.668000000,0.03089,0.03408,0.0493975,0.0586375,0.189235,0.2113999999999999,0.1336025,286.17881468,21824.0,0.1071710325,0.5268736951456897,0.2539898168748929,0.2619380308809322,286.17881468,0.3525874331179305,0.9535258743311792,0.9711635385292892,-92.20003177500404,38.74406886022664,-0.5268737077713013,0.5268737077713013,1,1,-0.5859952018270771,-286.17881468,286.17881468,287.9407644664937,-287.9407644664937,287.9407644664937,0.7877430656426285,0.3084998572922651,6.35200271665796,362.6314473860934,835.603553088025,0.7877430656426285,0.842308937504505,0.3084998572922651,288.91201228868823,658.9046892791712,41.38225910686731,0.0130768960462219,0.2473603525834702,30.887112969322366,23.0575951542177,0.5758040173908512,29.53854166816573,0.0130768960462219,0.2473603525834702,0.2986713518369885,1.0118497610092163,-290.7769775390625,0.8563744866112728,5.643604666111402,586.6353172029815,0.9499822007101764,0,-92.19989174276908,38.744023793725525,169.564275658355,4.499647580199893,36.62549968972817,1.577270856931504,289.4145507058979,38.57855330584153,-91.7589636250366,0.7404428720474243,488570,287.37170366,834410,39.04353147230289,-93.16316400746942,0.2355494499206543,557.2605360817846,61.606521367809485,292.83028160000003,2021-04-01 16:48:01.668000+00:00,2021-04-01 17:00:00+00:00,302424.0,202104011200.0,202104011230.0,0.0,1653.939712,89.05567,953.801735,89.106312,241.233845,365.144343,740.784925,5.326357,27.43039,422.399151,0.726304,1.957532,13.113499,0.604072,8.253638,40.953735,,-4.303224,-10.48154,100.3872,-3.492877,-0.144391,71.331344,-8.853458,513.729849,-0.973495,,,US-MOz,-92.2,38.7441,219.4,MO,CST,DBF,Cfa,12.11,986.0,2021-04-01 12:00:00,12:00:00,91,0.0934222582432186,0.0355510912353445,0.9989174212727258,0.0,1098.5823869816516,0.8682113843282746,102.39462160038627,0.8923839715888757,0.2447844037043178,2.95895946212992,829.298693650819,0.1,0.0087898167199737,0.801905684455014,1.2470294442165148,-0.1241819492061034,-0.0684179874546553,0.8109886710503288,0.7109886710503288,0.8085573533835604,2021-04-01 12:00:00-05:00,US-MOz,0.8019064786909268,1098.583475056723,98.4488234215134,243.99999999999324,0.0,-0.35,2.3162930491600053,0.2622401311541204,0.1112719941920785,2.427565043352084,0.0654986049702313,0.0590380542634546,1.1949345282547834,262.0712619202328,177.75141056603212,277.72310053529844,16.780810245798502,14.1365179981553,9.7529740042944,54.1550479959698,150.78008956286516,-167.69941226704032,60.49820142335197,38.2342050882847,10
25,25,25,-92.19858918560708,38.739846627654366,2021-08-07 06:00:00,181.50400270462035,226.88,2021-08-07,US-MOz,25,180.88514980855484,140.96484817391303,17.655371148748934,13.7589333125,8.000420354166666,192.6761727708333,US-MOz,97,0,0,LC08_025033_20210807,-92.19989174276908,38.744023793725525,2021-08-07 16:48:21.408000000,0.0096324999999999,0.0168099999999999,0.04508,0.0262425,0.30204,0.137865,0.0542925,303.60388064,21824.0,0.11639841,0.8401224555070709,0.5170867018643789,0.4994627436895021,303.60388064,1.2420602090888402,0.9624206020908884,0.9740987986899932,-92.20003177500404,38.74406886022664,-0.8401224613189697,0.8401224613189697,1,1,-0.7402627333486979,-303.60388064,303.60388064,305.6156737077023,-305.6156737077023,305.6156737077023,0.7350693094116163,2.2639855031216056,33.304139263595914,463.6360995501845,850.5058273976556,0.7350693094116163,4.286808649428438,2.2639855031216056,366.65409512728536,640.7476568341413,49.627745059139016,0.0496866307795753,0.3244416168832848,75.46830256162526,17.023130823314457,1.1097205989998429,22.52073624841881,0.0496866307795753,0.3244416168832848,0.4048081406487554,0.4728736877441406,-143.40789794921875,0.7657091211057162,5.934628688138201,515.651609213377,0.872329960371305,0,-92.19989174276908,38.744023793725525,190.8947911732156,30.17893862877804,52.81284256584357,1.782159490816253,303.9283423378232,39.20941804007022,-92.77714964553331,0.8946961760520935,452661,303.26891468,697765,39.0061711897196,-93.1977264528706,0.4894750118255615,554.263033349866,106.3891471230123,312.54200294,2021-08-07 16:48:21.408000+00:00,2021-08-07 17:00:00+00:00,308568.0,202108071200.0,202108071230.0,0.0,1551.614197,57.324487,826.938042,80.893573,415.539815,481.873239,679.711045,29.94063,59.52116,376.318911,27.721155,3.243081,202.205658,0.590679,23.649347,26.749225,,14.4353,14.56258,98.45648,-21.087748,0.870389,402.605092,-55.917441,83.117067,-3.185573,,,US-MOz,-92.2,38.7441,219.4,MO,CST,DBF,Cfa,12.11,986.0,2021-08-07 12:00:00,12:00:00,219,0.0978230156208002,0.1392914738942801,1.014332639492218,0.0,1141.9181036420928,0.724165804327404,102.39462160038627,4.228637396822855,2.516934030782766,92.91317226774264,862.011819665384,0.1,0.0830395512798098,0.8594631182724548,1.1635170593591362,-0.125718918711492,-0.0702593808717392,0.8126401340802724,0.7126401340802724,0.6733713269175094,2021-08-07 12:00:00-05:00,US-MOz,0.8594637978457889,1141.919006551219,98.44882342151335,244.000000000002,0.9866521641522332,0.9819804216055148,2.357602153546301,0.1293483542405057,-0.2193558826644905,2.138246270881811,0.0654986049702313,0.2455426111587007,1.24144527453962,427.7810922210243,218.78674110483925,395.482283265401,7.9673248376952,13.6864629392512,5.10358123355837,91.7005161085056,255.0644377047525,-224.7466385378382,41.8563490044336,16.4834136896472,10
26,26,26,-92.19858918560708,38.739846627654366,2021-08-23 06:00:00,170.16,218.37199459075927,2021-08-23,US-MOz,26,134.26268701570123,108.7409353043478,48.20701318377253,39.04342910416667,8.648292479166667,189.26018725,US-MOz,98,1,1,LC08_025033_20210823,-92.19989174276908,38.744023793725525,2021-08-23 16:48:26.285000192,0.0131249999999999,0.0154624999999999,0.03672,0.0224199999999999,0.2799025,0.134345,0.0505249999999999,306.88176182,21824.0,0.1080549099999999,0.8516815652159532,0.4957483083244204,0.4813821748735701,306.88176182,1.1424379634665405,0.9614243796346652,0.9737700452794396,-92.20003177500404,38.74406886022664,-0.8516815900802612,0.8516815900802612,1,1,-0.7680518598646653,-306.88176182,306.88176182,308.8251792732791,-308.8251792732791,308.8251792732791,0.7185255782992628,2.8949557949039075,42.00069886118144,483.4844434066149,803.4991795272507,0.7185255782992628,4.762957100835575,2.8949557949039075,372.77355132266064,591.586284916345,47.02030867589451,0.0448858725083781,0.2353518631303111,93.21447219659416,20.045375605513915,1.6315069250132552,31.045703164004287,0.0448858725083781,0.2353518631303111,0.3207934623000372,0.3408053815364837,-103.6177749633789,0.6723291038430088,4.679584539404849,451.3515040438563,0.828827954254278,1,-92.19989174276908,38.744023793725525,157.930004599836,32.03042790844044,60.78063970796714,1.3086153442117474,252.6467054643181,39.15371904047716,-93.22834558374142,0.9084283113479614,441722,304.03796918,686457,39.66253545458542,-92.68651815399868,0.3647811710834503,454.8735562055042,105.81425789396071,316.66413506000004,2021-08-23 16:48:26.285000192+00:00,2021-08-23 17:00:00+00:00,309336.0,202108231200.0,202108231230.0,0.0,1111.069753,42.481607,586.342503,56.114603,458.904896,500.665436,488.46736,33.28385,55.68327,397.61738,30.856683,2.533315,233.104234,0.479143,24.52573,24.10835,,17.82142,20.07177,98.43309,-8.264827,1.235397,219.673882,-3.833117,65.415076,-0.977025,,,US-MOz,-92.2,38.7441,219.4,MO,CST,DBF,Cfa,12.11,986.0,2021-08-23 12:00:00,12:00:00,235,0.0957027722071855,0.0943803990171285,1.011307970831904,0.0,1116.9246432136008,0.5249615599070168,102.39462160038627,5.110791428896558,2.8458557904893285,118.1996630309716,843.14481140508,0.1,0.0928671203709693,0.8356457696925704,1.1966793063140793,-0.125922349391679,-0.0705031045852,0.8103476258386891,0.7103476258386892,0.6544245527816104,2021-08-23 12:00:00-05:00,US-MOz,0.8356464998765778,1116.9256191779884,98.44882342151338,244.000000000002,0.9529788580306142,0.9365214583413294,2.227299725649539,0.101796025263816,-0.1686962511211485,2.0586034745283905,0.0654986049702313,0.269077746463491,0.9190388543109472,416.0807974387375,184.58427401810263,401.1598345107444,6.880289100004369,11.2686982940304,4.745159242141719,85.89697233782255,261.36553924308697,-235.70110792439624,41.228030291707896,15.505201015955471,10
27,27,27,-92.19858918560708,38.739846627654366,2021-09-08 06:00:00,153.14400270462036,209.8640027046204,2021-09-08,US-MOz,27,85.52603203007978,68.28723660416667,54.4470917294934,43.47262870833333,-2.9424358541666664,159.90376777083333,US-MOz,99,0,0,LC08_025033_20210908,-92.19989174276908,38.744023793725525,2021-09-08 16:48:31.075000064,0.0110349999999999,0.0127124999999999,0.0322925,0.0196975,0.2462425,0.1245824999999999,0.0515975,300.20978678,21824.0,0.0958760125,0.851865082349402,0.4462766937170223,0.4436607306055304,300.20978678,0.9597942936624996,0.9595979429366248,0.9731673211690862,-92.20003177500404,38.74406886022664,-0.8518650531768799,0.8518650531768799,1,1,-0.7681260882833396,-300.20978678,300.20978678,302.0336403166273,-302.0336403166273,302.0336403166273,0.746899442692375,1.3246499336666389,20.35743183808129,441.948588736628,795.3798821870704,0.746899442692375,3.054807096061953,1.3246499336666389,336.87516562040963,600.4381578794063,37.846758098938565,0.0363112853807371,0.3948229424380348,159.21099216487278,13.829064926063673,1.8694659254183108,18.50617909060779,0.0363112853807371,0.3948229424380348,0.494390226563108,0.39246866106987,-116.66927337646484,0.5969113983770045,4.191439799410792,403.3804076155949,0.7170042197107892,0,-92.19989174276908,38.744023793725525,164.60203796979198,24.39176601436857,43.36280138193624,2.2507057807504287,273.0665745812516,39.32030904742796,-91.23369803754764,0.9260659217834472,557868,297.27028958,784741,39.00616526632911,-93.20119126582702,0.052630353718996,418.2707643846918,83.16437821277987,306.8783438,2021-09-08 16:48:31.075000064+00:00,2021-09-08 17:00:00+00:00,310104.0,202109081200.0,202109081230.0,0.0,1607.403704,59.384665,882.964684,84.641865,351.20932,459.349905,690.182235,26.16864,30.24309,402.802295,9.090394,4.934063,312.556098,0.949505,21.963227,22.224835,,2.300535,-1.490318,98.42615,-7.381039,1.714694,153.462277,-22.832147,209.053059,-1.863225,,,US-MOz,-92.2,38.7441,219.4,MO,CST,DBF,Cfa,12.11,986.0,2021-09-08 12:00:00,12:00:00,251,0.0958609857605584,0.0423619216573516,1.007431745060144,0.0,1085.5471354725332,0.8133821693662799,102.39462160038627,3.3950957403524327,1.0267818603409524,17.213378406140105,819.458621765823,0.1,0.0343028271648497,0.8059561889320177,1.2407622321569516,-0.1247100685223124,-0.0690507101136882,0.8102717597386296,0.7102717597386297,0.7535320513463939,2021-09-08 12:00:00-05:00,US-MOz,0.8059569758889831,1085.5481954295026,98.44882342151335,244.000000000002,0.9706162838010464,0.9603319831314128,2.204793033422559,0.1788691876149502,-0.2746495174967787,1.9301435159257805,0.0654986049702313,0.1827997631893153,1.60595058984396,364.6893391050658,169.39154400967084,357.20557382310056,5.91338227509905,9.69452453959315,3.81641691444072,73.92440842117415,255.7382347374411,-230.59896918369685,37.40088576151932,15.49007447338105,10
28,28,28,-92.19858918560708,38.739846627654366,2021-09-24 06:00:00,141.8,209.8640027046204,2021-09-24,US-MOz,28,111.17826013770367,87.24976125581395,19.11580645967845,15.001579875000004,-3.517693375,112.65151810416668,US-MOz,100,1,1,LC08_025033_20210924,-92.19989174276908,38.744023793725525,2021-09-24 16:48:33.928999936,0.0139775,0.0183774999999999,0.0437599999999999,0.0295149999999999,0.265245,0.12791,0.0585824999999999,293.36349271999995,21824.0,0.1063094575,0.7997353779345908,0.4517618289713618,0.4449078967235392,293.36349271999995,0.9653719398450707,0.9596537193984508,0.9731857274014888,-92.20003177500404,38.74406886022664,-0.7997353672981262,0.7997353672981262,1,1,-0.7167683370819243,-293.36349271999995,293.36349271999995,295.0313053618949,-295.0313053618949,295.0313053618949,0.7439289661298237,1.1319317560852038,17.70122894120501,403.01562127939474,740.5556262909809,0.7439289661298237,2.9217173810800694,1.1319317560852038,306.5638886372402,553.0071140959992,33.25211020711978,0.0365666878737068,0.4206310781306304,157.47280059786186,13.283596511959052,1.7295786204551575,17.370718574365203,0.0365666878737068,0.4206310781306304,0.5193167130254327,0.3622311353683471,-105.13994598388672,0.5324768590927712,2.795019675824068,362.2822032910176,0.6970249455616042,1,-92.19989174276908,38.744023793725525,113.67672898754164,23.64950942962984,38.74200028432467,2.395875123161061,207.4505205859532,38.79775886180229,-91.2490919384578,0.8251217603683472,199520,290.25651254,305674,38.64424999675564,-91.89399460743677,0.3059420883655548,439.0951342742863,68.50611200352961,301.94272292,2021-09-24 16:48:33.928999936+00:00,2021-09-24 17:00:00+00:00,310872.0,202109241200.0,202109241230.0,0.0,1207.766049,52.931987,664.767658,68.363578,366.291646,450.700753,511.994972,25.38589,38.30515,408.026075,12.057623,4.31264,209.535858,0.937326,17.706733,25.53367,,4.781028,0.460791,98.4492,-11.284896,-1.791096,366.556159,-16.531274,130.704362,-3.184721,,,US-MOz,-92.2,38.7441,219.4,MO,CST,DBF,Cfa,12.11,986.0,2021-09-24 12:00:00,12:00:00,267,0.1028383032436875,-0.0128466590532449,1.0029958649126791,0.0,1049.114311044801,0.6336465445199821,102.39462160038627,3.2413250180204063,1.2415944101402436,24.19859579922416,791.9562777698166,0.1,0.041588059046475,0.7720627187784649,1.2952315604387308,-0.124860872822262,-0.0692313838643525,0.8069193561101856,0.7069193561101856,0.7336744176036055,2021-09-24 12:00:00-05:00,US-MOz,0.7720635636579195,1049.11545910584,98.44882342151338,244.000000000002,0.9350966045454148,0.9123804161363102,2.052820196078599,0.1910508059126535,-0.2759355850332601,1.776884611045339,0.0654986049702313,0.1758317055462794,1.7086762366443904,340.363303856146,150.9317128040878,321.4185633454935,8.658623487630768,12.83758644142717,5.39128758746177,77.8131996265164,234.61316372264076,-210.2736628374596,37.5241243538152,17.185966812269367,10
29,29,29,-92.19858918560708,38.739846627654366,2021-10-10 06:00:00,158.81599729537965,238.22398918151856,2021-10-10,US-MOz,29,107.13842483590165,83.74229886363636,2.203076898077689,1.721984659574468,5.121140916666667,92.31416716666666,US-MOz,101,0,0,LC08_025033_20211010,-92.19989174276908,38.744023793725525,2021-10-10 16:48:39.788000000,0.009935,0.0142525,0.0353175,0.024125,0.2442349999999999,0.1296975,0.053055,299.69708378,21824.0,0.097189165,0.8202042033089879,0.4292011196550946,0.4297009214430735,299.69708378,0.899221170145935,0.9589922117014592,0.9729674298614815,-92.20003177500404,38.74406886022664,-0.8202041983604431,0.8202041983604431,1,1,-0.7473283193675606,-299.69708378,299.69708378,301.23942504005043,-301.23942504005043,301.23942504005043,0.7106456843027502,1.901523407125005,28.308383899589373,438.660174629536,647.8189730298205,0.7106456843027502,3.427095752395801,1.901523407125005,351.83518900641985,483.6050194000263,34.16206332049364,0.0335713981021267,0.4764362118724322,39.0345097809973,13.597913038277854,0.4517891168359966,15.336080465259414,0.0335713981021267,0.4764362118724322,0.5294807805333179,0.2531002163887024,-75.79197692871094,0.6068435606526559,2.7883307332079674,410.4084462985354,0.913149134382941,0,-92.19989174276908,38.744023793725525,86.04603726814128,26.327637101760125,55.48498041806084,2.740682167464581,172.49135475034657,39.45234206410625,-91.10450297148871,0.8532754778862,492982,299.45440436,612137,38.99243663401422,-92.83637601615536,0.2348135262727737,346.634545407199,71.42983779694153,310.4672648,2021-10-10 16:48:39.788000+00:00,2021-10-10 17:00:00+00:00,311640.0,202110101200.0,202110101230.0,0.0,559.595679,25.102902,302.846097,29.876682,427.384224,454.657261,245.696378,26.29334,63.37725,412.385416,22.367392,3.042516,185.969958,0.520881,20.730093,24.99347,,11.69986,8.800174,97.64894,-8.151423,0.124924,127.319932,0.891935,8.588883,-1.546346,,,US-MOz,-92.2,38.7441,219.4,MO,CST,DBF,Cfa,12.11,986.0,2021-10-10 12:00:00,12:00:00,283,0.0986530197878033,-0.0670878103251092,0.998334378411144,0.0,1010.1185370488334,0.2998124337810851,102.39462160038627,3.42017092064408,2.1676102748039,69.45464989073888,762.5192123330926,0.1,0.0723855768248869,0.7364713891226743,1.357825999447522,-0.1254983814402751,-0.0699951623052572,0.8020858494408135,0.7020858494408135,0.6723713365177608,2021-10-10 12:00:00-05:00,US-MOz,0.7364722884033513,1010.119770470926,98.44882342151335,244.000000000002,0.8495772467787115,0.7969292831512605,1.7957541932386627,0.1469459692737546,-0.1921609875561514,1.6035932056825113,0.0654986049702313,0.2020767360927291,1.9663770120517376,313.2042915119087,208.105152016638,374.0865752880302,7.2301921461925,10.58455175640015,4.27143268657445,73.19651725700827,245.81280783580192,-223.9721179406664,38.86996252355655,15.9004287799479,10
30,30,30,-92.19858918560708,38.739846627654366,2021-10-26 06:00:00,82.24400270462037,124.78400270462036,2021-10-26,US-MOz,30,48.71256171019824,36.87905580851064,41.87825500547834,31.704974020833333,-7.684083458333333,101.7272579375,US-MOz,102,1,1,LC08_025033_20211026,-92.19989174276908,38.744023793725525,2021-10-26 16:48:41.339000064,0.0104575,0.012465,0.0296799999999999,0.0257475,0.18544,0.109925,0.0492324999999999,287.69641556,21824.0,0.077720045,0.7561645457235868,0.3202978488692773,0.3368151858687054,287.69641556,0.5638802903214684,0.9556388029032148,0.9718608049580608,-92.20003177500404,38.74406886022664,-0.75616455078125,0.75616455078125,1,1,-0.7240609892153218,-287.69641556,287.69641556,289.1840933533399,-289.1840933533399,289.1840933533399,0.7265047482793483,0.87460229713381,14.1544993960407,371.2057018389397,595.3577912365338,0.7265047482793483,1.5235693323737332,0.87460229713381,296.7624149299986,461.478534021961,22.000909735160764,0.0199186528839958,0.3449013804618043,71.35598310470512,16.70727112387088,0.9669486991458314,21.184792221056853,0.0199186528839958,0.3449013804618043,0.4153631236642719,0.5448238253593445,-156.58743286132812,0.5380270801301199,2.255213392325361,368.1216411820952,0.8376345480148071,1,-92.19989174276908,38.744023793725525,76.75541657364376,13.261347913870884,57.40482422097409,2.1031829261167982,165.5133153745313,39.40734261241803,-91.21582452936524,0.8148974180221558,480107,287.40930188,791655,39.33975477577901,-92.67821741588824,0.2761117219924927,375.8159956094383,40.83048304160356,293.23018994,2021-10-26 16:48:41.339000064+00:00,2021-10-26 17:00:00+00:00,312408.0,202110261200.0,202110261230.0,0.0,1179.460494,58.57308,645.479554,61.295889,305.554574,391.886791,497.851448,14.45531,54.36042,414.990713,8.794378,4.159317,120.539537,0.787636,12.81831,26.953595,,-6.15854,-5.467131,98.45811,-3.303603,-0.990113,100.062652,-1.293076,196.780996,-4.018227,,,US-MOz,-92.2,38.7441,219.4,MO,CST,DBF,Cfa,12.11,986.0,2021-10-26 12:00:00,12:00:00,299,0.0949617824765368,-0.1162768525295808,0.9937983230705172,0.0,972.090094644088,0.6640120679722901,102.39462160038627,1.6464554646938745,0.8950201057205419,13.58340716788011,733.8123594107207,0.1,0.0311186530967541,0.70231916940524,1.4238540588986792,-0.1246441561191028,-0.0689717425967995,0.8002349941466195,0.7002349941466195,0.7465539776211179,2021-10-26 12:00:00-05:00,US-MOz,0.7023201157372227,972.091404475838,98.44882342151335,244.000000000002,0.811321564159302,0.7452841116150578,1.6503317973076717,0.2090717562027861,-0.2138987675494344,1.4364330297582373,0.0654986049702313,0.0994502829075149,1.558864791440649,208.0139188535684,145.5469779131569,303.07129626168114,7.407463459631099,8.538829613820772,3.5861358199554,53.3504233014464,217.54582937823164,-208.3097512440759,31.625028480433,14.16401377905767,10
31,31,31,-92.19858918560708,38.739846627654366,2021-11-11 06:00:00,73.73599729537963,116.27599729537964,2021-11-11,US-MOz,31,32.290557276790686,26.6251095,25.3955684945095,20.939861340425534,-5.6575479375,59.6905249375,US-MOz,103,0,0,LC08_025033_20211111,-92.19989174276908,38.744023793725525,2021-11-11 16:48:37.757999872,0.0155724999999999,0.018185,0.033035,0.0388375,0.1697374999999999,0.130825,0.0696924999999999,285.90195506,21824.0,0.0805828775,0.6275919932877861,0.258414766558089,0.2771054581378118,285.90195506,0.3922311243141532,0.9539223112431416,0.9712943627102368,-92.20003177500404,38.74406886022664,-0.6275919675827026,0.6275919675827026,1,1,-0.6741668618772269,-285.90195506,285.90195506,287.4236139366623,-287.4236139366623,287.4236139366623,0.7244767660972808,0.5444314407822357,9.603808869016662,361.380376622556,528.3380058935732,0.7244767660972808,1.3889515858674524,0.5444314407822357,290.2576387853217,401.26587010957206,21.35178315048936,0.0142404706074914,0.5516627996271943,142.29929258013237,11.187986012939968,1.2813264039788803,13.244801148050474,0.0142404706074914,0.5516627996271943,0.6337046204675226,0.7726375460624695,-220.7929534912109,0.3467001421118298,1.1661501002885208,237.6147943789504,0.6254434950829865,0,-92.19989174276908,38.744023793725525,53.24447997887999,11.852184013964694,39.197294298938274,3.4865080558879846,139.7848756651075,39.59510834087629,-91.6271196792072,0.7769221067428589,506646,285.76523426,745509,38.20920998286631,-92.60889793426404,0.1257440894842147,336.6964486492064,32.54594944468425,289.26870476,2021-11-11 16:48:37.757999872+00:00,2021-11-11 17:00:00+00:00,313174.0,202111111100.0,202111111130.0,0.0,1035.298148,66.72433,580.717968,60.408859,273.601743,376.078107,417.832744,11.69376,45.64467,417.765888,6.347151,5.378957,275.927576,0.876941,12.458465,34.386915,,-5.140334,-7.470867,98.12501,-0.029107,-0.361218,67.88631,-22.735607,168.363274,-1.054832,,,US-MOz,-92.2,38.7441,219.4,MO,CST,DBF,Cfa,12.11,986.0,2021-11-11 11:00:00,11:00:00,315,0.1040244358342292,-0.1567095597434509,0.9897292906972024,-0.2616666666666666,902.5367826083914,0.6434285883858234,102.39462160038627,1.374491380104224,0.6273820546270187,7.742471386482832,681.307972854042,0.1,0.0220247068048888,0.6467392853484184,1.5462181170288258,-0.1244559114308612,-0.0687462127287612,0.7939359003519373,0.6939359003519373,0.7564013415108467,2021-11-11 11:00:00-06:00,US-MOz,0.6467402406850815,902.5381157985933,98.44882342151335,244.000000000002,0.7754760357204276,0.6968926482225773,1.464552952336985,0.2367001634109142,-0.2220175779607062,1.2425353743762786,0.0654986049702313,0.0916916240642804,2.630374070031655,191.5866855554676,91.45084265574349,284.4669741510804,11.103717179642748,9.4447710854071,5.1991270527661,48.52828309699672,179.42977786098044,-192.74562384736413,37.4031232707245,19.92522200301902,10
32,32,32,-92.19858918560708,38.739846627654366,2021-11-27 06:00:00,68.06400270462038,113.44,2021-11-27,US-MOz,32,11.46044591407544,8.69953375,15.124717959128734,11.481053645833333,-4.839478125,30.56124675,US-MOz,104,1,1,LC08_025033_20211127,-92.19989174276908,38.744023793725525,2021-11-27 16:48:36.736000000,0.0245924999999999,0.0274524999999999,0.0476925,0.0550074999999999,0.2091175,0.1960275,0.1140225,285.74130812,21824.0,0.1077973725,0.5834737340274492,0.2889702469963389,0.3025224930476035,285.74130812,0.4620491608413098,0.954620491608413,0.9715247622307764,-92.20003177500404,38.74406886022664,-0.5834737420082092,0.5834737420082092,1,1,-0.6285775476032865,-285.74130812,285.74130812,287.3672878141744,-287.3672878141744,287.3672878141744,0.7040697127697575,0.6249792665927034,10.71398628424488,360.8327314092501,460.4886399692329,0.7040697127697575,1.2311197983560982,0.6249792665927034,292.0654161598775,328.8280742615589,19.053056803203027,0.016427088169705,0.2872563056060799,80.09846687037471,18.67115687166529,1.2037460167512393,25.43604418507969,0.016427088169705,0.2872563056060799,0.3599704896694911,0.7061774730682373,-201.7285614013672,0.3350995093506819,0.8340512444607461,229.6765505879812,0.7414301917321573,1,-92.19989174276908,38.744023793725525,32.12581034444415,10.038324969092107,50.76510567267555,1.7883047113844257,117.456067919278,38.67853026240212,-92.5266860397504,0.6719080209732056,321793,285.66269366,421955,38.20920998286631,-92.60889793426404,0.1620376855134964,276.3741308037917,27.80378914050983,289.67203112,2021-11-27 16:48:36.736000+00:00,2021-11-27 17:00:00+00:00,313942.0,202111271100.0,202111271130.0,0.0,740.20823,52.423125,403.965242,40.692403,290.648245,378.917572,275.003511,12.21477,38.61294,421.658818,5.509484,4.992566,288.907051,0.635383,7.483714,34.82094,,-2.530349,-5.920072,98.20056,-1.09753,-0.143165,32.962267,-2.162761,135.526817,0.085295,,,US-MOz,-92.2,38.7441,219.4,MO,CST,DBF,Cfa,12.11,986.0,2021-11-27 11:00:00,11:00:00,331,0.1007324362822284,-0.185341109878407,0.9864337035048492,-0.2616666666666666,878.6238832419674,0.4597703860603463,102.39462160038627,1.422550705898103,0.549288650538011,6.425202371386362,663.2566369956805,0.1,0.0192479752340408,0.6254178821012026,1.598930936608851,-0.1243984330873446,-0.0686773497858042,0.7911966187107423,0.6911966187107423,0.758085635461565,2021-11-27 11:00:00-06:00,US-MOz,0.6254188627839836,878.6252609629088,98.44882342151338,244.000000000002,0.6942842548173881,0.587283744003474,1.2764745099947137,0.229322117723472,-0.176695492026254,1.0997790179684597,0.0654986049702313,0.082468755132783,1.3393916028600554,154.10707712603696,101.44054155035964,287.4879104906775,15.71791500641087,13.6277173375131,7.844313261164271,59.7535080007841,166.72254801466428,-179.61057070702466,56.01315427749329,32.580938305112696,10
