,Unnamed: 0.2,Unnamed: 0.1,Unnamed: 0,id,longitude,latitude,date,UB,B,GR,R,NIR,SWIR_1,SWIR_2,ST_B10,pixel_qa,ALFA,NDVI_model,EVI,SAVI,T_LST,LAI,e_0,e_NB,longitude.1,latitude.1,NDVI_neg,pos_NDVI,int,sd_ndvi,NDWI,LST_neg,LST_NW,T_LST_DEM,LST_neg_1,LST_NW_1,Tao_sw,EA,W_ATM,Rl_up,Rs_down,Tao_sw_1,ES,EA_1,Rl_down,Rn,Ginst,zom,u_fr,Hinst,rah,dT,rah_first,zom_1,u_fr_1,ufric_star,constant,constant_1,ET_inst,ET_24h,LEinst,EF,id.1,longitude.2,latitude.2,Rn24h_G,AirT_G,RH_G,ux_G,SW_Down,cold_pixel_lat,cold_pixel_lon,cold_pixel_ndvi,cold_pixel_sum,cold_pixel_temp,hot_pixel_sum,hot_pixel_lat,hot_pixel_lon,hot_pixel_ndvi,hot_pixel_Rn,hot_pixel_G,hot_pixel_temp,LE_daily_orig,Datetime_Local_sebal,Datetime_GMT,Date_daily,LE_closed,LE_unclosed,H_closed,H_unclosed,G_unclosed,Rn_unclosed,Residual_unclosed,Residual_closed,TIMESTAMP_START,TIMESTAMP_END,CO2,CO2_SIGMA,FC,FC_SSITC_TEST,SC,H2O,H2O_SIGMA,CH4,FCH4,FCH4_SSITC_TEST,SCH4,LE_inst_af,LE_SSITC_TEST,SLE,H_inst_af,H_SSITC_TEST,SH,FETCH_70,FETCH_80,FETCH_90,FETCH_MAX,PA,RH_1_1_1,T_SONIC,T_SONIC_SIGMA,TA_1_1_1,VPD_PI,P_RAIN_1_1_1,SW_IN_1_1_1,SW_OUT_1_1_1,LW_IN_1_1_1,LW_OUT_1_1_1,Rn_inst_af,PPFD_IN_1_1_1,TS_1_1_1,TS_2_1_1,TS_3_1_1,G_inst_af,G_2_1_1,G_3_1_1,WTD_1_1_1,MO_LENGTH,TAU,TAU_SSITC_TEST,U_SIGMA,USTAR,V_SIGMA,W_SIGMA,WD,WS,WS_MAX,ZL,SWC_1_1_1,SWC_2_1_1,SWC_3_1_1,TS_1_2_1,G_1_2_1,SWC_1_2_1,State,Veg,MAT,MAP,Lat,Long,Elev_insitu,Name,Datetime,Datetime_Local_flux,Date
0,0,0,0,LC08_016041_20210128,-81.95101266624945,27.394528831102665,2021-01-28 15:55:57.206000128,0.037105,0.0446675,0.0713975,0.0781899999999999,0.283285,0.297585,0.1727624999999999,294.21799772,21824.0,0.1532427449999999,0.5673836364893838,0.3617403113935102,0.3571113497199571,294.21799772,0.6289170180015154,0.9562891701800152,0.972075426159405,-81.95115430493732,27.394408404609973,-0.5673836469650269,0.5673836469650269,1,1,-0.5974004919893143,-294.21799772,294.21799772,294.8896753376328,-294.8896753376328,294.8896753376328,0.7357227954810139,0.710028748437491,12.140286915716556,406.3022606813384,639.1209513325491,0.7357227954810139,1.9337314823323752,0.710028748437491,313.13847244548924,434.328971648334,41.85608017315504,0.0223253111601094,0.6295792103054079,124.08292740244484,10.130879955618507,1.0415625751434732,11.605631129869348,0.0223253111601094,0.6295792103054079,0.7074077560547188,0.3126973211765289,-91.16964721679688,0.3944216301389359,2.2913111697920576,268.38996407273413,0.6838433173408305,0,-81.95101266624945,27.394528831102665,94.99959892337492,16.967414012375144,36.71806323291008,3.791602911559104,207.90792314798688,28.12417979656928,-81.16851703238606,0.8084801435470581,431004,291.55877816,652268,27.23125463354636,-81.32107306066104,0.3147642314434051,364.9307702087369,52.53273373189671,299.80987844000003,64.98158477530275,2021-01-28 15:55:57.206000128+00:00,2021-01-28 16:00:00+00:00,,,,,,,,,,,,,,,,,,,,,,,,,,,,,,,,,,,,,,,,,,,,,,,,,,,,,,,,,,,,,,,,,,,,,,,,,,,,,US-PAS,,,2021-01-28
1,1,0,0,LC08_016041_20210301,-81.95101266624945,27.394528831102665,2021-03-01 15:55:47.900999936,,,,,,,,,,,,,,,,,,-81.95115430493732,27.394408404609973,,,1,1,,,,,,,0.7139269108423634,2.178749615485017,32.90899372753007,,729.3322423298108,0.7139269108423634,3.5178130826052447,2.178749615485017,356.1948552986408,,,,,,,,,,,,0.3374116718769073,-101.38194274902344,,,,,0,-81.95101266624945,27.394528831102665,,26.771450820306008,61.93477493896475,2.7678187224839768,198.288508501314,28.11595245290773,-81.52862078618473,0.8602104187011719,135628,300.4695563,244445,26.71103971943604,-81.273153864299,0.3633931875228882,446.2537132563512,85.98093015464607,312.2446352,,2021-03-01 15:55:47.900999936+00:00,2021-03-01 16:00:00+00:00,2021-03-01,70.48557622170773,60.77962025,23.223099147275427,20.025248041666668,3.989765125,98.21141145833332,13.416778041666657,0.512970964350167,202103011100.0,202103011130.0,403.46,3.882304641,-19.1847,0.0,-0.202225,24.5124,0.604189051,-9999.0,-9999.0,-9999.0,-9999.0,204.375,0.0,-0.0633,103.1,0.0,2.13035,109.321,130.829,163.782,59.7931,101.896,73.3265,30.9868,0.615722,27.16,10.9027,0.0,548.46,114.427,422.324,483.24,391.136,1315.5,21.6,21.16,21.54,6.96969,3.45461,10.2982,-9999.0,-54.0855,-0.185225,0.0,1.08858,0.397694,1.01721,0.392141,201.742,5.21173,8.61031,-0.0647,11.3,12.32,11.8767,-9999.0,-9999.0,-9999.0,FL,GRA,22.3,1268.0,27.3944,-81.951,27.1,US-PAS,2021-03-01 11:00:00,2021-03-01 11:00:00-05:00,2021-03-01
2,2,1,1,LC08_016041_20210317,-81.95101266624945,27.394528831102665,2021-03-17 15:55:38.358000128,0.0191199999999999,0.0278924999999999,0.0607274999999999,0.0480774999999999,0.2979975,0.1995475,0.0970274999999999,304.18494404,21824.0,0.1323948025,0.7221556021093694,0.4536514750661409,0.4430812871199362,304.18494404,0.9572124748218328,0.9595721247482184,0.973158801166912,-81.95115430493732,27.394408404609973,-0.7221556305885315,0.7221556305885315,1,1,-0.661425883336818,-304.18494404,304.18494404,304.8115500796323,-304.8115500796323,304.8115500796323,0.7324927315106786,1.7991184892060477,27.540752739590648,465.8129303147497,805.7389203283311,0.7324927315106786,3.5655248983987446,1.7991184892060477,352.8434958682968,571.8291278240796,63.4720121089955,0.0361932310072148,0.5583233101168225,105.88740404940668,11.195560229855907,1.0210850290060731,13.086797469212186,0.0361932310072148,0.5583233101168225,0.6381306574917996,0.2260881960391998,-67.8932113647461,0.5971737065789632,4.425755306174165,402.46971166567744,0.7917066550736496,1,-81.95101266624945,27.394528831102665,156.9800222783483,27.000883107315783,50.45872740964509,3.1839501406614743,165.5258663932513,28.31586773768993,-82.10610508510034,0.8896015882492065,275760,300.29523728000004,520977,27.56167624300221,-82.29778095894602,0.3068752288818359,392.99576890932025,92.10133657624831,311.84814488,125.51442048309931,2021-03-17 15:55:38.358000128+00:00,2021-03-17 16:00:00+00:00,2021-03-17,85.63626370163148,74.98878404166668,43.00951693901068,37.66198147916666,4.167834895833333,157.21931866666668,40.40071825000002,24.4057031301912,202103171200.0,202103171230.0,404.452,3.766095912,-20.3442,0.0,-0.00542,19.6915,0.713871215,-9999.0,-9999.0,-9999.0,-9999.0,254.304,0.0,0.184338,149.877,0.0,1.1888,103.117,123.404,154.487,56.3997,101.675,56.2041,30.522,0.752819,27.49,16.5588,0.0,933.758,187.934,375.834,498.887,622.771,1862.89,21.173,21.247,21.273,16.0984,3.99364,14.384,-9999.0,-46.6335,-0.21536,0.0,1.30415,0.429135,1.6867,0.455203,166.945,5.22705,9.61965,-0.075,9.1,10.78,10.29,-9999.0,-9999.0,-9999.0,FL,GRA,22.3,1268.0,27.3944,-81.951,27.1,US-PAS,2021-03-17 12:00:00,2021-03-17 12:00:00-04:00,2021-03-17
3,3,0,0,LC08_016041_20210402,-81.95101266624945,27.394528831102665,2021-04-02 15:55:35.064999936,0.033585,0.0384799999999999,0.070655,0.05102,0.4110499999999999,0.2594975,0.1246375,299.51934674,21824.0,0.17684407,0.7791676585798688,0.6300531300531299,0.5613364931865663,299.51934674,1.6735406756587077,0.966735406756587,0.9755226842296736,-81.95115430493732,27.394408404609973,-0.779167652130127,0.779167652130127,1,1,-0.7066461838677198,-299.51934674,299.51934674,300.1124302447499,-300.1124302447499,300.1124302447499,0.7676498323982159,0.878422791251149,14.5214926182564,441.1539815769875,894.083874715229,0.7676498323982159,2.0800415224775906,0.878422791251149,309.89608549051513,594.4039800711774,52.301041435668864,0.0703488453640879,0.6845270133763945,301.0274786833673,8.737638186502442,2.213659536549585,10.67403322156602,0.0703488453640879,0.6845270133763945,0.8111861010306405,0.2655892372131347,-77.49297332763672,0.3560730344239977,2.7270962478004264,241.07545995214133,0.4447042116372517,0,-81.95101266624945,27.394528831102665,172.99434232946572,18.12327306939242,42.231021917525815,3.6025861189929977,292.82328787643354,28.12046290814046,-82.25191743146968,0.8873690366744995,423082,291.77753144,686664,26.59569199317355,-81.66938564265423,0.3225340843200683,562.8301350431266,94.48883087107949,306.06485504,77.34044958762009,2021-04-02 15:55:35.064999936+00:00,2021-04-02 16:00:00+00:00,2021-04-02,84.45759498112591,88.52542125000001,42.12532570217716,44.15425520833333,-6.858955395833333,113.21444565217392,-12.6062754103261,-6.509519635295824,202104021200.0,202104021230.0,412.036,3.839945867,-22.6291,0.0,0.0439,9.66421,0.603828645,-9999.0,-9999.0,-9999.0,-9999.0,253.641,0.0,0.103966,230.476,0.0,0.833893,98.6626,118.074,147.815,53.9636,102.043,45.9322,21.9112,0.930841,19.362,16.3536,0.0,0.0,202.09,314.501,454.037,,1943.77,20.367,21.067,21.18,6.01665,-0.138631,-0.863127,-1.28436,-30.3474,-0.221066,1.0,1.57116,0.429134,1.44277,0.481032,24.9486,5.65072,10.7342,-0.115298,8.19,8.04,10.44,-9999.0,-9999.0,-9999.0,FL,GRA,22.3,1268.0,27.3944,-81.951,27.1,US-PAS,2021-04-02 12:00:00,2021-04-02 12:00:00-04:00,2021-04-02
4,4,1,1,LC08_016041_20210418,-81.95101266624945,27.394528831102665,2021-04-18 15:55:28.819000064,,,,,,,,,,,,,,,,,,-81.95115430493732,27.394408404609973,,,1,1,,,,,,,0.7318521958043787,2.430062983245825,36.46273478889732,,885.3578519693496,0.7318521958043787,3.8289803975915455,2.430062983245825,352.3063665780449,,,,,,,,,,,,0.2055929601192474,-61.71117782592773,,,,,1,-81.95101266624945,27.394528831102665,,28.22161537436948,63.46501498869911,3.4812804041108856,245.1103340151499,27.58317722590938,-82.13057550595981,0.8517107367515564,103781,300.16193450000003,181601,26.467228066207856,-80.92947324344212,0.3355502784252167,548.9778067930645,123.13758911597463,322.1568932,,2021-04-18 15:55:28.819000064+00:00,2021-04-18 16:00:00+00:00,2021-04-18,97.93905165500271,87.20267975,20.3805548675571,18.146377458333333,6.5106476041666665,135.33393458333333,23.47422977083332,10.503680456606824,202104181200.0,202104181230.0,400.598,5.328587889,-31.0158,0.0,-0.117268,23.9439,0.888252822,-9999.0,-9999.0,-9999.0,-9999.0,277.38,0.0,0.750568,71.992,0.0,0.533218,101.296,121.225,151.759,55.4037,101.18,62.4068,32.8955,0.475954,29.141,25.6359,0.0,746.936,153.651,417.039,494.535,519.281,1551.8,23.807,24.1,23.72,17.6432,7.90611,17.8723,-1.38136,-55.9729,-0.14585,1.0,1.21052,0.357475,1.30556,0.387731,229.109,5.11143,9.3206,-0.0625,6.58,7.87,8.0,-9999.0,-9999.0,-9999.0,FL,GRA,22.3,1268.0,27.3944,-81.951,27.1,US-PAS,2021-04-18 12:00:00,2021-04-18 12:00:00-04:00,2021-04-18
5,5,0,0,LC08_016041_20210504,-81.95101266624945,27.394528831102665,2021-05-04 15:55:19.188999936,0.0256925,0.0344925,0.08105,0.0512949999999999,0.522645,0.2750625,0.1142425,309.3393182,21824.0,0.2094980925,0.8212530926577691,0.7497353617888669,0.6583468350187162,309.3393182,3.214598235055535,0.98,0.98,-81.95115430493732,27.394408404609973,-0.8212531208992004,0.8212531208992004,1,1,-0.731486926345257,-309.3393182,309.3393182,309.88964623292554,-309.88964623292554,309.88964623292554,0.7358566393145776,2.39102877202845,35.91076463133175,508.8029615730536,908.4226419981482,0.7358566393145776,4.6164009548937095,2.39102877202845,361.6886844045591,563.7617804591399,61.4156240691342,0.1213482476718974,0.4864665942752211,213.9823635889285,11.356823400661904,2.1267880304131097,15.019868101580716,0.1213482476718974,0.4864665942752211,0.6127688070131816,0.2787750363349914,-84.26271057128906,0.4299912375256748,3.1320620100886725,288.36379280107724,0.5740340383478533,0,-81.95101266624945,27.394528831102665,152.46234254650102,31.478368363666178,51.79421795010659,2.384699146845892,284.3251004847193,27.634137239485487,-82.09065822115174,0.8991426825523376,282611,302.26059878,525740,27.434855791164168,-81.35110419634454,0.3852346539497375,525.6823362340496,124.33282505096555,320.5162436,88.82527860611475,2021-05-04 15:55:19.188999936+00:00,2021-05-04 16:00:00+00:00,2021-05-04,112.20100672056924,113.4036439375,15.845103761377896,16.014941020833334,7.282695770833333,136.6965875,-0.0046932291666763,1.367781247219515,202105041200.0,202105041230.0,406.456,5.751867823,-29.5853,0.0,-0.103111,24.6299,1.258990929,-9999.0,-9999.0,-9999.0,-9999.0,365.261,0.0,0.730868,76.1843,0.0,1.13415,78.4518,93.8867,117.535,42.9092,101.527,54.6611,36.0757,0.607182,32.122,34.4814,0.0,-9999.0,154.743,440.077,509.849,214.713,-9999.0,25.75,25.93,25.75,22.356,11.0086,21.006,-1.22029,-15.6201,-0.0641,0.0,1.0166,0.237843,1.37861,0.355067,158.772,2.89736,8.17796,-0.224006,6.64,7.37,8.15,-9999.0,-9999.0,-9999.0,FL,GRA,22.3,1268.0,27.3944,-81.951,27.1,US-PAS,2021-05-04 12:00:00,2021-05-04 12:00:00-04:00,2021-05-04
6,6,1,1,LC08_016041_20210520,-81.95101266624945,27.394528831102665,2021-05-20 15:55:27.507000064,,,,,,,,,,,,,,,,,,-81.95115430493732,27.394408404609973,,,1,1,,,,,,,0.7479229429140597,1.8981102105070071,28.940562657610865,,929.7166468573236,0.7479229429140597,3.6945688431585104,1.8981102105070071,354.19076008919603,,,,,,,,,,,,0.1826030015945434,-54.972747802734375,,,,,1,-81.95101266624945,27.394528831102665,,27.608283708107244,51.37568931816955,4.540560418233125,254.00286018081167,27.684132597875777,-80.8669476230361,0.8640702366828918,127164,301.0506197,241148,28.06119782228564,-80.61950729890827,0.2940796017646789,605.5337460989693,127.18699586083356,317.63143472,,2021-05-20 15:55:27.507000064+00:00,2021-05-20 16:00:00+00:00,2021-05-20,80.28024229637886,85.53759702083333,11.875182003234867,12.652858333333334,2.0732446875000003,94.83859895833332,-5.425101083333338,0.6099299712196018,202105201200.0,202105201230.0,404.633,3.458960218,-25.0095,0.0,0.0124,19.4718,0.533197461,-9999.0,-9999.0,-9999.0,-9999.0,234.696,0.0,-0.440443,103.062,0.0,0.487701,101.304,121.235,151.771,55.4081,102.011,56.1157,31.6181,0.664685,27.985,26.5325,0.0,437.174,138.198,428.915,480.596,301.393,1333.37,25.13,25.25,25.1,8.94085,3.55541,9.49922,-1.41693,-174.24,-0.399226,0.0,1.63371,0.587281,2.14269,0.636923,77.1842,7.05811,13.3537,-0.0201,2.61,3.21,3.71,-9999.0,-9999.0,-9999.0,FL,GRA,22.3,1268.0,27.3944,-81.951,27.1,US-PAS,2021-05-20 12:00:00,2021-05-20 12:00:00-04:00,2021-05-20
7,7,0,0,LC08_016041_20210723,-81.95101266624945,27.394528831102665,2021-07-23 15:55:48.158999808,,,,,,,,,,,,,,,,,,-81.95115430493732,27.394408404609973,,,1,1,,,,,,,0.7214981842882315,3.190363331060186,47.21389613408801,,877.1867278273411,0.7214981842882315,4.240295443451636,3.190363331060186,377.5868966627466,,,,,,,,,,,,0.338093489408493,-103.15264892578124,,,,,0,-81.95101266624945,27.394528831102665,,29.988616629130807,75.23917551516655,1.4714477003225217,255.62371867832155,27.34372579391144,-80.91254832488997,0.8581602573394775,246333,305.1009734,348718,27.460107839029803,-81.4252660888137,0.4382627308368683,489.4997752491742,120.7783439372108,320.79993926,,2021-07-23 15:55:48.158999808+00:00,2021-07-23 16:00:00+00:00,2021-07-23,140.19161349489127,131.78394108333333,16.12410633002555,15.1570998125,4.038995833333334,152.60322625,1.623189520833343,-7.751489408250148,202107231200.0,202107231230.0,401.885,5.455227697,-19.0621,0.0,-0.128559,29.2087,1.390258403,1911.95,26.1262,0.0,0.99926,324.062,0.0,1.89794,62.5346,0.0,0.876639,112.891,135.102,169.132,61.7459,101.83,62.9924,36.7149,0.686359,32.444,31.8605,0.0,-9999.0,142.6,455.168,513.288,144.996,-9999.0,28.9,29.29,29.34,12.3693,16.0199,18.9936,-0.785749,-44.6397,-0.112856,0.0,1.01507,0.315713,0.7781,0.299048,277.757,2.62818,6.42369,-0.0784,24.45,37.21,34.68,-9999.0,-9999.0,-9999.0,FL,GRA,22.3,1268.0,27.3944,-81.951,27.1,US-PAS,2021-07-23 12:00:00,2021-07-23 12:00:00-04:00,2021-07-23
8,8,0,0,LC08_016041_20210808,-81.95101266624945,27.394528831102665,2021-08-08 15:55:55.480000000,,,,,,,,,,,,,,,,,,-81.95115430493732,27.394408404609973,,,1,1,,,,,,,0.7193148851674187,3.236012801262262,47.85941052965004,,867.263285599823,0.7193148851674187,4.231470290769612,3.236012801262262,370.6717483291896,,,,,,,,,,,,0.3032110929489136,-92.0643539428711,,,,,0,-81.95101266624945,27.394528831102665,,29.95230127499328,76.47490302179817,0.1214848019990948,249.8452577761826,27.668043418660822,-80.64886321046566,0.9002311825752258,176683,303.6312248,271321,26.864203180297025,-81.19801839666495,0.4267278015613556,487.55138520837255,119.65365069260076,322.75846472,,2021-08-08 15:55:55.480000+00:00,2021-08-08 16:00:00+00:00,2021-08-08,138.24460842643177,113.49202085416664,37.80000230900435,31.031941854166664,3.756468354166666,160.00382166666665,11.723390604166678,-19.79725742293612,202108081200.0,202108081230.0,401.089,5.13225162,-24.939,0.0,0.0826,26.9071,1.128986726,1974.21,-0.744185,0.0,-0.966402,302.383,0.0,-0.964871,73.8004,0.0,0.563753,-9999.0,-9999.0,-9999.0,-9999.0,101.837,61.3126,35.8869,0.586903,32.017,31.4725,0.0,-9999.0,132.286,451.814,506.685,327.819,-9999.0,27.967,28.38,28.08,12.754,13.0388,15.9672,-0.530442,-3.25594,0.0221,1.0,0.870427,0.139416,0.649996,0.268912,274.682,0.93272,3.87184,-1.07465,34.2833,40.86,51.1233,-9999.0,-9999.0,-9999.0,FL,GRA,22.3,1268.0,27.3944,-81.951,27.1,US-PAS,2021-08-08 12:00:00,2021-08-08 12:00:00-04:00,2021-08-08
9,9,0,0,LC08_016041_20210909,-81.95101266624945,27.394528831102665,2021-09-09 15:56:05.007000064,,,,,,,,,,,,,,,,,,-81.95115430493732,27.394408404609973,,,1,1,,,,,,,0.7175882593949174,2.984871744225368,44.30810605850616,,834.1066481701414,0.7175882593949174,3.9454439701010906,2.984871744225368,365.48290974632704,,,,,,,,,,,,0.3826874494552612,-115.76813507080078,,,,,0,-81.95101266624945,27.394528831102665,,28.73807687896804,75.65363408642929,2.893524880837229,228.3660782986352,27.883410405051205,-82.10746935002234,0.8924794793128967,174575,302.51353226000003,313401,26.59576203310776,-81.6543214975402,0.3788129091262817,484.6380520155525,103.68255319935912,313.17091862,,2021-09-09 15:56:05.007000064+00:00,2021-09-09 16:00:00+00:00,2021-09-09,95.30245451323376,78.96451725,23.30734548280987,19.311709166666667,-0.6838242291666666,118.48613375,20.8937315625,0.5601579831230445,202109091200.0,202109091230.0,395.027,3.554306233,-15.8779,0.0,0.00234,26.9591,0.952747818,1907.45,49.0898,1.0,0.0586,277.302,0.0,-0.76769,90.2631,0.0,1.28987,101.252,121.173,151.694,55.38,101.327,64.1281,35.3924,0.648643,31.438,29.9765,0.0,0.0,147.509,444.866,500.215,195.268,1578.31,26.4,26.7,26.17,5.11234,3.74622,6.88776,-0.262516,-72.5883,-0.199884,0.0,1.31426,0.420127,1.37474,0.455929,256.954,5.23418,10.9169,-0.0482,41.01,80.5,66.0467,-9999.0,-9999.0,-9999.0,FL,GRA,22.3,1268.0,27.3944,-81.951,27.1,US-PAS,2021-09-09 12:00:00,2021-09-09 12:00:00-04:00,2021-09-09
10,10,1,1,LC08_016041_20210925,-81.95101266624945,27.394528831102665,2021-09-25 15:56:08.094000128,,,,,,,,,,,,,,,,,,-81.95115430493732,27.394408404609973,,,1,1,,,,,,,0.7164237184952194,2.745718770409799,40.92632119537319,,802.5553238131823,0.7164237184952194,3.9581191862879694,2.745718770409799,371.5453876629695,,,,,,,,,,,,0.3647187948226928,-110.7749252319336,,,,,1,-81.95101266624945,27.394528831102665,,28.793482110749487,69.36927973067957,1.134837502169609,139.9401647177977,27.83039820566991,-81.62166716231832,0.9008598923683168,154367,303.72692936,268086,28.29176088922385,-82.17193291363942,0.3197767436504364,384.86098584276505,96.76497301356235,316.47956198,,2021-09-25 15:56:08.094000128+00:00,2021-09-25 16:00:00+00:00,2021-09-25,106.95044728968396,87.72251019148936,40.22266834461095,32.9912919787234,-1.2827731914893616,147.89237872340425,28.46134974468084,2.002036280598709,202109251200.0,202109251230.0,401.704,2.803069803,-10.2268,0.0,0.00196,24.9424,1.627413439,2060.88,302.482,0.0,0.61328,219.241,0.0,-4.05977,125.507,0.0,1.52804,-9999.0,-9999.0,-9999.0,-9999.0,101.546,63.0061,34.6582,0.855658,31.053,29.687,0.0,870.361,149.633,417.855,508.39,630.194,1729.8,26.0,25.6,25.6,2.69804,1.92174,6.94331,-0.241976,-4.88648,-0.0414,0.0,0.867599,0.190681,1.06981,0.302354,87.6572,1.85205,4.83052,-0.716058,40.0,72.29,65.34,-9999.0,-9999.0,-9999.0,FL,GRA,22.3,1268.0,27.3944,-81.951,27.1,US-PAS,2021-09-25 12:00:00,2021-09-25 12:00:00-04:00,2021-09-25
11,11,0,0,LC08_016041_20211011,-81.95101266624945,27.394528831102665,2021-10-11 15:56:13.694000128,0.0234375,0.0323475,0.06917,0.0628174999999999,0.328385,0.24902,0.1177624999999999,306.97063034,21824.0,0.1520816675,0.6788491893584526,0.4539045094334303,0.4469817465727487,306.97063034,0.9747098674678936,0.9597470986746788,0.973216542562644,-81.95115430493732,27.394408404609973,-0.6788491606712341,0.6788491606712341,1,1,-0.6520229905296122,-306.97063034,306.97063034,307.1511831446214,-307.1511831446214,307.1511831446214,0.7147962350153492,2.4402557845605743,36.60686789604289,483.2002727777728,759.4163750448521,0.7147962350153492,3.522220305074353,2.4402557845605743,364.95867058407146,510.9908188526833,67.7652353821124,0.0369953672268992,0.1496237288440065,75.03661956950037,25.530967336254168,1.6613385927593782,48.83359169224238,0.0369953672268992,0.1496237288440065,0.2240132106166082,0.3442730605602264,-104.0825424194336,0.5475554852502033,3.200020188753955,368.1889639010705,0.8307033204582998,0,-81.95101266624945,27.394528831102665,107.92900243935836,26.792757126962908,69.2817476818521,0.8510886495860918,210.01104904724525,28.04853887538845,-81.35460349519363,0.859727144241333,236227,302.32554116,416787,27.29147084392751,-82.37707100950249,0.3363789916038513,424.67985044333176,95.23493024166282,317.41609946,90.75257255306217,2021-10-11 15:56:13.694000128+00:00,2021-10-11 16:00:00+00:00,2021-10-11,103.26957373234184,84.02167052083333,45.276070815242726,36.837288729166666,-5.1929553125,158.83496666666667,43.16896272916669,15.482277431582126,202110111200.0,202110111230.0,407.771,3.755202517,-18.9831,0.0,-0.175998,22.4122,0.954931813,2023.39,45.6542,0.0,-0.292748,341.753,0.0,-2.45678,171.979,0.0,1.21653,88.7249,106.181,132.926,48.5281,101.2,62.4821,32.7521,0.861221,29.077,26.7817,0.0,871.27,149.013,416.004,501.027,637.234,1730.22,24.4,24.18,24.4,-0.421874,-1.45209,2.41765,-0.24177,-8.8459,-0.0763,0.0,0.91024,0.258375,0.922366,0.330724,30.7141,1.71717,4.53248,-0.395551,42.7,61.06,60.18,-9999.0,-9999.0,-9999.0,FL,GRA,22.3,1268.0,27.3944,-81.951,27.1,US-PAS,2021-10-11 12:00:00,2021-10-11 12:00:00-04:00,2021-10-11
12,12,1,1,LC08_016041_20211027,-81.95101266624945,27.394528831102665,2021-10-27 15:56:14.983000064,,,,,,,,,,,,,,,,,,-81.95115430493732,27.394408404609973,,,1,1,,,,,,,0.7133566237421027,2.065113102448436,31.3020965455503,,708.4368172799085,0.7133566237421027,3.45138709505851,2.065113102448436,346.722639277617,,,,,,,,,,,,0.3766545057296753,-112.4072036743164,,,,,1,-81.95101266624945,27.394528831102665,,26.44747103887118,59.83429402645509,1.131142825879769,210.23865900526843,28.04193253829745,-81.07925973761499,0.850063145160675,189713,298.4358344,340955,27.291440966110684,-82.38010171377128,0.2738180160522461,366.3211675566272,74.51009736537245,309.67086614,,2021-10-27 15:56:14.983000064+00:00,2021-10-27 16:00:00+00:00,2021-10-27,76.28776517823007,60.64130225,36.99400286375959,29.406609354166665,-9.789246979166666,114.7751160625,34.516451437499995,11.282594999676988,202110271200.0,202110271230.0,409.009,3.023126256,-11.4063,0.0,-0.166573,19.9546,0.867189443,2041.96,40.3791,2.0,-0.88568,161.569,0.0,-1.49165,137.94,0.0,1.39061,93.1544,111.482,139.562,50.9509,101.003,59.6197,31.4726,0.795023,27.903,25.8598,0.0,799.384,137.433,380.47,490.819,551.602,1563.27,23.0,23.0,22.927,-5.76671,-4.57277,-2.14688,-1.06265,-13.3769,-0.0871,0.0,0.885525,0.275715,1.13652,0.33207,254.631,3.45474,7.32697,-0.261571,14.8433,29.71,25.2,-9999.0,-9999.0,-9999.0,FL,GRA,22.3,1268.0,27.3944,-81.951,27.1,US-PAS,2021-10-27 12:00:00,2021-10-27 12:00:00-04:00,2021-10-27
13,13,0,0,LC08_016041_20211128,-81.95101266624945,27.394528831102665,2021-11-28 15:56:10.536999936,0.0386449999999999,0.0478575,0.0806649999999999,0.08072,0.3209875,0.28235,0.167235,291.9586865,21824.0,0.164307315,0.5981155442703957,0.4152921827913034,0.3996875372557065,291.9586865,0.7793019079354757,0.9577930190793548,0.972571696296187,-81.95115430493732,27.394408404609973,-0.5981155633926392,0.5981155633926392,1,1,-0.5983343810881298,-291.9586865,291.9586865,292.1546527356195,-292.1546527356195,292.1546527356195,0.7204814677409644,1.0625428582965308,17.125074943823815,394.58478107691593,617.8082121923169,0.7204814677409644,2.1486538644251807,1.0625428582965308,318.54885021931216,426.81688756094326,35.58342569897145,0.0283605540660904,0.0867301205192689,-4.3777086911137655e-35,2.630132673607233e+36,-0.0948204502577851,84.24598095901034,0.0283605540660904,0.0867301205192689,8.228282393020648e-20,0.4289892911911011,-125.42604064941406,0.5734388872591858,2.407227831979644,391.2334618619718,1.0,0,-81.95101266624945,27.394528831102665,68.43130243989211,18.640968285078888,49.4515601553528,0.5085932392059352,169.09400363755682,27.54960071083609,-81.54654571341926,0.8776193857192993,191761,292.37568494,330410,26.649852467569257,-81.25763450082896,0.4079068303108215,372.2344569851833,53.31947468015422,303.27575072,68.2689813149427,2021-11-28 15:56:10.536999936+00:00,2021-11-28 16:00:00+00:00,2021-11-28,56.18857396484446,44.34593035416666,32.63209800384604,25.754359708333336,-14.829708125000002,73.83788875,18.567306812500004,-0.1530750936904965,202111281100.0,202111281130.0,417.19,2.737239812,-8.40118,0.0,-0.139621,8.47286,0.615775261,2120.38,8.12529,0.0,-1.09945,163.282,0.0,-1.83686,141.411,0.0,1.75954,-9999.0,-9999.0,-9999.0,-9999.0,101.609,42.6582,21.9756,0.699665,19.857,17.7096,0.0,549.271,93.6239,343.067,441.261,357.453,1089.59,16.347,16.58,16.7,-14.2263,-14.1168,-13.5175,-0.82915,-3.21667,-0.0357,0.0,0.922412,0.172759,0.974144,0.311433,11.5626,2.02272,5.38517,-1.08777,22.5633,40.66,31.3067,-9999.0,-9999.0,-9999.0,FL,GRA,22.3,1268.0,27.3944,-81.951,27.1,US-PAS,2021-11-28 11:00:00,2021-11-28 11:00:00-05:00,2021-11-28
14,14,0,0,LC08_016041_20211230,-81.95101266624945,27.394528831102665,2021-12-30 15:56:03.731000064,,,,,,,,,,,,,,,,,,-81.95115430493732,27.394408404609973,,,1,1,,,,,,,0.6790846398779729,2.264989471242798,34.12848363872536,,545.955305766604,0.6790846398779729,2.8637929641526605,2.264989471242798,346.33898088384615,,,,,,,,,,,,0.4440402388572693,-132.0758514404297,,,,,0,-81.95101266624945,27.394528831102665,,23.317206631401493,79.09054528712984,1.896698654710701,141.46350908069664,27.549636258945323,-81.53743019412914,0.8817296028137207,157240,297.44119058,235042,27.3026611450233,-81.36069243480314,0.3518946766853332,321.0130837479797,52.39761798705505,305.89395404,,2021-12-30 15:56:03.731000064+00:00,2021-12-30 16:00:00+00:00,,,,,,,,,,,,,,,,,,,,,,,,,,,,,,,,,,,,,,,,,,,,,,,,,,,,,,,,,,,,,,,,,,,,,,,,,,,,,US-PAS,,,2021-12-30
15,15,0,0,LC08_016041_20220115,-81.95101266624945,27.394528831102665,2022-01-15 15:56:02.183000064,0.0327875,0.0404049999999999,0.06851,0.0661999999999999,0.3075675,0.2800675,0.1465274999999999,296.86696322,21824.0,0.1534497925,0.6457690944236726,0.4304814407910226,0.4143565078811012,296.86696322,0.8362793421553332,0.9583627934215532,0.9727597218291124,-81.95115430493732,27.394408404609973,-0.6457691192626953,0.6457691192626953,1,1,-0.6356602030166655,-296.86696322,296.86696322,297.50727913804656,-297.50727913804656,297.50727913804656,0.7216849822700526,0.881413561497071,14.563784133119883,422.0466751378038,596.4788004377681,0.7216849822700526,2.134455777408464,0.881413561497071,313.1938340748485,383.0558948485181,38.20145200713533,0.0307976643180337,0.1836472531993185,141.53861836068114,20.826331349031665,2.453702325296348,39.786405484153,0.0307976643180337,0.1836472531993185,0.2731733985962744,0.3873408138751983,-112.78301239013672,0.2995454166229767,1.5727430884844185,203.3158244807016,0.5895699727847716,0,-81.95101266624945,27.394528831102665,75.443128628385,18.535039988737168,41.294533755449066,1.066904797420675,179.78212086143824,28.256110136288704,-81.73085526463024,0.8080655336380005,373419,291.1725419,660216,27.868626906505423,-81.77364405236335,0.337302953004837,322.5551888069896,50.59026860447784,301.9734851,44.60299398941811,2022-01-15 15:56:02.183000064+00:00,2022-01-15 16:00:00+00:00,,,,,,,,,,,,,,,,,,,,,,,,,,,,,,,,,,,,,,,,,,,,,,,,,,,,,,,,,,,,,,,,,,,,,,,,,,,,,US-PAS,,,2022-01-15
16,16,0,0,LC08_016041_20220216,-81.95101266624945,27.394528831102665,2022-02-16 15:55:52.721999872,0.0484624999999999,0.0626249999999999,0.0923525,0.1182849999999999,0.2708275,0.3727425,0.2234725,302.4007376,21824.0,0.17374427,0.3920267274888369,0.2524117218784128,0.2573507289572467,302.4007376,0.3408737744113975,0.953408737744114,0.9711248834555576,-81.95115430493732,27.394408404609973,-0.3920267224311828,0.3920267224311828,1,1,-0.4914229858472382,-302.4007376,302.4007376,303.10395674701925,-303.10395674701925,303.10395674701925,0.7224274196932933,1.454409874975635,22.66633970095142,452.0573879129944,688.9358778060133,0.7224274196932933,2.733806472127104,1.454409874975635,336.2275761514307,437.7421377001024,65.14083102129383,0.0127440739551008,0.4786452835467228,255.36175224981108,11.75313754828244,2.552242055287465,15.265300490787691,0.0127440739551008,0.4786452835467228,0.5824368338653274,0.3810211420059204,-112.93677520751952,0.1736683099490417,1.1725582049024017,117.23955442899748,0.3146514849183308,0,-81.95101266624945,27.394528831102665,104.82067785610694,22.549598537989336,53.20090832340434,3.06020447783676,200.35796321870683,26.69426502814585,-81.82736780685052,0.8386659026145935,283070,296.40553052,571379,27.87605245316778,-81.70177440285154,0.3116335272789001,464.340332449124,70.77045252098856,306.08536316,33.25375069103211,2022-02-16 15:55:52.721999872+00:00,2022-02-16 16:00:00+00:00,2022-02-16,42.84071728245176,33.37887345833334,63.10436784021782,49.1670738125,1.8883890208333332,115.297555625,30.863219333333326,7.464081481497075,202202161100.0,202202161130.0,416.848,2.181375968,-5.51287,0.0,-0.0189,14.7819,0.383449217,1980.08,7.80245,0.0,0.814129,94.1423,0.0,0.975563,253.791,0.0,1.85067,101.801,121.83,152.517,55.6802,102.643,48.7979,27.462,0.996888,24.741,15.9243,0.0,761.483,147.6,355.098,476.226,492.755,1488.68,16.776,-9999.0,-9999.0,1.59401,-9999.0,-9999.0,-9999.0,-34.5322,-0.254624,1.0,1.564,0.461852,1.53976,0.497834,107.977,6.42191,12.2285,-0.101326,-9999.0,-9999.0,-9999.0,15.914,4.45916,24.0,FL,GRA,22.3,1268.0,27.3944,-81.951,27.1,US-PAS,2022-02-16 11:00:00,2022-02-16 11:00:00-05:00,2022-02-16
17,17,0,0,LC08_016041_20220304,-81.95101266624945,27.394528831102665,2022-03-04 15:55:49.529999872,0.0431,0.0495899999999999,0.0769524999999999,0.0737074999999999,0.2945875,0.3209599999999999,0.173395,306.30069842,21824.0,0.160302765,0.5997366241735566,0.4045695404267323,0.3815753862454581,306.30069842,0.7127967991853663,0.9571279679918536,0.9723522294373116,-81.95115430493732,27.394408404609973,-0.5997366309165955,0.5997366309165955,1,1,-0.585764655218819,-306.30069842,306.30069842,306.98662922950683,-306.98662922950683,306.98662922950683,0.7319783082304958,1.5080279091312854,23.424534982429964,477.68875070752114,757.954128067344,0.7319783082304958,3.360828632316808,1.5080279091312854,338.9085098486664,483.1420482540646,71.17971820137393,0.025615789781295,0.3127480461109598,151.25626102955502,16.15084735839901,2.113271594561269,23.36278091165651,0.025615789781295,0.3127480461109598,0.4071904249846381,0.2174966782331466,-64.65530395507812,0.3876491288505014,2.812599553031395,260.7060690231357,0.6328395826623054,0,-81.95101266624945,27.394528831102665,124.54186220838268,25.99692389313228,44.87071713893717,1.85505032313608,168.1279847407209,27.94072674502664,-80.75776719760053,0.8462279438972473,251590,297.27028958,460282,27.56141811075705,-82.32512450656914,0.2147812098264694,450.3663418135376,94.92298932843414,320.57776796,79.76532332397036,2022-03-04 15:55:49.529999872+00:00,2022-03-04 16:00:00+00:00,,,,,,,,,,,,,,,,,,,,,,,,,,,,,,,,,,,,,,,,,,,,,,,,,,,,,,,,,,,,,,,,,,,,,,,,,,,,,US-PAS,,,2022-03-04
18,18,1,1,LC08_016041_20220320,-81.95101266624945,27.394528831102665,2022-03-20 15:55:41.259000064,,,,,,,,,,,,,,,,,,-81.95115430493732,27.394408404609973,,,1,1,,,,,,,0.7306981913172435,1.937733247627331,29.500859211849843,,812.6467534531736,0.7306981913172435,3.07737496521774,1.937733247627331,331.3946826756454,,,,,,,,,,,,0.2664065659046173,-78.74220275878906,,,,,1,-81.95101266624945,27.394528831102665,,24.514821699396087,62.96708296937181,2.1867843328134136,115.73023228398624,28.147812089314648,-82.39215013862321,0.8513830900192261,189604,295.57153364,315645,27.45730351680153,-81.45561589449481,0.3133310675621032,463.5940554164989,94.737719385634,311.89941518,,2022-03-20 15:55:41.259000064+00:00,2022-03-20 16:00:00+00:00,2022-03-20,88.48603740119958,73.48574191666667,44.07229792291299,36.60109104166667,1.1842572083333334,107.60677108333331,-3.6643190833333454,-26.135821449112576,202203201200.0,202203201230.0,413.281,3.413834085,-17.1792,0.0,-0.0221,20.4588,0.51338491,1941.22,-3.05239,0.0,-0.196198,156.049,0.0,0.990251,111.478,0.0,1.09338,86.9243,104.026,130.228,47.5433,102.048,69.0407,27.5863,0.602654,24.276,9.3645,0.0,535.859,110.206,409.578,476.616,380.084,1246.44,24.14,-9999.0,-9999.0,1.72476,-9999.0,-9999.0,-9999.0,-12.8722,-0.0759,1.0,1.21757,0.252935,0.986133,0.332165,343.203,2.58299,5.77388,-0.271827,-9999.0,-9999.0,-9999.0,21.757,2.30612,15.1467,FL,GRA,22.3,1268.0,27.3944,-81.951,27.1,US-PAS,2022-03-20 12:00:00,2022-03-20 12:00:00-04:00,2022-03-20
19,19,0,0,LC08_016041_20220405,-81.95101266624945,27.394528831102665,2022-04-05 15:55:35.115000064,,,,,,,,,,,,,,,,,,-81.95115430493732,27.394408404609973,,,1,1,,,,,,,0.7261640400971847,2.501210957037796,37.468815277772286,,852.2891463702666,0.7261640400971847,3.6606163961740528,2.501210957037796,358.3135107216131,,,,,,,,,,,,0.2759678959846496,-83.13973236083984,,,,,0,-81.95101266624945,27.394528831102665,,27.450285396723785,68.327589846671,3.5893111055404114,255.13628395564487,28.29995606891724,-81.62651708341252,0.8908978700637817,172284,301.26595496,347256,26.59624126657296,-81.95320027536086,0.3538974225521087,537.8130816873492,105.972139015204,312.79835444,,2022-04-05 15:55:35.115000064+00:00,2022-04-05 16:00:00+00:00,2022-04-05,90.258798728991,81.85533008333333,24.454187550616226,22.177401229166662,3.2359004375,111.00230914893616,3.7336773989361625,-6.946577568171065,202204051200.0,202204051230.0,409.243,3.593563504,-17.0211,0.0,-0.0559,26.3262,0.95957807,-9999.0,-9999.0,-9999.0,-9999.0,274.887,0.0,-2.83471,100.044,0.0,2.37041,103.047,123.321,154.383,56.3617,101.278,68.6082,31.9941,0.599292,28.531,12.2028,0.0,525.61,179.623,419.322,491.461,,1914.81,23.743,-9999.0,-9999.0,6.53989,-9999.0,-9999.0,-9999.0,-76.0962,-0.225983,1.0,1.41886,0.441772,1.51264,0.469003,163.852,6.9115,12.2756,-0.046,-9999.0,-9999.0,-9999.0,22.444,8.57002,19.6367,FL,GRA,22.3,1268.0,27.3944,-81.951,27.1,US-PAS,2022-04-05 12:00:00,2022-04-05 12:00:00-04:00,2022-04-05
20,20,1,1,LC08_016041_20220421,-81.95101266624945,27.394528831102665,2022-04-21 15:55:37.756999936,,,,,,,,,,,,,,,,,,-81.95115430493732,27.394408404609973,,,1,1,,,,,,,0.755374109769795,1.4436725251232962,22.514506309037152,,918.2172090834474,0.755374109769795,3.4040097279248385,1.4436725251232962,346.87320476503965,,,,,,,,,,,,0.1332190930843353,-39.928104400634766,,,,,1,-81.95101266624945,27.394528831102665,,26.21306132320341,42.41094005343492,3.3279128344714506,283.0827686131136,28.10397077686439,-82.4163179128044,0.8429304957389832,163322,299.7175919,319132,27.62025489114726,-81.61865190067947,0.2085814327001571,415.5172796185177,119.6407607399945,321.24428186,,2022-04-21 15:55:37.756999936+00:00,2022-04-21 16:00:00+00:00,2022-04-21,76.21624166892872,77.75871133333332,33.533042916774505,34.211687,-0.7168337708333334,102.1285925,-9.124972062499978,-6.903858314869879,202204211200.0,202204211230.0,414.05,4.147414655,-25.2271,0.0,-0.102703,15.4927,0.766579363,1972.6,-2.81311,0.0,-0.274073,298.642,0.0,-1.5153,216.717,0.0,2.1284,98.0917,117.391,146.959,53.6513,102.255,45.7365,29.4153,0.866831,26.562,18.8006,0.0,500.541,172.166,387.482,490.153,321.572,1801.07,24.288,-9999.0,-9999.0,1.3031,-9999.0,-9999.0,-9999.0,-38.7326,-0.245322,1.0,1.54168,0.455645,1.4989,0.514468,81.5946,5.94548,13.0162,-0.0903,-9999.0,-9999.0,-9999.0,22.838,0.690391,4.63,FL,GRA,22.3,1268.0,27.3944,-81.951,27.1,US-PAS,2022-04-21 12:00:00,2022-04-21 12:00:00-04:00,2022-04-21
21,21,0,0,LC08_016041_20220523,-81.95101266624945,27.394528831102665,2022-05-23 15:55:45.316999936,,,,,,,,,,,,,,,,,,-81.95115430493732,27.394408404609973,,,1,1,,,,,,,0.7362873656732012,2.459122105836656,36.873650444035206,,915.7340790326236,0.7362873656732012,4.340162825911355,2.459122105836656,361.4793330529622,,,,,,,,,,,,0.2338350713253021,-70.67193603515625,,,,,0,-81.95101266624945,27.394528831102665,,30.39505389897858,56.65967394484296,2.056924117510111,285.90103204913163,27.16108195557965,-81.43078920601523,0.8708463907241821,199051,302.2298366,369264,27.233927531135485,-81.33623071062533,0.329198807477951,482.48593720410537,124.1657510735211,319.3199366,,2022-05-23 15:55:45.316999936+00:00,2022-05-23 16:00:00+00:00,2022-05-23,101.72213256798472,96.58766125,22.37358044786813,21.24426370833333,4.52835025,118.27235,-4.087925208333328,-10.351713265852858,202205231200.0,202205231230.0,408.136,2.702159051,-7.62894,0.0,-0.0342,24.7551,0.764454934,1898.74,49.4116,0.0,1.09932,172.181,0.0,-0.605761,43.6928,0.0,0.340602,102.964,123.222,154.259,56.3162,101.84,60.9579,33.3042,0.493497,29.608,16.1511,0.0,296.056,100.578,428.02,494.435,185.542,1129.57,27.839,-9999.0,-9999.0,6.32757,-9999.0,-9999.0,-9999.0,-46.8771,-0.0942,1.0,1.00831,0.28484,1.36408,0.302703,153.082,3.75758,8.40123,-0.0746,-9999.0,-9999.0,-9999.0,26.601,7.37742,10.0067,FL,GRA,22.3,1268.0,27.3944,-81.951,27.1,US-PAS,2022-05-23 12:00:00,2022-05-23 12:00:00-04:00,2022-05-23
22,22,0,0,LC08_016041_20220608,-81.95101266624945,27.394528831102665,2022-06-08 15:55:54.968000000,,,,,,,,,,,,,,,,,,-81.95115430493732,27.394408404609973,,,1,1,,,,,,,0.730902054020502,2.7602198307510726,41.131376000166526,,906.2154149943603,0.730902054020502,4.1769683395282335,2.7602198307510726,381.1267181799571,,,,,,,,,,,,0.1456104815006256,-44.57023239135742,,,,,0,-81.95101266624945,27.394528831102665,,29.726556034693463,66.08189496267106,1.0514659600406695,253.45968822435205,26.52102822837953,-81.51629537085772,0.9036636352539062,189230,306.0921992,372619,28.06119782228564,-80.61950729890827,0.2828040421009063,539.7697043371006,135.40428603066525,325.02119396,,2022-06-08 15:55:54.968000+00:00,2022-06-08 16:00:00+00:00,,,,,,,,,,,,,,,,,,,,,,,,,,,,,,,,,,,,,,,,,,,,,,,,,,,,,,,,,,,,,,,,,,,,,,,,,,,,,US-PAS,,,2022-06-08
23,23,1,1,LC08_016041_20220624,-81.95101266624945,27.394528831102665,2022-06-24 15:56:02.816000000,0.0222825,0.0323475,0.0777224999999999,0.0531924999999999,0.44911,0.2598,0.1103649999999999,312.00537380000003,21824.0,0.186199295,0.788205314526605,0.6487648368286816,0.5925119911403993,312.00537380000003,1.9784540137524689,0.9697845401375248,0.9765288982453832,-81.95115430493732,27.394408404609973,-0.7882053256034851,0.7882053256034851,1,1,-0.7049441710600619,-312.00537380000003,312.00537380000003,312.7423456611306,-312.7423456611306,312.7423456611306,0.7275449017713745,2.927506039145598,43.496916174447584,521.0826485245303,896.221508235701,0.7275449017713745,4.788130512301138,2.927506039145598,387.162843881464,583.7275872257682,74.40223915786294,0.0838200860575566,0.3210455170899404,121.53997633860588,15.96601448194825,1.720928998284549,22.758966230299524,0.0838200860575566,0.3210455170899404,0.4224872969327181,0.3102938830852508,-95.32110595703124,0.5798605639295158,4.570431918915291,387.78537172929936,0.761370650803734,1,-81.95101266624945,27.394528831102665,167.26987002898622,32.123764404288934,61.140898971416334,1.6524005960860673,290.6974214684305,26.53797174530307,-81.38296332672667,0.8515440225601196,365632,307.19621966,620360,27.878634244135963,-81.7261721704115,0.3716787099838257,500.6876838651165,131.04990420576502,322.59781778,129.61744922043763,2022-06-24 15:56:02.816000+00:00,2022-06-24 16:00:00+00:00,2022-06-24,103.86634431007728,104.72748152173912,10.840800952703727,10.930680086956524,2.9248805416666666,117.57931504255318,-1.0037271078091354,-0.0527107618944846,202206241200.0,202206241230.0,397.474,6.070412626,-26.1937,0.0,0.112062,30.4677,1.433251108,1948.12,-9.58808,0.0,0.17955,377.781,0.0,-0.270906,56.2041,0.0,0.235196,111.245,133.132,166.666,60.8456,101.344,62.9741,36.3779,0.546538,32.599,18.1592,0.0,246.192,112.901,449.456,512.19,157.157,1289.8,29.919,-9999.0,-9999.0,6.35357,-9999.0,-9999.0,-9999.0,-50.1292,-0.11473,0.0,0.969807,0.317037,1.12828,0.305866,260.923,2.97861,6.57872,-0.0698,-9999.0,-9999.0,-9999.0,27.921,5.41922,8.69,FL,GRA,22.3,1268.0,27.3944,-81.951,27.1,US-PAS,2022-06-24 12:00:00,2022-06-24 12:00:00-04:00,2022-06-24
24,24,0,0,LC08_016041_20220710,-81.95101266624945,27.394528831102665,2022-07-10 15:56:03.051000064,0.0182674999999999,0.0242074999999999,0.07038,0.0390024999999999,0.462915,0.2016925,0.0808025,309.12398294,21824.0,0.1774990375,0.8445860126415198,0.6993530473917737,0.6346518051635988,309.12398294,2.6005258152660544,0.9760052581526604,0.978581735190378,-81.95115430493732,27.394408404609973,-0.8445860147476196,0.8445860147476196,1,1,-0.7360560290270862,-309.12398294,309.12398294,309.92835342588467,-309.92835342588467,309.92835342588467,0.7257849711325095,2.9851858804318483,44.31254815701361,505.3194540205571,887.8153642234186,0.7257849711325095,4.131300278940522,2.9851858804318483,368.4732598526385,584.5413766803194,55.11381251799988,0.1062185138871524,0.4747253630880461,157.12562891327866,11.968126537145825,1.6491866411188454,15.39134971493793,0.1062185138871524,0.4747253630880461,0.5856068617648607,0.251388281583786,-76.26316833496094,0.5551759059425989,3.645692353147178,372.30193524904087,0.7032160024348396,0,-81.95101266624945,27.394528831102665,144.85874368464474,29.53541925531356,72.25778033247691,2.3689786834700417,257.8784995637757,28.382216543065663,-81.96227691288396,0.8711463809013367,204618,303.36803726,397047,27.248963516262783,-82.53258501120007,0.299994558095932,549.8204118030004,125.61589978137611,320.5333337,103.39183513525396,2022-07-10 15:56:03.051000064+00:00,2022-07-10 16:00:00+00:00,2022-07-10,140.3491774067364,109.06272029166666,24.41812295097272,18.9748665625,1.7951040416666666,163.128515,33.29582410416667,-3.4338893993757864,202207101200.0,202207101230.0,465.347,7.350386832,-6.54625,0.0,1.54285,28.8714,1.598351766,-9999.0,-9999.0,-9999.0,-9999.0,276.791,0.0,-1.41126,35.0058,0.0,-2.30889,113.781,136.167,170.465,62.2328,101.49,81.6029,31.2801,1.7704,27.175,6.60774,0.0,687.693,134.551,457.683,472.457,538.367,1360.3,30.167,-9999.0,-9999.0,7.18351,-9999.0,-9999.0,-9999.0,-91.0939,-0.12706,2.0,1.814,0.330326,0.758159,0.309831,170.576,2.92063,7.55347,-0.0384,-9999.0,-9999.0,-9999.0,28.541,7.71186,15.87,FL,GRA,22.3,1268.0,27.3944,-81.951,27.1,US-PAS,2022-07-10 12:00:00,2022-07-10 12:00:00-04:00,2022-07-10
25,25,1,1,LC08_016041_20220726,-81.95101266624945,27.394528831102665,2022-07-26 15:56:11.000999936,0.0147199999999999,0.0266824999999999,0.0818749999999999,0.0530275,0.44834,0.21998,0.096945,305.05653914,21824.0,0.1800482325,0.7884685385470739,0.6309307490409853,0.5921589726049628,305.05653914,1.9744819173725747,0.9697448191737256,0.9765157903273296,-81.95115430493732,27.394408404609973,-0.7884685397148132,0.7884685397148132,1,1,-0.6911630187754025,-305.05653914,305.05653914,305.88433924889694,-305.88433924889694,305.88433924889694,0.7251489561657265,2.960176570116006,43.95889958758903,476.1698380911618,880.9146891802023,0.7251489561657265,3.893140188144584,2.960176570116006,365.40151853244015,600.483947833904,62.67315861288164,0.0836539548638236,0.3401436795511361,47.51761450328197,17.113603087978348,0.7043282782430254,21.481110839634287,0.0836539548638236,0.3401436795511361,0.4115852404121217,0.2222456037998199,-67.2771224975586,0.7282440358493897,3.87967871836222,490.2931747177405,0.9116462230664664,1,-81.95101266624945,27.394528831102665,119.3815174316736,28.50779840070589,76.03570452280026,1.751144199629735,205.33143632194592,28.232849720987133,-81.67260129977089,0.8758736848831177,190520,302.71519544,327034,27.16222956912172,-81.12465623386733,0.2344552129507064,388.3294397839867,110.45617710582565,318.36630902,110.02768845275256,2022-07-26 15:56:11.000999936+00:00,2022-07-26 16:00:00+00:00,2022-07-26,119.0696348428054,93.56003685416664,26.050584813498077,20.46948139583333,2.0380852083333334,154.44569291666667,38.37808945833334,7.287388052029858,202207261200.0,202207261230.0,401.464,4.868223946,-22.1535,0.0,-0.119255,29.7179,1.638012275,1940.56,-1.32941,0.0,0.782626,294.803,0.0,-0.56899,79.9583,0.0,1.23809,77.1522,92.3315,115.588,42.1984,101.91,66.2907,34.7473,0.592377,31.349,15.4045,0.0,743.615,142.168,448.341,501.866,547.922,1413.4,28.986,-9999.0,-9999.0,5.59326,-9999.0,-9999.0,-9999.0,-13.5319,-0.0611,1.0,1.38784,0.230151,1.83052,0.350832,119.595,2.77449,8.43568,-0.258574,-9999.0,-9999.0,-9999.0,27.922,7.2029,14.1133,FL,GRA,22.3,1268.0,27.3944,-81.951,27.1,US-PAS,2022-07-26 12:00:00,2022-07-26 12:00:00-04:00,2022-07-26
26,26,0,0,LC08_016041_20220827,-81.95101266624945,27.394528831102665,2022-08-27 15:56:21.155000064,0.0132349999999999,0.027425,0.0835524999999999,0.053825,0.4709724999999999,0.2407425,0.09425,309.43844078,21824.0,0.188812895,0.7948732606386272,0.6566211864113307,0.6105803829537054,309.43844078,2.2037111352617944,0.972037111352618,0.977272246746364,-81.95115430493732,27.394408404609973,-0.7948732376098633,0.7948732376098633,1,1,-0.6986519994589965,-309.43844078,309.43844078,310.1205740978754,-310.1205740978754,310.1205740978754,0.718625888745672,3.109274063332725,46.0672390225827,505.3158971266621,852.554067013362,0.718625888745672,3.752678543475223,3.109274063332725,383.70640259340274,559.241831534279,65.41677623960018,0.0927786947670001,0.0874777366050571,62.55625048950972,29.993356768139744,1.6467773488745934,83.52598461511403,0.0927786947670001,0.0874777366050571,0.1603492880941851,0.4250226318836212,-130.16148376464844,0.6432281034570612,2.9520623125445566,431.2688048051691,0.8733230527313348,0,-81.95101266624945,27.394528831102665,94.43269599142606,27.875788149037085,82.85479364436411,0.4443637600862753,181.38981758011232,28.302719588318496,-81.61429456420827,0.8806387782096863,189967,306.24601010000003,311906,27.89192609417153,-81.54520726692543,0.3194100856781006,455.0900623148393,116.61426904894424,318.83115974,83.72048718376362,2022-08-27 15:56:21.155000064+00:00,2022-08-27 16:00:00+00:00,2022-08-27,131.47398376573824,99.5423505625,46.01682887065442,34.840530270833334,0.1944829583333333,191.40713558333331,56.829771791666666,13.721839988607345,202208271200.0,202208271230.0,403.467,4.074660376,-16.563,0.0,-0.0759,30.3525,0.972890673,1938.35,-8.47458,0.0,0.0675,245.559,0.0,-0.91517,79.2584,0.0,-0.0988,-9999.0,-9999.0,-9999.0,-9999.0,101.378,67.078,34.5019,0.567898,31.421,15.1064,0.1,602.431,104.751,452.304,506.837,443.148,860.64,31.075,-9999.0,-9999.0,4.92839,-9999.0,-9999.0,-9999.0,-2.43585,-0.0193,0.0,0.68048,0.129726,0.707802,0.256606,286.847,1.14708,3.77008,-1.43646,-9999.0,-9999.0,-9999.0,29.175,4.82695,-9999.0,FL,GRA,22.3,1268.0,27.3944,-81.951,27.1,US-PAS,2022-08-27 12:00:00,2022-08-27 12:00:00-04:00,2022-08-27
27,27,0,0,LC08_016041_20220912,-81.95101266624945,27.394528831102665,2022-09-12 15:56:26.008000000,,,,,,,,,,,,,,,,,,-81.95115430493732,27.394408404609973,,,1,1,,,,,,,0.7163752138785855,3.0121924152551087,44.69443883231589,,828.6870885756649,0.7163752138785855,3.945506681731312,3.0121924152551087,373.3114362984758,,,,,,,,,,,,0.3055035173892975,-92.8992919921875,,,,,0,-81.95101266624945,27.394528831102665,107.17030527771026,28.73835138173772,76.34488186782998,1.0545380943814802,222.70153908887903,27.68906654477817,-81.549064030418,0.8585128784179688,270894,304.08582146000003,457991,26.97098972945532,-82.079660970101,0.2972152531147003,458.5697619628602,113.80065752839528,321.65786228,,2022-09-12 15:56:26.008000+00:00,2022-09-12 16:00:00+00:00,2022-09-12,96.54752339771812,73.05986677083332,25.06703839544867,18.968839604166668,-0.6673196875,128.25548535416667,36.89409866666667,7.308243248499885,202209121200.0,202209121230.0,402.965,4.000687775,-14.9556,0.0,-0.0784,28.5439,1.137929885,1987.73,201.97,0.0,-0.00432,267.157,0.0,-0.482586,80.0819,0.0,0.118029,-9999.0,-9999.0,-9999.0,-9999.0,101.469,61.9811,35.0158,0.647001,31.747,17.7706,0.1,725.665,124.701,448.029,511.123,537.87,1350.68,27.513,-9999.0,-9999.0,4.95556,-9999.0,-9999.0,-9999.0,-6.12576,-0.0359,1.0,1.02822,0.177003,0.775618,0.27874,220.315,1.94556,5.7646,-0.571195,-9999.0,-9999.0,-9999.0,26.933,6.60338,-9999.0,FL,GRA,22.3,1268.0,27.3944,-81.951,27.1,US-PAS,2022-09-12 12:00:00,2022-09-12 12:00:00-04:00,2022-09-12
28,28,0,0,LC08_016041_20221014,-81.95101266624945,27.394528831102665,2022-10-14 15:56:19.108999936,0.0209074999999999,0.0303124999999999,0.066255,0.060315,0.3368825,0.24176,0.1085225,308.30707616,21824.0,0.151867085,0.6962971821323145,0.4698961808378421,0.4623856508739714,308.30707616,1.0466701002919463,0.9604667010029194,0.9734540113309634,-81.95115430493732,27.394408404609973,-0.6962971687316895,0.6962971687316895,1,1,-0.6713032154041735,-308.30707616,308.30707616,308.4440364196598,-308.4440364196598,308.4440364196598,0.7091981422053637,2.656467048266395,39.66424145562519,492.0387902158115,745.7702488622431,0.7091981422053637,3.4465464288216365,2.656467048266395,360.61958207536816,486.83660518497857,65.11405923215565,0.0403407706775583,0.2614682374009181,173.59922515927414,17.191297313984702,2.591819874776988,27.944748297038643,0.0403407706775583,0.2614682374009181,0.364305421415592,0.3610741794109344,-108.77935791015624,0.3694646774247339,1.987206606216579,248.1233207935488,0.5883567838018926,0,-81.95101266624945,27.394528831102665,94.51172201690028,26.42364984589994,77.07620086158633,1.4723021970223482,186.29066904837865,28.11533297704173,-80.9391148129314,0.8462119102478027,197935,301.26595496,495300,27.3026611450233,-81.36069243480314,0.3553744554519653,424.766817005178,91.0198673987483,315.7139255,56.357179352302175,2022-10-14 15:56:19.108999936+00:00,2022-10-14 16:00:00+00:00,,,,,,,,,,,,,,,,,,,,,,,,,,,,,,,,,,,,,,,,,,,,,,,,,,,,,,,,,,,,,,,,,,,,,,,,,,,,,US-PAS,,,2022-10-14
29,29,1,1,LC08_016041_20221030,-81.95101266624945,27.394528831102665,2022-10-30 15:56:27.564999936,0.0293225,0.03925,0.0771175,0.0753849999999999,0.3659775,0.3048175,0.14661,305.203514,21824.0,0.174840365,0.6583987085445638,0.4767211043941172,0.4630402740708282,305.203514,1.049835114256224,0.9604983511425622,0.9734644558770456,-81.95115430493732,27.394408404609973,-0.6583986878395081,0.6583986878395081,1,1,-0.651914375021158,-305.203514,305.203514,305.2637574231606,-305.2637574231606,305.2637574231606,0.7078798048143211,2.2376032973845943,33.74122461060128,472.5391557292151,694.3333672622091,0.7078798048143211,3.406491627493382,2.2376032973845943,357.31993175256986,443.6019174479065,59.20195229632023,0.0404894570010018,0.3821494331312067,111.22610412890552,14.678370789394068,1.4066031489954014,19.119913437972684,0.0404894570010018,0.3821494331312067,0.4711289024208069,0.2976408302783966,-89.45235443115234,0.4055064512295383,2.3932451454261674,273.1738610226807,0.7106500670856094,1,-81.95101266624945,27.394528831102665,94.52822798416602,26.225411401340867,65.68644641088117,2.1509158528725543,197.20830031747067,28.28366149769048,-81.96077760188261,0.8664620518684387,212729,300.5379167,398037,26.97098972945532,-82.079660970101,0.2876653671264648,401.8156745981441,80.26456049622455,313.37599982,67.87243232428611,2022-10-30 15:56:27.564999936+00:00,2022-10-30 16:00:00+00:00,,,,,,,,,,,,,,,,,,,,,,,,,,,,,,,,,,,,,,,,,,,,,,,,,,,,,,,,,,,,,,,,,,,,,,,,,,,,,US-PAS,,,2022-10-30
30,30,0,0,LC08_016041_20221201,-81.95101266624945,27.394528831102665,2022-12-01 15:56:22.832999936,0.0281124999999999,0.0360874999999999,0.0638624999999999,0.064605,0.282845,0.26629,0.1344825,299.81329646,21824.0,0.142452955,0.6281191538350841,0.3897647463287657,0.3862882765944893,299.81329646,0.7297182018298604,0.9572971820182986,0.9724080700660384,-81.95115430493732,27.394408404609973,-0.628119170665741,0.628119170665741,1,1,-0.6316058925751534,-299.81329646,299.81329646,300.023688086212,-300.023688086212,300.023688086212,0.697166706308201,1.815172347804946,27.76776516238619,438.5644223144022,591.6398596406751,0.697166706308201,2.595472989364517,1.815172347804946,336.90356354233484,391.3114230156734,43.2593988086288,0.0263033259573097,0.5511946210882583,144.7884707248813,11.088638077432464,1.3552642484372657,13.25605113383181,0.0263033259573097,0.5511946210882583,0.6394743553925072,0.3256576359272003,-96.34973907470705,0.3001983243686548,1.5184498672718043,203.2635534821633,0.5840033654315097,0,-81.95101266624945,27.394528831102665,73.35422217300759,21.696865944107746,69.93609084906632,3.2597235019872417,153.57794347194522,27.75052719332684,-82.45037186409567,0.8553483486175537,502580,295.86206534,725853,27.6272808109824,-82.29004095266276,0.2218904197216034,340.70312150374514,54.171276642028296,303.79528976,43.06323823582837,2022-12-01 15:56:22.832999936+00:00,2022-12-01 16:00:00+00:00,2022-12-01,62.0545356848714,44.5791310625,28.50750264977397,20.479400625,-2.809956375,79.43117708333334,17.182601770833333,-8.320904876312031,202212011100.0,202212011130.0,411.723,2.367283433,-9.99929,0.0,-0.0389,18.5664,0.365227372,1801.24,35.5063,0.0,0.544123,150.356,0.0,0.733218,172.987,0.0,2.05419,111.539,133.484,167.106,61.0063,102.281,69.9079,24.3263,0.747701,22.498,8.17644,0.0,653.42,119.439,367.68,451.694,449.966,1227.57,20.691,-9999.0,-9999.0,-3.39035,-9999.0,-9999.0,-0.411205361,-54.3255,-0.267787,0.0,1.32969,0.473027,1.3673,0.454857,58.3596,5.27198,9.73988,-0.0644,27.432,-9999.0,-9999.0,20.759,-9999.0,33.93,FL,GRA,22.3,1268.0,27.3944,-81.951,27.1,US-PAS,2022-12-01 11:00:00,2022-12-01 11:00:00-05:00,2022-12-01
31,31,1,1,LC08_016041_20221217,-81.95101266624945,27.394528831102665,2022-12-17 15:56:16.164000000,0.0294875,0.03892,0.0679325,0.0672174999999999,0.29412,0.27245,0.1409174999999999,296.02954832,21824.0,0.1481135275,0.6279517071989484,0.4035902954412053,0.3951456310679612,296.02954832,0.7622428209775897,0.9576224282097758,0.972515401309226,-81.95115430493732,27.394408404609973,-0.6279516816139221,0.6279516816139221,1,1,-0.6247367439805,-296.02954832,296.02954832,296.4051508301761,-296.4051508301761,296.4051508301761,0.7089146598166864,1.1691116540763835,18.632029821702712,416.9822975733852,575.1569531621985,0.7089146598166864,2.171966352561362,1.1691116540763835,325.08070751483314,384.2907068843142,37.08725152650434,0.0276457974534817,0.2412420512230441,130.6482036788031,18.937728864139444,2.05397120447023,30.28768842246128,0.0276457974534817,0.2412420512230441,0.3306491542377401,0.7180454730987549,-210.7783966064453,0.3187116759855999,1.2043218270842135,216.5552516790068,0.6237128356220883,1,-81.95101266624945,27.394528831102665,54.666010487558765,18.813575552446903,53.82733727424786,1.4187402519776082,118.69134022805623,27.9948206469616,-80.94162349745804,0.8279883861541748,240548,293.54464778,419755,27.77209940946463,-81.506854116587,0.3241567313671112,332.42094605088755,47.50359968665383,299.1536186,34.154567016108295,2022-12-17 15:56:16.164000+00:00,2022-12-17 16:00:00+00:00,2022-12-17,56.40326409654357,43.41899945833333,21.69567488977713,16.7012408125,-7.425225833333333,67.77100645833333,15.07599202083333,-2.9027066946540465,202212171100.0,202212171130.0,415.059,3.015737613,-11.6525,0.0,-0.222083,9.90011,0.620825528,1907.3,8.90758,0.0,-0.748181,171.184,0.0,0.16351,116.922,0.0,2.75383,97.5699,116.766,146.177,53.3659,101.469,41.0894,21.5621,0.700547,20.775,14.4063,0.0,603.215,113.594,348.99,442.514,396.096,1128.55,18.22,-9999.0,-9999.0,-9.64795,-9999.0,-9999.0,-0.249501335,-14.7001,-0.0868,0.0,0.711998,0.269152,0.796372,0.305932,56.0636,2.88636,5.82389,-0.238026,29.4477,-9999.0,-9999.0,18.497,-9999.0,31.98,FL,GRA,22.3,1268.0,27.3944,-81.951,27.1,US-PAS,2022-12-17 11:00:00,2022-12-17 11:00:00-05:00,2022-12-17
