,Unnamed: 0.4,Unnamed: 0.3,longitude_x,latitude_x,date_x,eto,etr,Date,Stn Name,Unnamed: 0.2,LE_closed,LE_unclosed,H_closed,H_unclosed,G_unclosed,Rn_unclosed,Name_x,Unnamed: 0,Unnamed: 0.1,Unnamed: 0_x,id,longitude_y,latitude_y,date_y,UB,B,GR,R,NIR,SWIR_1,SWIR_2,ST_B10,pixel_qa,ALFA,NDVI_model,EVI,SAVI,T_LST,LAI,e_0,e_NB,longitude.1,latitude.1,NDVI_neg,pos_NDVI,int,sd_ndvi,NDWI,LST_neg,LST_NW,T_LST_DEM,LST_neg_1,LST_NW_1,Tao_sw,EA,W_ATM,Rl_up,Rs_down,Tao_sw_1,ES,EA_1,Rl_down,Rn,Ginst,zom,u_fr,Hinst,rah,dT,rah_first,zom_1,u_fr_1,ufric_star,constant,constant_1,ET_inst,ET_24h,LEinst,EF,id.1,longitude.2,latitude.2,Rn24h_G,AirT_G,Relative humidity,ux_G,SW_Down,cold_pixel_lat,cold_pixel_lon,cold_pixel_ndvi,cold_pixel_sum,cold_pixel_temp,hot_pixel_sum,hot_pixel_lat,hot_pixel_lon,hot_pixel_ndvi,hot_pixel_Rn,hot_pixel_G,hot_pixel_temp,Datetime_Local_x,Datetime_GMT,Unnamed: 0_y,TIMESTAMP_START,TIMESTAMP_END,CO2_1_1_1,H2O_1_1_1,CO2_1_1_2,H2O_1_1_2,CO2_1_1_3,H2O_1_1_3,CO2_1_2_2,H2O_1_2_2,CO2_1_2_3,H2O_1_2_3,CO2_1_3_2,H2O_1_3_2,CO2_1_3_3,H2O_1_3_3,CO2_1_4_2,H2O_1_4_2,CO2_1_4_3,H2O_1_4_3,Wind speed_y,WS_MAX_1_1_1,WD_1_1_1,T_SONIC,T_SONIC_SIGMA,FC,SC,NEE_PI,LE_inst_af,SLE,USTAR,H_inst_af,SH,FETCH_90,FETCH_MAX,V_SIGMA,WS_1_2_1,WS_1_3_1,WS_1_4_1,WS_MAX_1_2_1,WS_MAX_1_3_1,WS_MAX_1_4_1,WD_1_2_1,WD_1_3_1,WD_1_4_1,Air temp,TA_1_1_2,TA_1_2_1,TA_1_3_1,TA_1_4_1,PA,RH,VPD_PI,T_CANOPY_1_1_1,T_CANOPY_1_2_1,T_CANOPY_2_2_1,SW_DIF,SWIN_inst_af,SW_IN_1_1_2,SW_IN_1_1_3,SW_OUT,LW_IN_inst_af,LW_OUT_inst_af,LW_BC_IN,LW_BC_OUT,PPFD_IN_1_1_1,PPFD_IN_1_2_1,PPFD_IN_1_3_1,PPFD_IN_1_4_1,PPFD_OUT,PPFD_BC_IN_1_1_1,PPFD_BC_IN_2_1_1,PPFD_BC_IN_3_1_1,SWC_1_1_1,SWC_1_2_1,SWC_1_3_1,SWC_1_4_1,SWC_1_5_1,SWC_1_6_1,SWC_1_7_1,SWC_1_8_1,SWC_2_1_1,SWC_2_2_1,SWC_2_3_1,SWC_2_4_1,SWC_2_5_1,SWC_2_6_1,SWC_2_7_1,SWC_2_8_1,SWC_3_1_1,SWC_3_2_1,SWC_3_3_1,SWC_3_4_1,SWC_3_5_1,SWC_3_6_1,SWC_3_7_1,SWC_3_8_1,SWC_4_1_1,SWC_4_2_1,SWC_4_3_1,SWC_4_4_1,SWC_4_5_1,SWC_4_6_1,SWC_4_7_1,SWC_4_8_1,SWC_5_1_1,SWC_5_2_1,SWC_5_3_1,SWC_5_4_1,SWC_5_5_1,SWC_5_6_1,SWC_5_7_1,SWC_5_8_1,TS_1_1_1,TS_1_2_1,TS_1_3_1,TS_1_4_1,TS_1_5_1,TS_1_6_1,TS_1_7_1,TS_1_8_1,TS_1_9_1,TS_2_1_1,TS_2_2_1,TS_2_3_1,TS_2_4_1,TS_2_5_1,TS_2_6_1,TS_2_7_1,TS_2_8_1,TS_2_9_1,TS_3_1_1,TS_3_2_1,TS_3_3_1,TS_3_4_1,TS_3_5_1,TS_3_6_1,TS_3_7_1,TS_3_8_1,TS_3_9_1,TS_4_1_1,TS_4_2_1,TS_4_3_1,TS_4_4_1,TS_4_5_1,TS_4_6_1,TS_4_7_1,TS_4_8_1,TS_4_9_1,TS_5_1_1,TS_5_2_1,TS_5_3_1,TS_5_4_1,TS_5_5_1,TS_5_6_1,TS_5_7_1,TS_5_8_1,TS_5_9_1,G_inst_af,G_2_1_1,G_3_1_1,Rn_inst_af,P,THROUGHFALL_1_1_1,THROUGHFALL_2_1_1,THROUGHFALL_3_1_1,THROUGHFALL_4_1_1,THROUGHFALL_5_1_1,CH4_MIXING_RATIO_1_1_1,CH4_MIXING_RATIO_1_2_1,CH4_MIXING_RATIO_1_3_1,CH4_MIXING_RATIO_1_4_1,Name_y,Long,Lat,Elevation,State,Timezone,Veg,Clim,MAT (Â°C),MAP (mm),Datetime,Time,doy,Albedo,dec,dr,tao,Rext,Tao_sw_am,P_calc,es,ea,W_calc,Rso,gamma_dust,W_prata,zenith,Mopt,asa,bsa,Tao_sa,Tao_ding,Tao_sebal_insitu,Datetime_Local_y,Name,cos_zenith,Rext_model,P_model,Elev_SRTM,RS_Rso,f,Rns_model,eps_dash,Rnl_model,Rn_fao_model,psychro,del,WS_2,ETo_model_hourly,ET_ETo_model,LWin_angstrom,R_LST,GR_LST,B_LST,NIR_LST,NDVI_LST,NDWI_LST,SWIR1_LST,SWIR2_LST,Landcover_wc
0,0,0,-96.56440146642797,39.099172741302176,2017-08-17 06:00:00,161.65199459075927,207.0280054092407,2017-08-17,US-xKZ,0,154.23866414798346,142.00301442423643,43.90251124218432,40.419754486479775,8.655666666666667,167.82458333333332,US-xKZ,60,1,1,LC08_028033_20170817,-96.5630090777376,39.1008346245778,2017-08-17 17:06:51.296000000,0.030175,0.0352899999999999,0.0646324999999999,0.061415,0.289555,0.2200625,0.11086,304.2806486,21824.0,0.1380660725,0.6500270678405562,0.4093313333859635,0.4021410860547375,304.2806486,0.7886286361865713,0.9578862863618656,0.9726024744994156,-96.56308348958768,39.10089118902015,-0.6500270962715149,0.6500270962715149,1,1,-0.635037938944768,-304.2806486,304.2806486,307.3779528425288,-307.3779528425288,307.3779528425288,0.7477304214988538,1.6826267704838307,24.83520988809469,465.5800341881116,848.1177047326212,0.7477304214988538,3.175410414498386,1.6826267704838307,347.13033535080297,597.9527778470916,81.41777590557165,0.0287543247670316,0.5006091695167728,301.568315748008,11.047613665086311,2.8777551945371016,14.59554584046466,0.0287543247670316,0.5006091695167728,0.6204004274340671,0.3668297529220581,-109.87762451171876,0.319760338114683,2.7969665580612846,214.96668619351203,0.4161706087399856,1,-96.5630090777376,39.1008346245778,188.2570259516773,25.040408621971245,52.98926912884211,2.931049074415405,312.0010233903039,38.36592514458935,-96.14333660434076,0.921376645565033,521340,299.53301882,873301,38.73514837081453,-98.02237334542151,0.3781044781208038,507.2826118911841,111.17517582387894,313.00343564,2017-08-17 17:06:51.296000+00:00,2017-08-17 17:00:00+00:00,10968.0,201708171200.0,201708171230.0,366.964017161629,11.7878156484834,,,,,,,,,,,,,,,,,4.21390657303383,8.31672857919387,306.887363786325,27.9118070106368,0.616655591957062,-16.305148310213,,,393.057511690137,,0.428709845594031,159.569593709746,,288.0,112.0,1.03358750101069,,2.75,0.29,,6.78,1.45,,311.02,,,27.229,,,,96.81634,42.34,,33.47,26.69,34.53,113.4,937.86,923.8,915.81,150.43,354.8,484.5,374.9,513.0,1810.38,1855.89,1848.55,1788.74,113.01,163.37,117.26,1246.35,,,,,,,,,,,,,,,,,,,,,,,,,,,,,,,,,,,,,,,,,28.691,26.024,23.65,23.296,22.463,21.277,20.122,19.389,17.78,,25.351,23.348,22.717,22.794,,,19.258,17.695,27.769,25.486,23.523,22.934,22.632,21.29,20.263,19.174,17.763,27.041,25.145,23.61,23.162,22.956,22.979,22.394,20.787,20.046,28.078,26.408,24.845,24.26,24.003,,21.432,20.126,,12.094,18.321,28.623,657.73,0.0,,,,,,,,,,US-xKZ,-96.5631,39.1008,381.0,KS,CST,GRA,Cfa,12.4,870.38,2017-08-17 12:00:00,12:00:00,229,0.1603970741901776,0.1122511519067393,1.0125558496402025,0.0,1122.628136074411,0.8354146576795185,102.446657821711,,,,851.2436810168308,0.1,,0.8419869918351235,1.187666804472222,,,,,,2017-08-17 12:00:00-05:00,US-xKZ,0.8419866659747627,1122.6277016021295,96.51240500401512,413.00000000000216,0.9963277539041752,0.9950424677706364,2.350982277518826,0.1583974540335871,-0.2542111886315902,2.096771088887236,0.0642102939414467,0.1890781905650537,2.124879813523997,388.07022942820447,89.54511569967258,372.7233996062674,18.687396033769,19.66641902063947,10.73806408909397,88.10598320537301,197.79065781008063,-193.2297559477212,66.9607602325375,33.732552703796,30
1,1,1,-96.56440146642797,39.099172741302176,2018-07-19 06:00:00,187.17599729537963,241.06,2018-07-19,US-xKZ,1,117.87920330479685,100.13338317285992,12.739729663827294,10.821859973452652,3.166526315789474,132.13000000000002,US-xKZ,74,1,1,LC08_028033_20180719,-96.5630090777376,39.1008346245778,2018-07-19 17:05:59.605999872,0.0263799999999999,0.0354275,0.0713699999999999,0.0601774999999999,0.30754,0.211895,0.1140775,309.4418588,21824.0,0.1426360775,0.6726971112334876,0.4408060453400503,0.4276089280209285,309.4418588,0.8904247306359107,0.958904247306359,0.9729384016110983,-96.56308348958768,39.10089118902015,-0.672697126865387,0.672697126865387,1,1,-0.6232878519965164,-309.4418588,309.4418588,312.6240781552884,-312.6240781552884,312.6240781552884,0.7341909323296956,2.597991214414769,37.20337323954599,498.510770615034,871.9616268383212,0.7341909323296956,5.072991762532426,2.597991214414769,370.91673956129006,604.751307002898,92.6496995736177,0.033179010245324,0.5063066984174379,135.9230797571916,11.830457522221645,1.4271000824726556,14.431300444330343,0.033179010245324,0.5063066984174379,0.596580521698399,0.1678136438131332,-51.03548812866211,0.5624394645081097,4.836514967051463,376.1785276720887,0.7345779083968953,1,-96.5630090777376,39.1008346245778,183.48545675258725,33.15129025326604,51.21221038840911,2.9164504169312457,300.8830632140407,39.36630516775577,-97.1496627869254,0.8741843700408936,517973,304.12000166,791204,38.56836026057653,-97.05083099759784,0.2243630141019821,439.1032701293418,133.65193537855836,329.51247224,2018-07-19 17:05:59.605999872+00:00,2018-07-19 17:00:00+00:00,27096.0,201807191200.0,201807191230.0,413.575604311207,26.7176031521089,396.874388428764,27.4931801913077,418.664661543131,28.9462939179319,395.209692831892,28.8821823173589,417.37548395858,29.2528641701763,392.583414897454,30.3174326894698,417.268846006993,29.9918733512554,390.382918278119,31.7566367612724,412.266291922078,32.5757533567253,3.69221107264575,7.35313370773271,298.056377393364,34.4187391764519,0.464358609522963,-9.85930394224858,,,290.803451506447,,0.279557969751326,85.3172608626212,-5.13564922849393,304.0,120.0,1.34006311046981,3.24,,0.35,6.11,,1.35,301.31,,310.9,32.3609,34.107,32.6027,32.9794,33.1207,96.08326,48.21,25.2401,37.47,34.59,37.43,289.5,752.26,724.6,723.44,129.72,438.0,517.4,437.8,519.4,,1364.88,1452.6,1453.38,101.57,767.9,713.5,1277.26,,,,,,,,,,,,,,,,,,,,,,,,,,,,,,,,,,,,,,,,,34.568,30.522,27.704,26.622,25.07,23.355,21.638,20.229,17.67,,31.208,27.616,26.135,25.648,,22.436,20.173,17.016,35.274,31.786,28.19,26.691,25.681,23.59,21.942,20.063,17.9,33.115,30.319,26.998,26.369,25.927,25.735,24.887,22.682,21.028,32.054,30.214,28.052,27.036,26.12,,22.648,20.336,,35.128,41.953,25.137,543.14,0.02,,,,,,,,,,US-xKZ,-96.5631,39.1008,381.0,KS,CST,GRA,Cfa,12.4,870.38,2018-07-19 12:00:00,12:00:00,200,0.17244037965597,0.1787736342663738,1.0165091964808943,0.0,1158.8935022918354,0.6491191800733421,102.446657821711,4.85260780137205,2.3394422210414656,80.59653337677243,878.7422947978196,0.1,0.0765722482828986,0.8759869523854189,1.141569514565118,-0.125585045539456,-0.0700989917574158,0.8141522285273496,0.7141522285273496,0.6844513085846949,2018-07-19 12:00:00-05:00,US-xKZ,0.8759866610518933,1158.8931168699648,96.51240500401514,413.00000000000216,0.9922836672370954,0.989582950770079,2.417077629595826,0.1143440056135679,-0.2031847358459887,2.213892893749837,0.0642102939414468,0.2842221993804906,2.094183752641147,468.4553569803189,150.30587232902312,401.00989710417633,18.621437457936967,22.084865462555967,10.962751452637,95.16574925535198,208.1606445094808,-192.8713514892613,65.56918267042599,35.300353647257,30
2,2,2,-96.56440146642797,39.099172741302176,2018-11-24 06:00:00,56.72,93.58799864768982,2018-11-24,US-xKZ,2,12.733732069175112,8.610367437667804,32.866971018477614,22.224175559444102,-6.822567567567567,30.965833333333336,US-xKZ,76,0,0,LC08_028033_20181124,-96.5630090777376,39.1008346245778,2018-11-24 17:06:43.580000000,0.0479674999999999,0.06158,0.0860274999999999,0.127745,0.2557025,0.3146625,0.19765,285.29012948,21824.0,0.16275076,0.3337027885173328,0.205017712684397,0.2172582411518511,285.29012948,0.2434871009680089,0.95243487100968,0.9708035074331944,-96.56308348958768,39.10089118902015,-0.333702802658081,0.333702802658081,1,1,-0.4965177186667838,-285.29012948,285.29012948,287.71842970479923,-287.71842970479923,287.71842970479923,0.7086363436654317,0.649596356855928,10.87717493548169,357.7382111441072,472.6613235635214,0.7086363436654317,1.210471433286795,0.649596356855928,281.50882680161425,306.11594592972693,22.04635355524369,0.0101730960584356,0.2387683610027766,133.69860590498854,19.309141921770205,2.073920754830766,30.60147521703696,0.0101730960584356,0.2387683610027766,0.3192276031763806,0.4553755223751068,-128.94601440429688,0.2194659398160593,0.4377168627981906,150.3709864694947,0.5293455917353648,0,-96.5630090777376,39.1008346245778,23.606937765744394,9.786091506318446,53.6647407772423,1.5621617730246684,104.1167169578255,38.38675498016432,-98.17478605581206,0.8070245981216431,77862,283.16412104,118024,38.13240978272075,-97.17474998798546,0.2275421023368835,278.613364364765,28.44732782832753,291.23748428,2018-11-24 17:06:43.580000+00:00,2018-11-24 17:00:00+00:00,33238.0,201811241100.0,201811241130.0,401.275653696536,2.2964770831056,,6.02016694969458,416.305481866667,5.84340862021133,,6.060056142125,416.289060837061,5.90333728335885,,5.98693955699857,416.12497076129,6.0140266783747,,6.22579420354807,416.175678841808,6.20936553040027,2.88527765295724,4.829165995165,211.87435805801,10.4052997904675,0.416803550187527,0.455911503775603,,,13.1835494036739,0.988837399890836,0.220230340303775,82.2661360641698,3.96917543120739,304.0,120.0,0.724241340527111,2.69,2.24,0.91,4.38,3.94,2.32,218.16,210.72,,10.2973,10.653,10.4638,11.0419,13.077,95.54459,43.9,7.0566,14.82,13.65,16.67,148.7,401.28,357.9,374.27,80.03,275.8,385.3,278.2,392.5,,727.3,779.1,746.67,84.03,194.21,139.55,646.67,,,34.7,,,,,,17.0,,,,,32.73,,,38.15,,21.68,,,,,38.87,,36.28,,,,,36.3,34.6,,,,,,,28.11,,7.77,7.27,7.302,7.328,8.785,10.075,11.438,13.055,14.311,,6.59,6.971,7.286,10.113,,11.245,12.456,15.809,7.434,6.855,7.204,7.705,9.039,10.015,11.713,12.856,14.4,7.757,7.242,7.084,7.829,8.291,8.976,9.166,9.368,11.746,8.703,8.047,7.961,8.191,8.851,,11.606,14.032,,-9.816,-7.62,3.59,211.75,0.0,0.0,0.0,0.0,0.0,0.0,,,,,US-xKZ,-96.5631,39.1008,381.0,KS,CST,GRA,Cfa,12.4,870.38,2018-11-24 11:00:00,11:00:00,328,0.1994368022328548,-0.180984435549641,0.986980336025138,-0.2616666666666666,875.8170954053278,0.4581778571178583,102.446657821711,1.252641651637866,0.5499096850690232,6.437191196462621,664.0965959722867,0.1,0.0194000890105502,0.6241110958559257,1.6022788356751907,-0.1244015818425183,-0.0686811222074616,0.7910074519262871,0.6910074519262871,0.7577088211463834,2018-11-24 11:00:00-06:00,US-xKZ,0.6241106496537532,875.8164692483931,96.51240500401516,413.00000000000216,0.7117358023368727,0.6108433331547782,1.3102171889180814,0.227163443005486,-0.1814060837015718,1.1288111052165095,0.0642102939414468,0.0812512216493487,1.1972872115622957,155.9613640728419,54.68689250862311,278.4933677034921,36.4443875904226,24.54279661384067,17.5681661733784,72.94939933335971,95.20211174394694,-141.65160424756098,89.7701053675005,56.387594091722,30
3,3,3,-96.56440146642797,39.099172741302176,2019-04-01 06:00:00,102.09599729537965,144.63599729537964,2019-04-01,US-xKZ,3,32.621569711285915,30.79544085706261,61.74694021587994,58.29039688623111,8.39203125,115.615625,US-xKZ,80,0,0,LC08_028033_20190401,-96.5630090777376,39.1008346245778,2019-04-01 17:06:20.172000000,0.0547874999999999,0.071535,0.1012075,0.13759,0.2150575,0.323215,0.224875,291.06316526,21824.0,0.1593709,0.2196740371050412,0.1287618385928987,0.1362828718784726,291.06316526,0.0697456918804237,0.950697456918804,0.9702301607832052,-96.56308348958768,39.10089118902015,-0.2196740359067917,0.2196740359067917,1,1,-0.3599829257110334,-291.06316526,291.06316526,293.88417685785856,-293.88417685785856,293.88417685785856,0.7754001539370088,0.5568001127544926,9.623336518382004,386.8783105943952,820.0134685856583,0.7754001539370088,1.2137569431576811,0.5568001127544926,282.1874935698995,570.72380600184,58.788546751290255,0.0064537736319166,0.5721493582428444,452.0972184251999,9.897904026425914,3.6569999558113855,12.770553661510435,0.0064537736319166,0.5721493582428444,0.6892657979049929,0.4246825575828552,-121.1504898071289,0.0878518973619477,0.5971652577801931,59.83804082534988,0.1168859533390024,0,-96.5630090777376,39.1008346245778,144.99305091727592,9.82647808009874,45.87410320438083,3.915645538556931,265.18386553951524,38.30670521353793,-97.11858269550494,0.7248020768165588,404741,285.27303938,716003,38.202255934029935,-97.2521474361416,0.2179147601127624,545.664157889297,68.34160016825136,294.68284844,2019-04-01 17:06:20.172000+00:00,2019-04-01 17:00:00+00:00,39384.0,201904011200.0,201904011230.0,410.833731052888,2.66568629730698,419.446334341527,4.11013712878029,419.763770533981,4.26321540665106,419.842337636558,4.10532495659845,,,420.480744875084,4.34494490133255,418.727204376623,4.4486619376468,420.735043271585,4.77714200931764,418.614498172638,4.79861866303052,7.62820917283808,13.719366661144,200.174838737557,10.9871630789485,0.819684948241913,,0.0940865562978289,,70.2824020870588,-1.24772767782975,0.454872489555729,289.482029096719,1.89665445720624,384.0,152.0,1.78702973485064,6.87,5.69,,11.59,10.7,,205.2,196.26,,11.2366,11.35,11.6739,12.6185,14.9679,97.03141,31.22,9.2103,20.19,18.4,18.23,119.6,928.2,898.9,886.28,175.09,260.2,408.3,251.4,418.7,,1550.01,1735.67,1693.56,208.53,1356.52,1285.72,1662.33,,,39.61,,,,37.45,,32.32,,,,,38.08,16.23,,,,24.15,,,,,,,,,,,,,,,,,,11.02,34.63,,,8.9,8.662,7.049,6.141,7.158,7.335,7.299,7.498,7.535,,7.751,,6.395,11.183,,7.709,7.374,9.908,10.787,8.427,6.56,6.375,7.217,7.283,7.616,7.275,,9.602,7.87,6.474,6.851,7.158,7.659,7.462,6.64,7.278,9.845,8.536,7.752,7.79,8.05,,8.178,8.565,,35.762,24.768,,605.01,0.0,0.0,0.0,0.0,0.0,0.0,,,,,US-xKZ,-96.5631,39.1008,381.0,KS,CST,GRA,Cfa,12.4,870.38,2019-04-01 12:00:00,12:00:00,91,0.1886339151045033,0.0355510912353445,0.9989174212727258,0.0,1093.468176124285,0.8488587233420313,102.446657821711,1.3335026911332375,0.4163195401717968,4.585875767317766,829.1328012425769,0.1,0.0146386961085961,0.7981725873230896,1.2528618695786071,-0.1243030210094479,-0.0685630396634931,0.8104196824087543,0.7104196824087543,0.7970264721023561,2019-04-01 12:00:00-05:00,US-xKZ,0.7981722234519878,1093.4676776337626,96.51240500401516,413.00000000000216,0.9890013606466276,0.9851518368729472,2.273077334919445,0.2355333440279241,-0.3035198404299006,1.969557494489544,0.0642102939414468,0.0814451301365716,3.0577273651378687,242.8173005464897,25.159757729437683,283.0638098530196,40.0473809081234,29.45777529805145,20.8212035268741,62.595316662902455,63.93902056523598,-104.77776979700882,94.0759809595109,65.4528292878425,30
4,4,4,-96.56440146642797,39.099172741302176,2019-06-04 06:00:00,170.16,209.8640027046204,2019-06-04,US-xKZ,4,151.15852829208288,139.3421954320091,4.415472143748268,4.070306778787211,25.20172222222222,157.82155555555556,US-xKZ,82,0,0,LC08_028033_20190604,-96.5630090777376,39.1008346245778,2019-06-04 17:06:33.040000000,0.0280574999999999,0.0352349999999999,0.067685,0.0494525,0.3437575,0.1990525,0.0943049999999999,302.92369466,21824.0,0.1483342425,0.7484677398845401,0.5346295260171049,0.4942370775069691,302.92369466,1.2123276801293383,0.9621232768012934,0.9740006813444269,-96.56308348958768,39.10089118902015,-0.748467743396759,0.748467743396759,1,1,-0.6709868329110387,-302.92369466,302.92369466,305.9095846225579,-305.9095846225579,305.9095846225579,0.7396014960239966,2.4343575278093947,34.99239795079188,459.353215857202,899.2818832082875,0.7396014960239966,3.856032495428965,2.4343575278093947,353.54517687938403,646.6884144878965,71.84730998863637,0.0482486406615879,0.9132385343752184,114.70314407344284,7.4043640986389425,0.7355830095861435,8.00082761163574,0.0482486406615879,0.9132385343752184,0.979974536605282,0.140056699514389,-42.10910415649414,0.6834705916350061,5.074184192759902,460.1379604258173,0.8004611306051959,0,-96.5630090777376,39.1008346245778,177.82096756722842,28.342785614899302,63.131146604577154,5.03417313123005,271.3164498146685,39.1490720816121,-96.8700171452512,0.8991822004318237,427071,300.6575474,691224,38.253946312536605,-97.3301070275912,0.2501848936080932,467.864576466888,127.96262292034326,320.15051546,2019-06-04 17:06:33.040000+00:00,2019-06-04 17:00:00+00:00,42456.0,201906041200.0,201906041230.0,387.391177721806,22.8582208258251,412.883180274236,20.4702531282367,407.911321360465,21.1174948347606,412.141793361589,20.6142330058498,406.115658404255,22.245829412673,408.69224066939,21.77099151106,404.993372953795,22.7760379229385,402.214850888229,24.3913085960108,398.276791817881,25.2066246420545,3.67346262915279,8.16956309627367,196.877822534673,28.5029976446444,0.553045227548199,-24.8534759425744,-0.114047896665006,-24.9675238392394,407.53827692049,-0.195219857421775,,108.205734358163,2.792334484728,480.0,184.0,1.12556360773607,,2.53,0.41,,5.43,1.67,,196.04,,26.2669,26.841,26.446,27.0262,28.9924,96.21998,55.47,15.2694,32.41,31.58,30.54,169.4,1023.72,839.4,959.25,170.31,382.9,491.1,379.0,487.6,1974.86,2071.12,2001.28,2083.04,110.79,594.68,668.39,758.42,,,,,,,,,20.42,,,,,,17.2,24.02,35.57,,,,,,,,,,,,,,,39.85,35.64,,,,12.57,37.85,30.71,,26.03,23.24,,19.714,18.507,16.466,14.974,,12.504,,23.482,,19.56,20.833,,15.195,13.628,13.967,27.394,24.623,21.499,20.053,18.558,16.341,15.384,13.607,,25.746,23.528,20.425,19.488,18.787,18.472,17.521,15.549,14.692,25.225,23.551,21.771,20.786,19.43,,16.166,14.868,,52.213,40.27,,745.21,0.02,0.0,0.0,0.0,0.0,0.0,,,,,US-xKZ,-96.5631,39.1008,381.0,KS,CST,GRA,Cfa,12.4,870.38,2019-06-04 12:00:00,12:00:00,155,0.1663638494900949,0.193166184841541,1.01463867614265,0.0,1172.2674711043796,0.8732819303051762,102.446657821711,3.414840820041578,1.8942122028770632,53.56157698699222,888.8832470084672,0.1,0.0632612568502383,0.8828380139053849,1.132710626693938,-0.1253095080167999,-0.0697688791698859,0.8151872326076042,0.7151872326076042,0.7092590814190527,2019-06-04 12:00:00-05:00,US-xKZ,0.8828377302168937,1172.267094411504,96.51240500401516,413.00000000000216,0.0,-0.35,2.4928093802533726,0.1215660110123332,0.0717163331023594,2.564525713355732,0.0642102939414468,0.2239322210881576,3.515194777868569,466.8532854194932,167.7123794377989,382.6220076841757,14.980334010173651,20.5033902730621,10.67351638134507,104.13229196708495,226.72861309964475,-203.25781049362396,60.29771873130965,28.567219024911275,30
5,5,5,-96.56440146642797,39.099172741302176,2019-11-27 06:00:00,39.70399932384491,62.39200135231018,2019-11-27,US-xKZ,5,13.522727307644026,10.8957223613949,29.584553777840384,23.83728347216561,-22.26227777777778,31.36375,US-xKZ,89,0,0,LC08_028033_20191127,-96.5630090777376,39.1008346245778,2019-11-27 17:07:06.988000000,0.0430174999999999,0.053715,0.0745874999999999,0.115535,0.2385975,0.29401,0.1753475,274.26359696,21824.0,0.149395385,0.3475041121614085,0.2012212669520487,0.2161184008335943,274.26359696,0.2408407002151402,0.9524084070021512,0.97079477431071,-96.56308348958768,39.10089118902015,-0.3475041091442108,0.3475041091442108,1,1,-0.523684084486805,-274.26359696,274.26359696,276.709567279323,-276.709567279323,276.709567279323,0.7203280923240787,0.3839439425098351,7.287749458968651,305.5476508616043,472.65515209701,0.7203280923240787,0.7126566463187676,0.3839439425098351,250.5869752428098,335.1561447221313,5.768709048381979,0.0101081364805625,0.6232187017119142,61.7582190784907,10.710228903881642,0.5133723268945403,11.724077056366232,0.0101081364805625,0.6232187017119142,0.6745730184420329,0.3767986595630646,-103.75041961669922,0.3865308430319686,0.8170159467395341,267.6292165952586,0.812505844516605,0,-96.5630090777376,39.1008346245778,29.00962847386089,2.138309844835141,53.8750244585664,4.080101975391946,124.7240185857755,39.73629527608154,-97.52454635353833,0.5406810641288757,449864,275.3471093,687029,38.06407795504516,-97.04445718504928,0.2432259619235992,288.0920843043734,19.3985342412452,282.28910792,2019-11-27 17:07:06.988000+00:00,2019-11-27 17:00:00+00:00,50902.0,201911271100.0,201911271130.0,410.452847636842,3.82022687530077,,,,,,,,,,,,,,,,,6.79267941471465,11.8045704211058,346.437359232165,1.92168652743976,0.477135753126974,0.455831446279061,,0.461934572429221,43.1701189546184,,0.541707581648602,137.625147286968,,336.0,136.0,1.46169456472158,5.7,3.93,0.62,10.16,8.34,2.1,346.79,345.44,11.53,1.6431,1.691,2.0284,2.6514,,97.43553,53.33,3.2249,6.4,6.06,7.65,68.6,559.09,477.4,504.39,112.66,219.9,342.6,242.9,348.4,978.42,995.76,1041.7,405.86,104.89,31.78,24.9,388.4,,,,,,,,,22.91,,,,,,16.08,,,,21.47,,,,,,,,,,,,38.84,37.51,,,,,12.48,37.66,,,3.965,4.295,5.839,,8.779,,11.647,,13.898,,4.331,,6.177,10.734,,11.564,12.573,15.545,3.414,3.871,5.66,6.806,8.943,,11.883,12.514,,4.755,5.425,6.339,7.421,,9.136,9.464,9.654,11.834,6.182,6.422,7.266,8.058,9.304,,12.319,14.203,,-23.877,-21.295,-5.844,323.73,0.0,0.0,0.0,0.0,0.0,0.0,,,,,US-xKZ,-96.5631,39.1008,381.0,KS,CST,GRA,Cfa,12.4,870.38,2019-11-27 11:00:00,11:00:00,331,0.2015060187089735,-0.185341109878407,0.9864337035048492,-0.2616666666666666,872.1581899481191,0.64104196514311,102.446657821711,0.6878200786480941,0.3668144479430286,4.029828414987943,661.3221919652959,0.1,0.0133482645553499,0.6208155029907761,1.610784516788811,-0.1242763090762957,-0.0685310369609726,0.7908357017511592,0.6908357017511593,0.7705368459549886,2019-11-27 11:00:00-06:00,US-xKZ,0.6208150550719598,872.1575606853795,96.51240500401514,413.00000000000216,0.7147123714272897,0.6148617014268412,1.3102000816129116,0.2532515056430789,-0.1824360764758881,1.1277640051370237,0.0642102939414468,0.0509407127695225,3.127996551269521,111.21548314098416,95.54380320651153,238.0816053836729,31.687044674773595,20.45663603825397,14.732069110706398,65.4386085756636,95.30772775977916,-143.62748068205568,80.63624014220959,48.09143606794359,30
6,6,6,-96.56440146642797,39.099172741302176,2020-05-05 06:00:00,155.98,215.53599729537964,2020-05-05,US-xKZ,6,162.2403469081692,143.32266937572888,36.10068388893228,31.891243330364315,4.741260869565217,203.0822916666667,US-xKZ,96,0,0,LC08_028033_20200505,-96.5630090777376,39.1008346245778,2020-05-05 17:06:12.900000000,0.0292675,0.032815,0.0471975,0.045245,0.1435024999999999,0.17598,0.134895,298.87675898,21824.0,0.0874674749999999,0.5205764314759135,0.2101566911349519,0.2139917023292279,298.87675898,0.2359200557569542,0.9523592005575696,0.970778536183998,-96.56308348958768,39.10089118902015,-0.5205764174461365,0.5205764174461365,1,1,-0.5050078657577346,-298.87675898,298.87675898,301.7742477470792,-301.7742477470792,301.7742477470792,0.7847156708646856,0.6641881408364099,11.074335278617442,430.8761157509024,928.4587806894494,0.7847156708646856,2.183735049884643,0.6641881408364099,319.2922125871534,720.453596073821,85.11254738870196,0.009988042685356,0.7396891049463867,233.58299406888085,8.60876044242921,1.706746125564635,9.878020418279103,0.009988042685356,0.7396891049463867,0.8299122360312549,0.2359027564525604,-69.48263549804688,0.5943610620242143,4.967244760411663,401.7580546162382,0.6323502242578273,0,-96.5630090777376,39.1008346245778,221.2385910964334,18.900096876972647,30.41523470860148,4.848463658522136,335.4065230210458,39.24500377265604,-95.9672234164526,0.9015869498252868,532677,294.5392916,825704,38.35338068443488,-98.23696665434396,0.2259987741708755,546.9103898694684,119.25564743204464,310.3647242,2020-05-05 17:06:12.900000+00:00,2020-05-05 17:00:00+00:00,58584.0,202005051200.0,202005051230.0,398.715730492491,4.38186633859489,410.809486473346,2.9065128260591,416.432532519608,6.83641157410405,,,,,410.654419169154,3.4775103477399,416.059324842623,7.40946746532569,411.424009851689,4.15194334845493,415.462553554098,9.07813620904958,9.94042554788557,16.9819143572308,314.957073020816,19.7414024162017,0.446609569301133,-3.86528794351621,,,311.252366734793,,0.655951514838207,118.888340994506,,352.0,144.0,2.55408859581557,,7.45,3.74,,13.04,7.57,,314.59,320.42,19.1104,19.43,,19.6783,,96.88143,28.85,15.807,26.1,26.02,,97.8,1054.93,1011.0,990.36,121.5,296.0,451.1,,,1935.64,,1975.7,1941.25,,,,,,,,,,,,,26.12,,,,,,,24.93,,,,,,,,,,,,,,,,,,,,,,,,,19.18,16.124,,,14.456,,12.048,,10.551,,16.458,,13.695,14.1,,12.246,,12.117,18.273,16.572,15.105,14.877,15.074,,12.515,11.094,,18.524,17.034,14.939,14.808,,14.975,14.301,12.524,11.793,20.579,18.489,16.663,16.255,16.006,18.133,13.423,12.376,,36.028,58.826,22.395,778.33,,,,,,,,,,,US-xKZ,-96.5631,39.1008,381.0,KS,CST,GRA,Cfa,12.4,870.38,2020-05-05 12:00:00,12:00:00,126,0.1151735186220886,0.1417814716402384,1.008717957018746,0.0,1152.0942725998718,0.9156629149968724,102.446657821711,2.2125735599068546,0.6383274720331276,7.9440362610702415,873.5866866284555,0.1,0.021840305143221,0.8575491233806193,1.1661139551490796,-0.1244520943164646,-0.0687416395675518,0.8149629071177112,0.7149629071177113,0.7886989552491513,2020-05-05 12:00:00-05:00,US-xKZ,0.8575488126782501,1152.093855179563,96.51240500401514,413.00000000000216,0.0,-0.35,2.5736877400711538,0.2259031658616522,0.117341043923847,2.6910287839950007,0.0642102939414468,0.1363368700824755,3.71901572797321,436.5837205881717,143.5376959878761,326.6406884681027,13.5226789600501,14.10623583195855,9.8076408459287,42.88956210552742,155.58819664089506,-150.93511417707862,52.59633204530039,40.31698040260709,30
7,7,7,-96.56440146642797,39.099172741302176,2020-07-08 06:00:00,187.17599729537963,238.22398918151856,2020-07-08,US-xKZ,7,177.3420299425834,145.91974441914888,5.56100967857272,4.575684124471028,9.93354347826087,201.99979166666665,US-xKZ,99,0,0,LC08_028033_20200708,-96.5630090777376,39.1008346245778,2020-07-08 17:06:37.717999872,0.018845,0.0257199999999999,0.0696924999999999,0.0418075,0.4424825,0.1837625,0.0794825,308.80610708,21824.0,0.170421225,0.8273451857358195,0.6676014002675903,0.6106051062186957,308.80610708,2.2040532755756,0.972040532755756,0.9772733758093994,-96.56308348958768,39.10089118902015,-0.8273451924324036,0.8273451924324036,1,1,-0.7278566896080442,-308.80610708,308.80610708,311.96291526533787,-311.96291526533787,311.96291526533787,0.7445248410526636,2.143386730420381,31.060877148918912,501.1998771129864,893.9335114213646,0.7445248410526636,4.949234090899863,2.143386730420381,374.9522699867652,604.8571944993131,64.25939859293534,0.0927915867750975,0.7432816909423089,181.3084002944302,8.49325534782017,1.3632947333044356,9.830275884470996,0.0927915867750975,0.7432816909423089,0.8459759635467028,0.2034375071525573,-62.101661682128906,0.5368398126250179,4.560069399449684,359.28939561194755,0.6646149842500844,0,-96.5630090777376,39.1008346245778,191.3329489036776,32.71120098526926,43.30744295084804,3.775606012448955,313.7093807436986,39.501182982593726,-97.6160601523741,0.8786399960517883,394628,305.26162034000004,652831,38.96043267438052,-97.35657971453575,0.2345058172941208,510.4018754493577,136.64938634491412,322.80631700000004,2020-07-08 17:06:37.717999872+00:00,2020-07-08 17:00:00+00:00,61656.0,202007081200.0,202007081230.0,392.082473463705,28.19551554824,406.976601255014,25.0367021169581,401.961414291667,24.7021978387287,405.322825463683,25.4279536075924,403.07016932872,26.0374151897824,402.977378312864,25.6138208536566,400.549000143312,27.4152517842952,396.464032826729,27.8903048585776,395.071845116129,28.8932135650107,6.79758505373002,12.5671622402076,173.218697677784,32.8327011684514,0.418555784926895,-18.0739943856,,,272.190632749156,,0.392694255969803,70.710378530437,,376.0,144.0,1.51638936089666,5.76,,0.31,9.93,,0.79,,,192.36,30.9461,31.032,31.1708,31.5198,,96.28755,51.64,21.7522,35.2,33.48,32.63,116.0,934.08,910.1,896.71,186.84,406.7,496.7,419.9,496.8,1899.39,2002.82,1954.56,1692.85,110.73,912.58,826.69,1478.23,34.3,,32.27,37.95,,,,38.39,13.51,,,,,,,,21.21,,21.75,,,,,,25.54,33.17,,,,,,,,,,,8.63,24.25,,,29.942,27.288,,,23.046,,19.64,,16.009,,28.531,,23.398,23.04,,22.101,,17.323,31.249,28.91,26.231,24.945,23.8,,20.111,17.965,,29.695,27.999,25.153,24.241,,23.324,22.361,20.216,19.022,28.331,26.984,25.452,24.706,23.566,25.008,20.057,,,25.774,34.85,10.046,657.24,,0.0,0.0,0.0,0.0,0.0,,,,,US-xKZ,-96.5631,39.1008,381.0,KS,CST,GRA,Cfa,12.4,870.38,2020-07-08 12:00:00,12:00:00,190,0.2000256937307297,0.1921368330192493,1.016959756009103,0.0,1166.2828250702232,0.8009035029249942,102.446657821711,4.478824739289768,2.312865095369236,78.82315162388224,884.345330058973,0.1,0.0760545446266693,0.8823540827925302,1.133331866992825,-0.125574329073772,-0.0700861527067414,0.814643080768592,0.7146430807685921,0.686665897326095,2020-07-08 12:00:00-05:00,US-xKZ,0.8823537985552982,1166.2824493695737,96.51240500401514,413.00000000000216,0.0,-0.35,2.477983693660023,0.1350356618427501,0.0843809182333555,2.5623646118933783,0.0642102939414468,0.2781931222166037,2.4771821407828907,542.0744744128369,124.0610914471938,405.4283821855474,12.9104113217471,21.521469617672867,7.942493074097569,136.6412982760261,255.489246018458,-224.766590829996,56.7469822522885,24.5446814059861,30
8,8,8,-96.56440146642797,39.099172741302176,2020-07-24 06:00:00,175.83199459075928,224.0440027046204,2020-07-24,US-xKZ,8,171.34276465731085,136.48576569669052,5.142942645694232,4.096691601396956,11.238021739130431,189.21,US-xKZ,100,1,1,LC08_028033_20200724,-96.5630090777376,39.1008346245778,2020-07-24 17:06:42.892999936,0.0257475,0.0302574999999999,0.09183,0.0504149999999999,0.527045,0.21558,0.0948,288.14075816,21824.0,0.2043970625,0.8253905032383195,0.7435244052062151,0.6635466745865276,288.14075816,3.411802925254076,0.98,0.98,-96.56308348958768,39.10089118902015,-0.8253905177116394,0.8253905177116394,1,1,-0.7032357099575842,-288.14075816,288.14075816,291.275214261367,-291.275214261367,291.275214261367,0.7298191048823743,2.798145809846269,39.90780943242395,383.02569812925606,861.9801996834176,0.7298191048823743,4.382687918769072,2.798145809846269,369.6890947074154,665.0635936189748,34.91145582178663,0.1249467429554897,0.6516298506330046,-1.6191887205500468e-30,2.772877415269637e+33,-3.736739311239262,11.21290572361162,0.1249467429554897,0.6516298506330046,6.338402238488789e-18,0.2998514473438263,-91.0760269165039,0.9228467245708738,5.669597250017828,630.1521377971882,1.0,1,-96.5630090777376,39.1008346245778,161.30833414802768,30.56565725632368,63.84542686379915,3.181740917184661,287.7369028886726,39.49809534329399,-97.54041181341736,0.8980623483657837,221094,303.73718342,404171,38.9874420574454,-97.43354061257854,0.4666862487792969,527.530461442974,117.3575832081351,316.53083228,2020-07-24 17:06:42.892999936+00:00,2020-07-24 17:00:00+00:00,62424.0,202007241200.0,202007241230.0,387.911192234574,34.3756814920348,405.798975076276,30.0705756410102,405.836791603175,31.5596437679798,406.42811673712,30.3046928944542,404.213762048077,31.2306386600917,404.09080902227,31.0192381831817,402.197293086667,32.9368924437088,394.709924919837,33.5645926640683,396.176147428571,34.5514903968286,5.51409688712012,9.94723889354931,164.290744890196,32.9758196143185,0.442401076255676,-20.8946437185699,-0.287679030119833,-21.1823227486897,392.38697913307,1.23459546125193,0.39475979563639,67.7600560862159,,360.0,144.0,1.05616366243261,4.81,3.81,0.35,8.81,7.19,0.7,,,198.77,30.5939,30.828,30.7953,31.1709,,96.8479,63.27,16.1927,34.55,33.63,32.7,178.2,908.48,881.5,879.5,185.55,425.3,493.4,441.5,493.6,1863.47,1946.73,1910.19,1759.66,118.58,642.82,589.37,1229.83,,,34.28,38.27,,,,,26.63,,,,,,,24.56,38.77,,,,,,2.51,,,,,,,,37.8,36.15,,,,,,,,,29.454,27.097,,,23.585,,20.597,,17.167,,27.989,,23.709,23.718,,21.362,,18.439,29.876,28.074,26.19,25.205,24.255,,21.035,19.199,,28.564,27.445,25.343,24.642,,23.919,23.029,20.941,19.975,27.866,26.771,25.509,24.932,23.975,25.494,20.906,,,25.176,33.941,11.376,654.83,,0.0,0.0,,0.0,0.0,,,,,US-xKZ,-96.5631,39.1008,381.0,KS,CST,GRA,Cfa,12.4,870.38,2020-07-24 12:00:00,12:00:00,206,0.2042422507925325,0.1681898054849099,1.0160033956301326,0.0,1153.2224598124042,0.7877751532412778,102.446657821711,4.389762617279303,2.7774028079526145,112.7378100642641,874.4421642296667,0.1,0.0914359554874065,0.870833036307696,1.1483257505250004,-0.1258927242785893,-0.0704676116960876,0.8131721076051146,0.7131721076051146,0.6624623855648324,2020-07-24 12:00:00-05:00,US-xKZ,0.8708327393906696,1153.2220666125954,96.51240500401514,413.00000000000216,0.9857486692018936,0.9807607034225566,2.3894091135224333,0.1058127717551896,-0.1801358031841263,2.209273310338307,0.0642102939414468,0.2503101307778063,2.013259540521472,432.9641209007894,255.9124461721848,399.4139081056848,14.526616322636372,26.4599658218328,8.718418990026171,151.86314588443722,237.8286453811533,-202.63087063236415,62.117384644132805,27.315743873568,30
9,9,9,-96.56440146642797,39.099172741302176,2020-08-09 06:00:00,158.81599729537965,204.1919945907593,2020-08-09,US-xKZ,9,143.80167172269884,112.9718027955264,-22.063767948885182,-17.333481675055264,4.406704545454546,119.15416666666664,US-xKZ,101,0,0,LC08_028033_20200809,-96.5630090777376,39.1008346245778,2020-08-09 17:06:46.046000128,0.0170575,0.0274524999999999,0.0806649999999999,0.05223,0.499985,0.211345,0.0844599999999999,303.86706818,21824.0,0.1931793725,0.8108345481379534,0.696365487096581,0.6383034836036361,303.86706818,2.675529822824626,0.9767552982282462,0.9788292484153212,-96.56308348958768,39.10089118902015,-0.810834527015686,0.810834527015686,1,1,-0.7221562042538534,-303.86706818,303.86706818,306.97826505806137,-306.97826505806137,306.97826505806137,0.7379257320872421,2.2042640916907983,31.883436025429788,472.17542197660265,850.4791316753393,0.7379257320872421,4.865136146707145,2.2042640916907983,363.0596829333622,568.6291535955785,57.982363859182605,0.1084208980468372,1.0319354682946695,163.41607481143228,6.512664906541421,0.9250222936776707,7.080543606000546,0.1084208980468372,1.0319354682946695,1.114388112510596,0.211722657084465,-64.0692367553711,0.5163001642752119,4.168762409776806,347.2307149249636,0.6799821753588419,0,-96.5630090777376,39.1008346245778,171.79647365877702,32.40665916319479,45.30734650011189,5.135558369524883,295.9507074127868,39.627971273343,-96.6041016716475,0.9280421137809752,189810,302.60923682,328557,39.75655580156606,-97.65718771656476,0.537544846534729,501.7312347618124,112.36392054927092,316.72907744,2020-08-09 17:06:46.046000128+00:00,2020-08-09 17:00:00+00:00,63192.0,202008091200.0,202008091230.0,382.591547923963,29.7875168252424,,,,,,,,,,,,,,,,,7.81954614883407,12.8725664240997,194.583947633905,30.6102879884511,0.407857440834247,-20.9719497738845,,,286.866371036899,,0.574717294057813,61.2784726498995,,368.0,144.0,1.1502011117948,6.57,5.03,0.52,10.74,9.49,1.04,196.9,192.71,191.75,28.5999,28.727,28.6923,28.9615,,96.35261,62.22,14.8493,29.67,28.88,30.07,491.4,657.06,646.3,635.04,133.22,408.2,474.5,429.2,475.4,1312.16,1347.02,1294.5,1115.98,88.07,290.47,258.66,707.5,,,,38.47,,,,37.75,,,,,,,,24.55,,,,,,,,,38.49,,,,,,,35.6,33.89,,,,,22.76,,,26.503,25.01,,,22.938,,20.59,,17.953,,,,22.748,23.057,,20.655,,19.802,25.837,24.997,24.373,23.861,23.243,,20.949,,,25.992,25.424,24.059,23.61,,23.055,22.318,20.531,20.095,25.237,24.662,24.037,23.761,22.973,24.75,20.8,,,8.984,13.938,4.611,457.54,,0.0,0.0,,0.0,0.0,,,,,US-xKZ,-96.5631,39.1008,381.0,KS,CST,GRA,Cfa,12.4,870.38,2020-08-09 12:00:00,12:00:00,222,0.2027516512951633,0.1315770904401926,1.0138418848701878,0.0,1133.43814327248,0.5797052127634652,102.446657821711,3.913986611831972,2.4352824698818534,87.15983099898726,859.4404878822081,0.1,0.0807026536621285,0.8522554119050032,1.1733571720767966,-0.125670544930806,-0.0702014258108207,0.8121730129380276,0.7121730129380276,0.6763465416040625,2020-08-09 12:00:00-05:00,US-xKZ,0.8522550959333881,1133.437723053053,96.51240500401514,413.00000000000216,0.989573034627504,0.9859235967471306,2.357528153004041,0.1321453002765161,-0.2316819300447838,2.125846222959257,0.0642102939414468,0.2740839554691062,3.308684225519408,468.27469768260187,117.76376677044752,391.8011840761228,15.8709769710414,24.51143705473967,8.341910689211419,151.9289760839773,246.38591692173495,-219.43948855461568,64.2207855245021,25.664612578482767,30
10,10,10,-96.56440146642797,39.099172741302176,2020-08-25 06:00:00,187.17599729537963,255.24,2020-08-25,US-xKZ,10,120.80062848966882,103.41124221123012,15.63950837879914,13.388183565310475,2.5386,144.97354166666665,US-xKZ,102,1,1,LC08_028033_20200825,-96.5630090777376,39.1008346245778,2020-08-25 17:06:54.003000064,0.01813,0.0275624999999999,0.0645224999999999,0.0562449999999999,0.33614,0.186705,0.0879524999999999,310.99363988,21824.0,0.14319089,0.7133172776737134,0.4770207062043625,0.4704723857976099,310.99363988,1.086422535467087,0.9608642253546708,0.9735851943670414,-96.56308348958768,39.10089118902015,-0.7133172750473022,0.7133172750473022,1,1,-0.6779209434374318,-310.99363988,310.99363988,313.9778079591457,-313.9778079591457,313.9778079591457,0.7404400809377831,1.8727572392602243,27.404202720955773,509.62545539997217,823.3197745330858,0.7404400809377831,4.890429826597005,1.8727572392602243,369.88962427174016,551.2161351557176,81.61700204486354,0.0422164555579034,0.5820833977311357,281.9107164293931,9.962387829842948,2.4954166325620264,12.55260691220393,0.0422164555579034,0.5820833977311357,0.7024355986708787,0.2526156306266784,-76.82028198242188,0.2809934050694729,2.439712093348517,187.6884166814609,0.3996779453959405,1,-96.5630090777376,39.1008346245778,169.8863543009237,32.49873210398252,38.2943280174491,3.260148069245255,289.01114207197406,38.642220639642005,-95.99488759104052,0.8859653472900391,506516,304.09949354,787865,38.99134541876237,-97.18094408960792,0.267524778842926,492.3882911310353,118.27172407446238,319.15245362,2020-08-25 17:06:54.003000064+00:00,2020-08-25 17:00:00+00:00,63960.0,202008251200.0,202008251230.0,376.866513448115,22.8965771008306,391.787034912001,19.9577479836507,396.462750157729,20.5639275149898,391.353515853591,20.2123948068775,395.339513056911,21.0862772701636,390.068882459782,20.9390644141196,393.226228885417,22.5408590152494,386.673889141954,21.936811763935,390.351442868167,23.4949429249384,5.85356104311751,10.8897030518271,194.503294767671,32.9708854398289,0.610320733529854,-12.649091765881,,,338.544707324187,,0.482601940859426,170.162929706296,,344.0,136.0,1.37649730751035,4.9,3.66,0.33,10.39,8.19,0.86,196.65,193.07,192.28,31.5519,31.76,31.914,32.6203,,96.76123,41.54,27.2171,36.73,35.55,34.84,160.8,892.45,877.1,857.67,168.07,393.3,511.1,431.7,516.2,1739.37,1811.7,1787.4,1527.74,116.25,662.1,481.35,1109.7,,,,,37.88,,,,11.76,,,,,27.75,,24.48,16.3,35.94,17.47,,,,,,21.67,27.84,,,,,35.11,,26.75,,39.89,,,,,,29.67,26.579,,,23.086,,20.923,,18.371,,,,23.087,23.471,,20.861,,19.664,27.822,25.926,24.112,23.334,23.012,,21.101,,,28.916,27.034,24.247,23.634,,23.286,22.621,20.903,20.431,29.325,27.316,25.305,24.55,,24.946,21.15,,,15.008,22.708,8.533,606.58,0.0,0.0,0.0,0.0,0.0,0.0,,,,,US-xKZ,-96.5631,39.1008,381.0,KS,CST,GRA,Cfa,12.4,870.38,2020-08-25 12:00:00,12:00:00,238,0.1883242758697966,0.0850558419606726,1.010637998278872,0.0,1106.842290587393,0.8063027656147682,102.446657821711,4.635692466896971,1.9256666507490017,55.2848634889256,839.2738906545515,0.1,0.0631963061091149,0.827005648413727,1.2091815840896516,-0.1253081635364586,-0.069767268391506,0.8108522210582627,0.7108522210582627,0.6997702709272855,2020-08-25 12:00:00-05:00,US-xKZ,0.8270053088449669,1106.8418361176264,96.51240500401514,413.00000000000216,0.980990572566218,0.9743372729643944,2.282242415005714,0.1484117908390487,-0.2574531939549082,2.024789221050806,0.0642102939414468,0.2753208976089448,2.300481523388516,451.75614114749567,77.7648898892848,397.6325864976846,17.491837275050568,20.066087129157268,8.571762199192468,104.5374021092632,221.8371365730408,-210.8291017504905,58.0640675337954,27.35266811154567,30
11,11,11,-96.56440146642797,39.099172741302176,2020-10-12 06:00:00,130.45599729537963,204.1919945907593,2020-10-12,US-xKZ,11,38.82912272496175,37.51200903473834,56.96287133010683,55.03064694804304,-6.215369565217391,70.96520833333334,US-xKZ,104,0,0,LC08_028033_20201012,-96.5630090777376,39.1008346245778,2020-10-12 17:07:07.819000064,0.0291849999999999,0.0363074999999999,0.0574,0.0867425,0.2385149999999999,0.2552075,0.1473249999999999,298.95537344,21824.0,0.1325640374999999,0.4666225990177013,0.2552233146197316,0.2758638970260797,298.95537344,0.3889317208313548,0.9538893172083136,0.9712834746787434,-96.56308348958768,39.10089118902015,-0.4666225910186767,0.4666225910186767,1,1,-0.6120507578189682,-298.95537344,298.95537344,301.32996099090377,-301.32996099090377,301.32996099090377,0.7612864444113788,0.4503898006097057,8.185548398457016,432.0226329649462,684.6084280254051,0.7612864444113788,2.343424865153678,0.4503898006097057,327.98552564325416,474.6932268449366,60.9829213134065,0.0141414525325765,0.5926705257208719,165.06587528163928,10.46413411726121,1.4648839019409363,12.328374307043234,0.0141414525325765,0.5926705257208719,0.6785105890292185,0.2620100975036621,-77.48661041259766,0.3676861948351771,2.0341313987885763,248.6444302498908,0.6010109657056655,0,-96.5630090777376,39.1008346245778,95.36450900082272,20.03550112657193,19.219297674396305,3.7484135531053,205.45160178950664,39.38285246941363,-95.81639404870236,0.6709427833557129,543494,295.73901662000003,812312,39.23122400552232,-96.8397316133691,0.1869290024042129,464.2629530688104,77.1056739381004,310.25876558,2020-10-12 17:07:07.819000064+00:00,2020-10-12 17:00:00+00:00,66264.0,202010121200.0,202010121230.0,405.894432973704,5.59214736303375,414.734434629133,4.93174357018883,414.517292958199,5.67116866013065,414.72836051893,5.08003740552414,414.382633205788,5.66959703790468,414.634034175009,5.40585080776278,414.096055226837,5.54974386978311,414.124797776152,5.63765709254894,,,4.65986862762685,9.20853001907009,305.037836615877,19.0666715225328,0.845370863725933,-1.1239213066413,-0.0754860315565285,-1.19940733819783,86.6988680328729,-3.74244918876873,0.493355981317574,271.477218728593,8.11216581538995,296.0,120.0,1.96036295194742,3.96,2.72,0.25,7.36,6.98,1.16,307.01,303.26,,18.8237,19.33,19.3642,20.5536,24.5183,96.80779,24.76,16.4192,28.47,26.28,30.09,66.2,764.99,731.0,738.27,143.83,289.8,450.8,344.1,482.3,1417.37,1476.58,1503.94,1246.99,124.97,538.79,392.75,773.67,,,,29.1,,,,34.93,,,,,,22.52,,24.15,,,15.99,,,,,,23.28,,37.24,,,,28.07,,26.24,,,,7.83,,,,20.118,18.222,,,18.358,,18.069,,17.509,21.925,,,17.625,18.876,,17.971,,19.101,19.115,18.154,17.949,18.051,18.531,,17.902,,,21.344,20.133,18.436,18.434,,18.744,18.35,17.293,17.847,22.588,20.921,19.857,19.763,19.392,21.147,18.578,,,-0.493,0.293,1.756,460.16,0.0,0.0,0.0,0.0,0.0,0.0,,,,,US-xKZ,-96.5631,39.1008,381.0,KS,CST,GRA,Cfa,12.4,870.38,2020-10-12 12:00:00,12:00:00,286,0.1880155296147662,-0.0768142459478439,0.9974637268993128,0.0,996.931099790601,0.76734490493945,102.446657821711,2.1733406144292218,0.5381191361326754,6.253198639342054,755.9325427116979,0.1,0.0184297663236912,0.7255892711538482,1.378190168674597,-0.1243814961629004,-0.0686570582048275,0.8033185219108325,0.7033185219108326,0.7772188850920085,2020-10-12 12:00:00-05:00,US-xKZ,0.725588855519886,996.930528725896,96.51240500401514,413.00000000000216,0.9056475139561564,0.872624143840811,1.897734562486423,0.246044478118898,-0.3236241871554889,1.574110375330934,0.0642102939414468,0.1450185570543476,2.828945878374467,319.58884788482504,101.49652384579085,321.045654849075,25.932136480619203,17.160038435456002,10.85432222117277,71.30534089604157,139.49933334488028,-182.97586286800467,76.2956534671888,44.04360039204797,30
12,12,12,-96.56440146642797,39.099172741302176,2021-03-21 06:00:00,127.62,192.8480054092408,2021-03-21,US-xKZ,12,18.623372516723368,16.616725386172917,48.15665757585826,42.96783269171217,8.042386363636364,101.48125,US-xKZ,110,1,1,LC08_028033_20210321,-96.5630090777376,39.1008346245778,2021-03-21 17:06:36.580000000,0.0517624999999999,0.06818,0.10008,0.14199,0.2234999999999999,0.306055,0.1969075,293.753147,21824.0,0.15856702,0.2230156775835179,0.1302834235881566,0.1412667968434065,293.753147,0.0796815189677934,0.9507968151896778,0.9702629490125936,-96.56308348958768,39.10089118902015,-0.2230156809091568,0.2230156809091568,1,1,-0.3814203597255701,-293.753147,293.753147,296.5204047128089,-296.5204047128089,296.5204047128089,0.7552912763565554,0.8559319396298861,13.665127001880451,401.4217398836696,755.7396278446223,0.7552912763565554,1.5844807529825484,0.8559319396298861,306.6999956788814,526.0918863878904,60.999570971529614,0.0066370970540802,0.890473559889259,346.66538205758263,7.2547169509278,2.088470982632856,8.205368930603255,0.0066370970540802,0.890473559889259,0.9874221109866642,0.3547049760818481,-103.08879089355467,0.1743123078396987,1.0280642629919974,118.42693335877816,0.2546310257841173,1,-96.5630090777376,39.1008346245778,114.29313148660796,13.863320262309507,54.0197120109362,6.077669836324256,225.80645910322392,38.29749707144156,-97.62345293984112,0.7233015298843384,533559,290.63249474,880650,39.08926497395592,-97.7136401104385,0.1942734122276306,495.5494728353475,69.90221346107151,298.2478433,2021-03-21 17:06:36.580000+00:00,2021-03-21 17:00:00+00:00,73944.0,202103211200.0,202103211230.0,422.274130818044,8.96376863140273,425.683123484969,8.19348535431622,,,425.518147919543,8.24636340641557,,,426.061091671975,8.4684588249885,,,425.637948479259,8.4031649695995,,,13.1191855722343,21.3964905548536,177.877341949543,17.3051077799821,0.707478294967665,0.543840155784678,,,40.1255788536802,,0.725658176099219,227.451799949537,1.93347610307643,416.0,168.0,2.05901893745262,11.13,8.69,1.09,17.25,15.82,2.35,181.16,179.12,,16.723,16.701,17.1934,17.9168,19.7604,96.47217,43.82,10.7403,21.95,21.37,21.46,119.5,843.21,799.5,804.5,158.95,299.9,424.2,313.0,427.0,1630.7,1657.8,1710.32,1455.57,201.46,995.11,544.83,1358.72,25.49,,,8.84,,17.75,,,,,,,,,,,,,,,,,,,,,,,,,,,25.28,24.53,17.26,,1.95,8.67,,,13.451,10.856,8.857,8.443,8.134,,8.24,,8.88,,10.61,8.6,7.388,8.443,,,,10.889,11.226,9.726,8.426,7.945,8.191,,8.449,,,11.53,10.22,8.411,8.206,,8.549,8.271,7.457,8.353,13.562,11.576,10.078,9.984,9.192,11.436,9.202,,,16.316,18.755,9.699,559.96,,0.0,0.0,0.0,0.0,0.0,,,,,US-xKZ,-96.5631,39.1008,381.0,KS,CST,GRA,Cfa,12.4,870.38,2021-03-21 12:00:00,12:00:00,80,0.1885058289156912,-0.0024424947610149,0.9957449923521606,0.0,1068.103793388859,0.7894457497662092,102.446657821711,1.9039747350973155,0.8343217289196435,12.083732569955238,809.8999831077039,0.1,0.0287813265669129,0.774713644392937,1.290799519587133,-0.1245957734599351,-0.0689137768988594,0.8077120614418231,0.7077120614418231,0.7627432394521978,2021-03-21 12:00:00-05:00,US-xKZ,0.7747132624720774,1068.1032668315668,96.51240500401512,413.00000000000216,0.933127106565356,0.9097215938632304,2.0949102483852933,0.2104767742188847,-0.2650641914643142,1.829846056920979,0.0642102939414467,0.1029310708399242,4.740955006501352,245.87449341623244,61.46894305812316,316.3449926918278,41.71000934253,29.39881495176,20.028089562460003,65.65382835449998,65.51155712049574,-112.04343099925828,89.90461940508501,57.8421977929025,30
13,13,13,-96.56440146642797,39.099172741302176,2021-06-09 06:00:00,181.50400270462035,218.37199459075927,2021-06-09,US-xKZ,13,103.69954684013103,82.5382777775077,31.56251215269247,25.12176258041979,16.984304347826086,209.25,US-xKZ,113,0,0,LC08_028033_20210609,-96.5630090777376,39.1008346245778,2021-06-09 17:06:36.023000064,0.0284149999999999,0.036665,0.08028,0.0652099999999999,0.3297325,0.242365,0.1216674999999999,306.83390954000004,21824.0,0.1550685525,0.6697747140406516,0.4573333079761136,0.4433622830517045,306.83390954000004,0.9584637472312602,0.9595846374723126,0.9731629303658632,-96.56308348958768,39.10089118902015,-0.6697747111320496,0.6697747111320496,1,1,-0.6084021828602786,-306.83390954000004,306.83390954000004,309.8481331545724,-309.8481331545724,309.8481331545724,0.7424910918964587,2.298403315534917,33.15542043120679,482.2583546788649,903.3217797794924,0.7424910918964587,4.115380554822725,2.298403315534917,379.8054937341281,645.442141283354,94.0777030862528,0.0362504324082401,0.4333646172098968,65.31194290644764,14.11520994326676,0.8109833085915312,16.860315290346087,0.0362504324082401,0.4333646172098968,0.503308124099869,0.2211532145738601,-67.71292877197266,0.7247436562567467,6.413637751094417,486.0524952906536,0.8815448759807393,0,-96.5630090777376,39.1008346245778,203.3047446559933,29.46835754867736,55.84910763213545,2.470895345518789,322.3127252612381,39.69499113609195,-97.01951105419464,0.8374196887016296,301538,306.18106772,477575,39.48800303666229,-97.22318267270792,0.2743465006351471,474.4976851552525,135.7854455780569,324.80244068,2021-06-09 17:06:36.023000064+00:00,2021-06-09 17:00:00+00:00,77784.0,202106091200.0,202106091230.0,408.233064382907,23.3576706326147,,,420.668273074074,24.8414579326061,,,422.385332255556,25.0232130635433,,,419.210246781046,26.6623564856186,,,411.053741248387,30.0249707180702,2.65734124208638,6.74260954136082,116.383523223622,31.5529276951266,0.711141518616249,-12.0669666829818,,,227.708534473669,,0.29810925910931,94.8089943490187,5.80839654465793,256.0,104.0,1.05428794110919,2.33,1.83,0.18,5.09,4.58,1.09,,,,29.2569,29.522,29.7538,30.3388,32.355,96.71808,59.06,16.7149,37.35,36.68,35.88,323.8,971.4,984.6,940.3,165.49,422.3,513.3,450.2,532.3,1936.78,1895.63,1907.18,1718.48,117.69,603.83,233.65,1054.86,28.86,,5.76,,,34.93,,,,,,,,,,,,,,,,,,,,,,,,,,,,17.89,13.68,,2.51,21.04,,,31.256,27.445,22.877,21.021,19.018,,15.368,,13.141,,26.598,22.6,20.235,19.331,,,,15.067,26.341,23.999,21.533,20.204,18.82,,15.616,,,26.281,24.282,21.106,19.998,,18.909,17.957,15.894,15.107,25.884,24.219,22.093,22.137,19.389,22.058,16.293,,,29.656,,16.762,714.91,,0.0,0.0,0.0,0.0,0.0,,,,,US-xKZ,-96.5631,39.1008,381.0,KS,CST,GRA,Cfa,12.4,870.38,2021-06-09 12:00:00,12:00:00,160,0.1703623635989294,0.1974497246007276,1.015327197570672,0.0,1173.335203831094,0.8278964074616111,102.446657821711,4.065531676788264,2.4011030083111486,84.78893799104232,889.6928687123702,0.1,0.0793971173010221,0.8848417909374585,1.1301455358935244,-0.1256435203281311,-0.0701690485090653,0.8146923210055671,0.7146923210055671,0.6825188364355401,2021-06-09 12:00:00-05:00,US-xKZ,0.8848415095357169,1173.3348306812572,96.51240500401514,413.00000000000216,0.0,-0.35,2.504007973548753,0.1277531979405005,0.0764981744594169,2.58050614800817,0.0642102939414468,0.2369808896063119,1.7632741446925633,500.36998201585664,176.31048342349715,411.03413133246056,20.00863924110337,24.632626257871205,11.250065293284102,101.17311207739806,205.50959402012867,-186.67842033968927,74.3658004856621,37.33171468895792,30
14,14,14,-96.56440146642797,39.099172741302176,2021-07-27 06:00:00,184.34,229.71601081848144,2021-07-27,US-xKZ,14,136.9920149258717,106.88895125123416,37.3209286566921,29.11990838294158,10.397318181818182,190.0510416666667,US-xKZ,116,1,1,LC08_028033_20210727,-96.5630090777376,39.1008346245778,2021-07-27 17:06:49.051000064,0.0249774999999999,0.0312199999999999,0.0682625,0.0553925,0.3236275,0.22031,0.1050575,311.69091596,21824.0,0.145714785,0.707706717323624,0.4716360752760961,0.4577284930945826,311.69091596,1.0244127045073523,0.9602441270450734,0.9733805619248742,-96.56308348958768,39.10089118902015,-0.7077066898345947,0.7077066898345947,1,1,-0.6516241802546633,-311.69091596,311.69091596,314.8799073550171,-314.8799073550171,314.8799073550171,0.7345590339138284,2.5144432301978883,36.074494874944776,513.8795077201756,864.4478808478403,0.7345590339138284,4.797419441647276,2.5144432301978883,380.7126133102712,590.1825870493859,90.60854801662806,0.0392986202522507,0.1523868831536206,102.47498538207049,23.615061941268767,2.1611454365222897,47.94811686300572,0.0392986202522507,0.1523868831536206,0.2345055198302383,0.2466958463191986,-75.51841735839844,0.5950347801002347,5.253610863994309,397.0990536506874,0.7948752789867228,1,-96.5630090777376,39.1008346245778,183.78250640449247,32.158097725756264,52.412411730555526,0.860715192478197,304.656751547983,39.502657243704,-96.63492745934036,0.8742842078208923,603459,306.11954336,753197,38.56853179774941,-97.06115617331112,0.2995052933692932,451.95968556137205,131.80851616970736,327.1472024,2021-07-27 17:06:49.051000064+00:00,2021-07-27 17:00:00+00:00,80088.0,202107271200.0,202107271230.0,386.086278289118,24.5928421724747,,,403.96236338961,26.3115346302634,,,402.776594666667,27.0197453441338,,,400.029645709302,28.4862929696444,,,394.280664746269,30.0276031251055,1.91986722243778,5.03654056992298,199.788179969117,33.8425623616435,0.526786486561205,-11.0911176671607,,,245.390720480713,,0.309826473710285,103.831512115069,,184.0,80.0,0.99990719648143,1.69,,0.12,4.6,,0.41,,,,31.5615,32.556,31.8266,,34.072,96.86275,52.04,22.3409,37.44,37.55,35.87,167.7,949.34,975.5,919.24,156.59,422.7,523.7,453.8,552.5,1909.03,1843.93,1870.97,1641.81,114.01,337.57,201.56,1054.61,17.49,,4.92,,,,,26.68,,,,,,,,,,,,,,,,,,,,,,,,,12.9,15.73,11.56,1.46,1.74,12.26,,,32.492,29.105,25.361,24.02,22.598,,19.59,,16.652,,29.425,25.398,23.291,22.94,,,,18.567,28.091,26.22,24.228,23.249,22.451,,19.696,,,27.865,26.42,23.86,23.121,,22.575,21.794,19.898,19.136,28.595,26.948,25.075,25.035,23.078,26.653,20.283,,,20.897,,12.379,691.75,,0.0,0.0,0.0,0.0,0.0,,,,,US-xKZ,-96.5631,39.1008,381.0,KS,CST,GRA,Cfa,12.4,870.38,2021-07-27 12:00:00,12:00:00,208,0.1649461731308066,0.1642577773805854,1.0157966104278124,0.0,1151.1223812594208,0.8247081417714643,102.446657821711,4.638216252113459,2.413727737599844,85.66076221094924,872.8497564693722,0.1,0.079210943028301,0.868893407307691,1.150889155780971,-0.1256396665206858,-0.0701644313871018,0.8135148079477602,0.7135148079477602,0.6797304430377107,2021-07-27 12:00:00-05:00,US-xKZ,0.8688931083247629,1151.1219851625724,96.51240500401514,413.00000000000216,0.9903742017921652,0.9870051724194232,2.396249525710213,0.118002055613394,-0.2064393400677052,2.189810185642508,0.0642102939414468,0.2707678932338204,0.6106285506561722,446.6688159126796,163.88258356562324,411.43664308172777,17.265339062314297,21.2768011507195,9.730990396271167,100.8717519048449,220.5857549536452,-203.10533760526013,68.6686256951476,32.7454684034677,30
15,15,15,-96.56440146642797,39.099172741302176,2021-08-12 06:00:00,181.50400270462035,238.22398918151856,2021-08-12,US-xKZ,15,129.19027946224526,110.82731414945457,1.293122979300082,1.109319890453917,6.198,123.89204545454544,US-xKZ,117,0,0,LC08_028033_20210812,-96.5630090777376,39.1008346245778,2021-08-12 17:06:55.673000192,0.0238224999999999,0.03408,0.0728274999999999,0.0615525,0.33603,0.2262775,0.1072299999999999,307.50384146,21824.0,0.1518759675,0.6903661504216105,0.473320308054175,0.4586946046742222,307.50384146,1.0289930130103322,0.9602899301301032,0.973395676942934,-96.56308348958768,39.10089118902015,-0.6903661489486694,0.6903661489486694,1,1,-0.6437511847037171,-307.50384146,307.50384146,310.63424840251764,-310.63424840251764,310.63424840251764,0.7389370767186527,2.123529264658369,30.792568300002173,486.8415267824939,847.0129054912189,0.7389370767186527,5.106674053308665,2.123529264658369,333.5929749160263,551.8764487762642,79.18400267348741,0.0395125742720925,0.4943541612484778,247.95117531839944,11.315778759788856,2.4595939990513784,14.78022166008722,0.0395125742720925,0.4943541612484778,0.6103687374415047,0.1716244220733642,-50.85282897949219,0.3353652555222415,2.453097273431421,224.7412707843773,0.4754492538167453,0,-96.5630090777376,39.1008346245778,144.06687082375376,33.269452142081064,41.58341109087456,2.790446550043921,248.10131243814087,39.34331596268228,-97.11511067337202,0.8641459345817566,412559,296.30298992,652989,38.800483970451175,-98.07813907903284,0.315954178571701,450.4240097771141,115.3647943186935,319.32335462000003,2021-08-12 17:06:55.673000192+00:00,2021-08-12 17:00:00+00:00,80856.0,202108121200.0,202108121230.0,360.519111359751,23.0865284967441,408.200617549488,27.0013847698528,411.793064762987,26.2177872519695,407.695504185822,27.3604402200137,411.11966268932,26.7411837474787,,,,,401.467228055601,30.4140793783402,402.848401687296,30.3356040983729,4.62476901223972,8.84044311604854,234.260853800682,35.4598910292719,0.545126231203241,-9.9338968185906,,,269.441918024983,,0.285035968529748,108.970432375645,3.36326864055611,344.0,136.0,1.53344629402879,3.87,2.92,0.17,7.36,6.48,0.6,238.5,235.68,,33.1657,33.774,33.4924,34.1514,36.0172,96.4713,48.07,26.4802,38.33,36.57,35.96,242.2,963.21,974.6,925.28,169.1,433.4,531.2,474.9,543.5,1916.25,1858.27,1863.23,1624.51,123.7,262.23,208.22,1001.08,19.44,,3.38,7.66,,,,26.27,,,,,,,,,,,,,,,,,,,,,,,,,18.62,14.16,8.88,,1.26,,,,31.629,28.627,25.827,24.647,23.152,,,,17.464,,29.161,25.881,23.727,23.424,,,,19.367,27.665,26.155,24.804,23.89,23.002,,20.244,,,27.823,26.67,24.596,23.85,,23.163,22.332,20.419,19.763,28.375,26.979,25.695,25.576,23.801,27.255,20.977,,,15.235,,11.951,696.31,,0.0,0.0,0.0,0.0,0.0,,,,,US-xKZ,-96.5631,39.1008,381.0,KS,CST,GRA,Cfa,12.4,870.38,2021-08-12 12:00:00,12:00:00,224,0.1755588085671867,0.1262381510504719,1.01349414693358,0.0,1130.4829582799712,0.8520340735304168,102.446657821711,5.077088938770839,2.440556652867142,87.52866452590939,857.1996863222683,0.1,0.0796719522020888,0.8494503412394603,1.1772318538843225,-0.1256492094105832,-0.0701758644146118,0.8119938827781098,0.7119938827781098,0.6756886727551252,2021-08-12 12:00:00-05:00,US-xKZ,0.8494500225240478,1130.4825341205765,96.51240500401512,413.00000000000216,0.9881162102674644,0.9839568838610768,2.347919774021659,0.1359873200330331,-0.2406411962741846,2.1072785777474743,0.0642102939414467,0.2858594595489765,1.978867843116031,462.0803474174962,88.27780806577299,359.8000689230977,18.92763020146665,22.39473601392812,10.4797309169568,103.3305158458038,212.29024326859744,-197.955962240819,69.58120048596514,32.97363691975577,30
16,16,16,-96.56440146642797,39.099172741302176,2021-08-28 06:00:00,184.34,258.0760108184815,2021-08-28,US-xKZ,16,139.25900668426925,73.07896698250113,41.13954643937125,21.588805115737564,3.488869565217392,142.04479166666667,US-xKZ,118,1,1,LC08_028033_20210828,-96.5630090777376,39.1008346245778,2021-08-28 17:07:00.173000192,0.02803,0.0368574999999999,0.073515,0.0693349999999999,0.337735,0.2482225,0.1193024999999999,310.74412442,21824.0,0.1575977275,0.6593460584174713,0.4542027717537999,0.4438466711499665,310.74412442,0.9606240737609136,0.9596062407376093,0.973170059443411,-96.56308348958768,39.10089118902015,-0.6593460440635681,0.6593460440635681,1,1,-0.6424802431610943,-310.74412442,310.74412442,313.7493216393181,-313.7493216393181,313.7493216393181,0.7304847660438989,2.281953854217776,32.9331596410235,507.3268239663004,805.9020372316709,0.7304847660438989,4.621493692485858,2.281953854217776,365.50056311176553,522.3035049651992,85.80451925225597,0.0363492499932955,0.7250565188993953,207.6535625506306,8.686220334833594,1.6070002789160398,10.077371751556976,0.0363492499932955,0.7250565188993953,0.8239844833023009,0.1480234563350677,-44.83525848388672,0.3425338276207851,2.834848595836617,228.84542316231256,0.5242748108303951,1,-96.5630090777376,39.1008346245778,150.52145181876313,31.497805768969123,49.37697649415884,4.132715587846103,263.67269531153613,38.639338113382784,-95.97743325391828,0.8855822682380676,378751,302.89293248,633420,39.00576513737297,-97.8187468812839,0.2623371183872223,424.1962195938424,112.40241831652622,321.79116506,2021-08-28 17:07:00.173000192+00:00,2021-08-28 17:00:00+00:00,81624.0,202108281200.0,202108281230.0,369.906954650886,22.7279431367958,413.173206134406,24.2328906727227,411.016229764516,24.3768544784791,411.117463084038,24.9961225819093,410.259349011834,24.5871782121289,410.17486214702,25.3847795579387,409.863597205882,25.5000604715252,406.766277579342,27.0930853566639,408.977790396774,25.7235126491756,7.88799929174885,14.2579620850623,181.853883042011,33.0231808442282,0.717755337595087,-8.47655671305879,-0.198554359813001,-8.67511107287179,216.734132472882,-0.632937483298438,0.454483752035621,176.483146759635,1.88474223823796,376.0,144.0,1.65406391559032,6.58,5.16,0.5,11.98,10.37,1.6,182.76,181.28,,31.1004,31.34,31.467,32.0145,33.8713,96.6363,50.81,22.3211,35.49,33.87,33.27,244.8,808.73,803.9,766.31,146.79,421.2,515.5,456.8,514.8,1587.01,1547.36,1544.32,1462.87,111.21,215.83,143.03,815.0,12.11,,,6.97,29.98,31.1,,26.08,,,,,,,,,,,,,,,,,,,,,,,,,12.42,15.33,11.2,1.1,,11.22,,,33.253,29.805,26.041,24.849,23.549,,,,18.068,,29.09,25.997,24.011,23.837,,,,19.947,27.152,25.825,24.632,23.95,23.389,,20.759,,,27.524,26.451,24.497,23.99,,23.615,22.826,20.95,20.308,28.84,27.314,25.839,25.377,24.354,27.086,21.622,,,9.268,,7.011,567.64,,0.0,0.0,0.0,0.0,0.0,,,,,US-xKZ,-96.5631,39.1008,381.0,KS,CST,GRA,Cfa,12.4,870.38,2021-08-28 12:00:00,12:00:00,240,0.1815068069689513,0.0787120450114166,1.0101754943321235,0.0,1103.0561845557163,0.733172082549663,102.446657821711,4.518335198740413,2.295766114480004,77.69291854472533,836.4030343675217,0.1,0.0754539898876095,0.8234225893609899,1.2144432432635126,-0.1255618975906735,-0.0700712589492127,0.8100498706003528,0.7100498706003529,0.6792957294860322,2021-08-28 12:00:00-05:00,US-xKZ,0.8234222466302511,1103.055725433917,96.51240500401512,413.00000000000216,0.9635331342874488,0.9507697312880558,2.233960447206192,0.1285140771997615,-0.2147081027968392,2.0192523444093524,0.0642102939414467,0.2621216422928834,2.94860456108304,432.3476152127308,97.57279518006354,393.59615065315165,21.545443866660666,22.8443543067363,11.45325156581012,104.9491668609887,204.8879136127153,-199.64696061824293,77.13368342384345,37.07255090361701,30
17,17,17,-96.56440146642797,39.099172741302176,2022-02-20 06:00:00,130.45599729537963,207.0280054092407,2022-02-20,US-xKZ,17,9.286200755207766,7.77433701027803,36.616095767544174,30.654718329006705,1.4040227272727273,53.88291666666667,US-xKZ,126,1,1,LC08_028033_20220220,-96.5630090777376,39.1008346245778,2022-02-20 17:06:49.494999808,0.0550899999999999,0.0699949999999999,0.0990625,0.1465274999999999,0.248305,0.3367725,0.2108499999999999,291.36395102,21824.0,0.1707528475,0.2577738661331071,0.1587785080569046,0.1706087452120928,291.36395102,0.1400715109405486,0.9514007151094056,0.9704622359861038,-96.56308348958768,39.10089118902015,-0.2577738761901855,0.2577738761901855,1,1,-0.4296386391933615,-291.36395102,291.36395102,294.16931271775604,-294.16931271775604,294.16931271775604,0.7479218611797949,0.4318072844825523,7.934466333312971,388.7673669961754,609.103714066447,0.7479218611797949,1.4928642646861332,0.4318072844825523,299.0147681089652,400.8130176777424,42.47505922144549,0.0078269775541638,0.721291721624771,205.8942932733588,8.880138238355906,1.5080724902364864,10.129970804850108,0.0078269775541638,0.721291721624771,0.8052063694760309,0.2694004476070404,-77.74127197265625,0.2238733577104489,1.1243597834810195,152.4436651829382,0.4254186908907398,1,-96.5630090777376,39.1008346245778,74.98673831778078,12.949847155666138,28.92475188113217,4.844254378576265,192.2453694508938,38.324560321649,-97.1363091750144,0.5078454613685608,422529,288.57142868,726680,39.08930318852049,-97.71710813342564,0.2037368714809417,335.9603879762103,51.70895109159388,299.02031582,2022-02-20 17:06:49.494999808+00:00,2022-02-20 17:00:00+00:00,90070.0,202202201100.0,202202201130.0,429.062864893982,4.17445647423309,427.888061163441,4.5625393237758,426.20198132567,4.77337180546686,427.800214473273,4.56724010732448,426.115159962382,4.75107291031182,428.43782820622,4.6255337068709,426.132658006289,4.80663057916104,428.11796280535,4.66223450274656,426.078474018182,4.81305576187683,9.35283838121365,13.6510958370409,220.740039925059,11.5933223760693,0.661305778152214,0.372052191202169,-0.22552195040557,0.146530240796599,12.9373498457195,-0.168990482767438,0.494743805635752,134.579847161205,8.11414106675586,432.0,168.0,1.54686079055701,8.06,6.24,1.86,12.57,11.82,4.69,221.59,220.3,198.57,12.5501,12.786,12.9243,13.689,15.6594,96.01602,31.66,9.9795,19.69,17.79,17.18,61.0,719.75,654.8,646.08,152.51,266.1,405.7,282.9,412.5,1307.67,1294.16,1277.31,1272.73,161.36,396.32,127.76,938.74,,,,,,,,,,,,,,,,,,,,,,,,,,,,,,,,,,,,,,,,,7.109,5.442,4.165,4.195,4.698,,,,7.914,,4.474,3.716,2.922,,,,,13.437,4.543,3.695,3.29,3.283,4.54,,6.955,,,4.612,4.176,3.406,3.712,,,5.101,5.013,7.032,6.384,5.684,5.145,5.574,5.397,,7.62,,,0.714,4.804,2.736,427.64,,0.0,0.0,0.0,0.0,0.0,2079.86950652174,2079.87267109091,2080.18177818182,2079.81811636364,US-xKZ,-96.5631,39.1008,381.0,KS,CST,GRA,Cfa,12.4,870.38,2022-02-20 11:00:00,11:00:00,51,0.2118930184091698,-0.0986698165477956,0.9883879895963636,-0.2616666666666666,957.2429486824744,0.7518989834196702,102.446657821711,1.4542573297161885,0.4604178705881452,5.140396152279773,725.8386008926185,0.1,0.0161148615533068,0.6840826569139687,1.461811653742541,-0.1243335776341534,-0.068599648566522,0.7988250300625491,0.6988250300625491,0.7759230958396461,2022-02-20 11:00:00-06:00,US-xKZ,0.6840822447001323,957.2423718679852,96.51240500401516,413.00000000000216,0.8391723908281898,0.7828827276180564,1.688435495392191,0.2480031371412154,-0.2653716694751108,1.42306382591708,0.0642102939414468,0.0976887684500825,3.754252427664371,234.8534730006892,84.6791410776573,290.00779029590035,42.69283133308302,28.86324139791875,20.394019751644876,72.3471258580211,75.10601210624266,-125.18121142623404,98.12336619488296,61.43408907256697,30
18,18,18,-96.56440146642797,39.099172741302176,2022-06-28 06:00:00,195.68400270462035,258.0760108184815,2022-06-28,US-xKZ,18,197.8899216018964,101.97674627331668,-2.915281516112293,-1.5023045189837718,2.885731707317073,192.3923913043478,US-xKZ,132,0,0,LC08_028033_20220628,-96.5630090777376,39.1008346245778,2022-06-28 17:07:02.216000000,0.0234649999999999,0.0282224999999999,0.0711499999999999,0.042275,0.4466075,0.1811225,0.0774475,302.95445684000003,21824.0,0.17239072,0.8270545580993388,0.6790533987308447,0.6133173051398927,302.95445684000003,2.242248873739211,0.972422488737392,0.9773994212833392,-96.56308348958768,39.10089118902015,-0.8270545601844788,0.8270545601844788,1,1,-0.7251609102717006,-302.95445684000003,302.95445684000003,306.07876003497825,-306.07876003497825,306.07876003497825,0.7604393527993049,1.5064847743341243,22.45522561420843,464.459057422175,920.1021545541188,0.7604393527993049,3.3881981367280387,1.5064847743341243,353.66613259341426,640.9389250734242,58.00506222532595,0.094216802283661,0.500261001553829,99.21024898534016,12.061427948463102,1.035848401252366,14.605703940831358,0.094216802283661,0.500261001553829,0.5899619447479593,0.2184861004352569,-65.83810424804688,0.7186222118335799,6.221256468254059,483.72361386275816,0.8298087393643273,0,-96.5630090777376,39.1008346245778,210.27396854523627,26.13419717606952,44.46271184686168,2.536101296000782,350.5722256264388,39.215312399638975,-96.72799112439635,0.9015815258026124,490626,301.33773338000003,763441,38.5689847807261,-97.0886904023653,0.2822349071502685,488.0695490576479,135.044756296646,322.17056528,2022-06-28 17:07:02.216000+00:00,2022-06-28 17:00:00+00:00,96216.0,202206281200.0,202206281230.0,380.105112686566,14.4141123127434,402.230969610077,15.1135728753258,400.317938942492,16.0582687670814,398.179372805569,16.3377978033705,400.852139631746,16.009866548196,396.720477834737,16.8160557456373,,,390.263989097206,18.901596959191,389.735709277955,19.9037842555484,5.68577885748166,9.43319942034038,204.858517892733,27.8623475457409,0.378335142695942,-25.7819519498423,0.248617155417131,-25.5333347944252,387.614152451837,-3.61838287560914,0.389693777560769,75.9210640964389,1.18972470601849,376.0,152.0,1.0892055335415,4.8,3.82,,8.39,7.57,,206.24,206.12,,25.839,,26.0442,26.4638,27.7541,97.38483,,,29.0,28.15,28.48,83.6,1027.06,995.5,980.05,203.95,368.4,466.2,390.3,481.3,2038.76,2050.06,2188.64,1843.0,119.49,532.13,372.57,698.86,,,,,,,,,,,,,,,,,,,,,,,,,,,,,,,,,,,,,,,,,25.864,24.413,21.896,21.558,21.551,20.291,19.284,17.731,15.793,25.91,24.404,22.307,22.162,21.607,20.467,19.125,17.614,,28.03,25.619,22.612,22.207,21.851,20.88,19.426,17.881,15.86,24.015,23.135,21.698,21.587,,,21.2,19.51,18.728,25.253,24.134,22.9,22.563,22.339,22.056,20.321,18.264,16.458,40.53,59.394,27.294,725.31,,0.0,0.0,0.0,0.0,0.0,1995.359991,1995.62264962264,,1996.03773886792,US-xKZ,-96.5631,39.1008,381.0,KS,CST,GRA,Cfa,12.4,870.38,2022-06-28 12:00:00,12:00:00,179,0.1985765193854302,0.200272896580822,1.0168768530860348,0.0,1171.4959062441385,0.8767081425771212,102.446657821711,3.3295803302492977,,,888.2982052994264,0.1,,0.8861535551430331,1.1284725928099348,,,,,,2022-06-28 12:00:00-05:00,US-xKZ,0.8861532752512558,1171.4955362269227,96.51240500401512,413.00000000000216,0.0,-0.35,2.5505231724240174,0.1681654819980897,0.0963319189016129,2.64685509132563,0.0642102939414467,0.200076670054483,1.661090905883981,496.6003258030343,190.6099695169196,379.8277793840991,12.807399662911,21.55520960416597,8.550132158166871,135.30173258317032,250.55986442603145,-219.69072969296303,54.8718686090029,23.463065296115904,30
